Track URI,Track Name,Album Name,Artist Name(s),Release Date,Duration (ms),Popularity,Explicit,Added By,Added At,Genres,Record Label,Danceability,Energy,Key,Loudness,Mode,Speechiness,Acousticness,Instrumentalness,Liveness,Valence,Tempo,Time Signature
spotify:track:68wcwjbCqTj43MD6kLvJr0,"그렇게, 나도 모르게","삶의 향기","권나무",2025-09-03,398677,22,false,313szxy7vswousphfmoumend57fe,2026-02-05T05:30:42Z,"한국 록","권나무 KwonTree",0.608,0.326,4,-9.971,1,0.0303,0.877,0.0000152,0.105,0.262,120.875,4
spotify:track:6QMXAwFmfYrjh98Wl8rXHJ,"투정 여행","삶의 향기","권나무",2025-09-03,310384,16,false,313szxy7vswousphfmoumend57fe,2026-02-05T05:30:42Z,"한국 록","권나무 KwonTree",0.586,0.234,3,-12.216,1,0.0315,0.936,0.0298,0.243,0.176,106.064,4
spotify:track:3xGRhZX23ya0nUpgJdNu3o,"너의 마음속에","삶의 향기","권나무",2025-09-03,179230,15,false,313szxy7vswousphfmoumend57fe,2026-02-05T05:30:42Z,"한국 록","권나무 KwonTree",0.62,0.156,1,-15.738,1,0.0366,0.888,0.000261,0.0848,0.256,77.938,4
spotify:track:7kpOs8HTsq6gff4XKt6XZb,"잃어버린 게 너무 많아서","삶의 향기","권나무",2025-09-03,290624,14,false,313szxy7vswousphfmoumend57fe,2026-02-05T05:30:42Z,"한국 록","권나무 KwonTree",0.593,0.199,1,-11.168,1,0.0321,0.908,0.00296,0.106,0.375,117.84,4
spotify:track:0qN1R5EwBb9UmgjqeowRqZ,"두 마음","삶의 향기","권나무",2025-09-03,216880,14,false,313szxy7vswousphfmoumend57fe,2026-02-05T05:30:42Z,"한국 록","권나무 KwonTree",0.515,0.241,2,-13.303,1,0.0399,0.928,0.0333,0.117,0.313,118.662,4
spotify:track:6gbXOwDZW3Ig1Hk5FD7b0y,"어디에서도","삶의 향기","권나무",2025-09-03,274020,16,false,313szxy7vswousphfmoumend57fe,2026-02-05T05:30:42Z,"한국 록","권나무 KwonTree",0.578,0.178,7,-11.814,1,0.0344,0.949,0.137,0.178,0.212,98.412,4
spotify:track:7AxN5jHXGXaKW7ps4arHM9,"가까이에","삶의 향기","권나무",2025-09-03,315173,16,false,313szxy7vswousphfmoumend57fe,2026-02-05T05:30:42Z,"한국 록","권나무 KwonTree",0.488,0.212,11,-9.541,1,0.0345,0.889,0.0000027,0.118,0.298,116.609,4
spotify:track:6fkj346tsqVSJci0JH5r3W,"잠든 너를 보고 있으면","삶의 향기","권나무",2025-09-03,281770,15,false,313szxy7vswousphfmoumend57fe,2026-02-05T05:30:42Z,"한국 록","권나무 KwonTree",0.606,0.153,11,-15.169,1,0.0314,0.932,0.0595,0.136,0.131,112.789,4
spotify:track:1yaBjY5VU59CwGeVTN7JaL,"새해","삶의 향기","권나무",2025-09-03,481518,11,false,313szxy7vswousphfmoumend57fe,2026-02-05T05:30:42Z,"한국 록","권나무 KwonTree",0.389,0.283,1,-12.096,1,0.03,0.907,0.0708,0.139,0.27,132.597,4
spotify:track:5l24Oj7wqQvl3R36zq5umt,"청춘","삶의 향기","권나무",2025-09-03,481636,11,false,313szxy7vswousphfmoumend57fe,2026-02-05T05:30:42Z,"한국 록","권나무 KwonTree",0.569,0.283,7,-8.548,1,0.0334,0.83,0.0000116,0.109,0.122,110.741,4
spotify:track:3KOO9gYN825waotCwZEwa4,"잔상","삶의 향기","권나무",2025-09-03,171500,10,false,313szxy7vswousphfmoumend57fe,2026-02-05T05:30:42Z,"한국 록","권나무 KwonTree",0.567,0.167,7,-15.493,1,0.0312,0.924,0.000122,0.116,0.246,75.976,4
spotify:track:1Jby95zuOu6PkQouYVxHc2,"생활 (우리에게 intro)","삶의 향기","권나무",2025-09-03,88752,9,false,313szxy7vswousphfmoumend57fe,2026-02-05T05:30:42Z,"한국 록","권나무 KwonTree",0.438,0.265,5,-14.975,0,0.0439,0.919,0.579,0.323,0.0962,92.668,4
spotify:track:6PUly5i4zpyLwMlGz5X484,"우리에게","삶의 향기","권나무",2025-09-03,371416,12,false,313szxy7vswousphfmoumend57fe,2026-02-05T05:30:42Z,"한국 록","권나무 KwonTree",0.475,0.44,8,-9.567,1,0.0291,0.846,0.000111,0.154,0.282,98.811,4
spotify:track:41ivC4q87XwbO4SKLgLt4m,"MORE HYPER","pullup to busan 4 morE hypEr summEr it’s gonna bE a fuckin moviE","Effie",2025-08-01,119254,40,false,313szxy7vswousphfmoumend57fe,2026-02-05T05:31:08Z,"하이퍼팝,한국 랩,일렉트로클래시","Effie",0.706,0.751,9,-0.63,0,0.094,0.00294,0.000299,0.0695,0.684,160.996,4
spotify:track:39EtxasE5D93SotSPXSoO3,"2025기침","pullup to busan 4 morE hypEr summEr it’s gonna bE a fuckin moviE","Effie;ian kumming",2025-08-01,146751,39,false,313szxy7vswousphfmoumend57fe,2026-02-05T05:31:08Z,"하이퍼팝,한국 랩,일렉트로클래시","Effie",0.572,0.888,8,-1.721,1,0.0452,0.00093,0.00438,0.373,0.539,156.929,4
spotify:track:12mcwm60QZRzTOCPv40AT8,"CAN I SIP 담배","pullup to busan 4 morE hypEr summEr it’s gonna bE a fuckin moviE","Effie",2025-08-01,137872,48,true,313szxy7vswousphfmoumend57fe,2026-02-05T05:31:08Z,"하이퍼팝,한국 랩,일렉트로클래시","Effie",0.649,0.684,1,-2.459,1,0.0911,0.00602,0.0000101,0.139,0.903,141.231,4
spotify:track:7tXoQ1pVNjeG475XTYVgPT,"LET'S FIND A GOOD MANAGER","pullup to busan 4 morE hypEr summEr it’s gonna bE a fuckin moviE","Effie",2025-08-01,127692,43,false,313szxy7vswousphfmoumend57fe,2026-02-05T05:31:08Z,"하이퍼팝,한국 랩,일렉트로클래시","Effie",0.501,0.931,5,-0.496,1,0.045,0.00793,0.00000173,0.173,0.662,156.188,4
spotify:track:2AXo959dEaHuIBvEGHzxE8,"MAKGEOLLI BANGER","pullup to busan 4 morE hypEr summEr it’s gonna bE a fuckin moviE","Effie",2025-08-01,167482,53,false,313szxy7vswousphfmoumend57fe,2026-02-05T05:31:08Z,"하이퍼팝,한국 랩,일렉트로클래시","Effie",0.543,0.965,0,-0.131,0,0.0499,0.00795,0,0.263,0.404,139.026,4
spotify:track:5Z9CVdTd1203WETa9teAUA,"thankie thankie","pullup to busan 4 morE hypEr summEr it’s gonna bE a fuckin moviE","Effie",2025-08-01,104186,36,false,313szxy7vswousphfmoumend57fe,2026-02-05T05:31:08Z,"하이퍼팝,한국 랩,일렉트로클래시","Effie",0.552,0.79,10,-5.058,0,0.187,0.928,0.661,0.623,0.648,123.168,4
spotify:track:3DT8ElLzpPJSESncJ832g8,"낮은 신","심장의 펌핑은 고문질","huijun woo",2025-04-17,101750,25,false,313szxy7vswousphfmoumend57fe,2026-02-05T05:31:23Z,"인디 R&B,한국 록","huijun woo",0.839,0.46,7,-9.885,1,0.0476,0.316,0.78,0.106,0.865,136.978,4
spotify:track:0efxca7hZNsdFE4E4cpJDH,"굽","심장의 펌핑은 고문질","huijun woo",2025-04-17,195250,23,false,313szxy7vswousphfmoumend57fe,2026-02-05T05:31:23Z,"인디 R&B,한국 록","huijun woo",0.299,0.517,11,-6.018,1,0.032,0.211,0.00027,0.488,0.358,140.07,4
spotify:track:0uzneFHAJ2HiDCAb3XARhC,"맨몸","심장의 펌핑은 고문질","huijun woo",2025-04-17,162750,23,false,313szxy7vswousphfmoumend57fe,2026-02-05T05:31:23Z,"인디 R&B,한국 록","huijun woo",0.47,0.897,9,-4.943,1,0.0718,0.000747,0.00000213,0.127,0.416,125.002,4
spotify:track:6JumxGRFc2NkWc22KiDbBR,"노력","심장의 펌핑은 고문질","huijun woo",2025-04-17,232250,24,false,313szxy7vswousphfmoumend57fe,2026-02-05T05:31:23Z,"인디 R&B,한국 록","huijun woo",0.489,0.679,2,-5.596,1,0.03,0.00298,0.0000845,0.21,0.474,109.869,4
spotify:track:1iCuXiFJzh50lCyIQGFlhU,"조용하고 고요하고 아름다운 소리","심장의 펌핑은 고문질","huijun woo",2025-04-17,206000,22,false,313szxy7vswousphfmoumend57fe,2026-02-05T05:31:23Z,"인디 R&B,한국 록","huijun woo",0.579,0.708,11,-5.669,1,0.0291,0.0242,0.00511,0.113,0.682,105.964,4
spotify:track:0vuBPXRWTpVW9AcY5JS8RR,"나 같은 아이라면은","심장의 펌핑은 고문질","huijun woo",2025-04-17,255500,20,false,313szxy7vswousphfmoumend57fe,2026-02-05T05:31:23Z,"인디 R&B,한국 록","huijun woo",0.633,0.304,7,-7.354,1,0.0305,0.935,0.000572,0.141,0.223,84.709,4
spotify:track:0Izid77jbgnYGpzV42h5fj,"넓은 집","심장의 펌핑은 고문질","huijun woo",2025-04-17,230500,28,false,313szxy7vswousphfmoumend57fe,2026-02-05T05:31:23Z,"인디 R&B,한국 록","huijun woo",0.417,0.398,4,-6.174,1,0.0391,0.914,0,0.157,0.175,91.66,4
spotify:track:3YXdjkkhsgs9Iei3dRulsh,"악다구니","심장의 펌핑은 고문질","huijun woo",2025-04-17,311000,20,false,313szxy7vswousphfmoumend57fe,2026-02-05T05:31:23Z,"인디 R&B,한국 록","huijun woo",0.437,0.306,7,-10.092,1,0.027,0.873,0.208,0.327,0.3,159.48,4
spotify:track:2TBJ1Y7yzloXFS8OSvtYD1,"심장의 펌핑은 고문질","심장의 펌핑은 고문질","huijun woo",2025-04-17,635570,19,false,313szxy7vswousphfmoumend57fe,2026-02-05T05:31:23Z,"인디 R&B,한국 록","huijun woo",0.448,0.462,7,-6.899,1,0.0307,0.616,0.522,0.243,0.183,126.331,4
spotify:track:1YqkIOqkRswK3ACA2rmXAT,"SINNY SINNY","EROS","LEE CHANHYUK",2025-07-14,219696,41,false,313szxy7vswousphfmoumend57fe,2026-02-05T05:31:42Z,"K-발라드","YG Entertainment",0.538,0.621,7,-6.995,1,0.0619,0.449,0,0.0898,0.355,139.892,4
spotify:track:3huLTQTwJEtHJS1aM7hiaD,"돌아버렸어","EROS","LEE CHANHYUK",2025-07-14,195955,41,false,313szxy7vswousphfmoumend57fe,2026-02-05T05:31:42Z,"K-발라드","YG Entertainment",0.756,0.646,10,-5.704,0,0.027,0.27,0.0116,0.106,0.966,105.984,4
spotify:track:6jl91VgNuRjpwO0MJQw29F,"비비드라라러브","EROS","LEE CHANHYUK",2025-07-14,240081,48,false,313szxy7vswousphfmoumend57fe,2026-02-05T05:31:42Z,"K-발라드","YG Entertainment",0.647,0.734,2,-6.6,0,0.0523,0.0211,0.00145,0.101,0.849,169.923,4
spotify:track:4rCzwq3ptAcjyAqppDYt4W,"TV Show","EROS","LEE CHANHYUK",2025-07-14,209697,33,false,313szxy7vswousphfmoumend57fe,2026-02-05T05:31:42Z,"K-발라드","YG Entertainment",0.779,0.646,5,-6.396,1,0.0352,0.181,0.00115,0.0485,0.668,105.978,4
spotify:track:06o2o3TpyR8eGU2ANK21Lp,"멸종위기사랑","EROS","LEE CHANHYUK",2025-07-14,220202,63,false,313szxy7vswousphfmoumend57fe,2026-02-05T05:31:42Z,"K-발라드","YG Entertainment",0.902,0.79,8,-4.21,1,0.0512,0.245,0.0000701,0.0297,0.965,115.045,4
spotify:track:0htBsw5jVIVoE8fgFqdrhh,"Eve","EROS","LEE CHANHYUK",2025-07-14,300747,38,false,313szxy7vswousphfmoumend57fe,2026-02-05T05:31:42Z,"K-발라드","YG Entertainment",0.482,0.766,7,-4.736,1,0.0304,0.151,0.0000312,0.268,0.51,169.979,4
spotify:track:6MjpxhcHHGzO8AVjkqex4A,"Andrew","EROS","LEE CHANHYUK",2025-07-14,227970,36,false,313szxy7vswousphfmoumend57fe,2026-02-05T05:31:42Z,"K-발라드","YG Entertainment",0.62,0.481,11,-8.83,0,0.0294,0.0125,0.128,0.0853,0.181,124.023,4
spotify:track:7JJ8kGLevuR364BrGTA3Ew,"꼬리","EROS","LEE CHANHYUK",2025-07-14,249356,31,false,313szxy7vswousphfmoumend57fe,2026-02-05T05:31:42Z,"K-발라드","YG Entertainment",0.684,0.479,2,-6.969,1,0.0253,0.464,0.113,0.0807,0.348,81.979,4
spotify:track:7jUUHXJUTvjNipbznTPm3z,"빛나는 세상","EROS","LEE CHANHYUK",2025-07-14,239349,29,false,313szxy7vswousphfmoumend57fe,2026-02-05T05:31:42Z,"K-발라드","YG Entertainment",0.244,0.316,2,-10.288,1,0.0302,0.943,0.744,0.0896,0.128,87.776,3
spotify:track:2RENZFrMGuOtr162uKsjOn,"Intro : JANE with FKJ","Ruby","제니;FKJ",2025-03-07,98255,34,false,313szxy7vswousphfmoumend57fe,2026-02-05T05:32:20Z,"케이팝","Columbia Records, a Division of Sony Music Entertainment, under exclusive license from OA ENTERTAINMENT, INC.",0.569,0.28,7,-12.5,0,0.0435,0.849,0.731,0.176,0.568,196.02,4
spotify:track:0DC62SYIRKMFgx2f7OyvwD,"like JENNIE","Ruby","제니",2025-03-07,123517,54,true,313szxy7vswousphfmoumend57fe,2026-02-05T05:32:20Z,"케이팝","Columbia Records, a Division of Sony Music Entertainment, under exclusive license from OA ENTERTAINMENT, INC.",0.811,0.743,10,-5.321,0,0.061,0.281,0.00671,0.0863,0.814,130.019,4
spotify:track:4YoN6sOtjWgbtB2jKgLPHL,"start a war","Ruby","제니",2025-03-07,165066,38,true,313szxy7vswousphfmoumend57fe,2026-02-05T05:32:20Z,"케이팝","Columbia Records, a Division of Sony Music Entertainment, under exclusive license from OA ENTERTAINMENT, INC.",0.485,0.686,10,-5.449,1,0.0576,0.107,0,0.217,0.313,127.24,4
spotify:track:2eOXb8aSpBUQLSk1sTBPEK,"Handlebars (feat. Dua Lipa)","Ruby","제니;Dua Lipa",2025-03-07,184698,44,true,313szxy7vswousphfmoumend57fe,2026-02-05T05:32:20Z,"케이팝,팝","Columbia Records, a Division of Sony Music Entertainment, under exclusive license from OA ENTERTAINMENT, INC.",0.51,0.855,2,-4.208,1,0.0426,0.00377,0,0.0524,0.669,152.018,4
spotify:track:0wQASbxN6UbZXZhKXvuczj,"with the IE (way up)","Ruby","제니",2025-03-07,163899,42,true,313szxy7vswousphfmoumend57fe,2026-02-05T05:32:20Z,"케이팝","Columbia Records, a Division of Sony Music Entertainment, under exclusive license from OA ENTERTAINMENT, INC.",0.736,0.809,1,-1.408,1,0.19,0.0635,0.0000227,0.0495,0.797,89.971,4
spotify:track:3fN2swfuBHUljCyPlA8wBN,"ExtraL (feat. Doechii)","Ruby","제니;Doechii",2025-03-07,167754,44,true,313szxy7vswousphfmoumend57fe,2026-02-05T05:32:20Z,"케이팝","Columbia Records, a Division of Sony Music Entertainment, under exclusive license from OA ENTERTAINMENT, INC.",0.758,0.726,1,-6.452,1,0.1,0.0177,0.000168,0.192,0.699,139.932,4
spotify:track:0oYhOxvxd95jtTWXHkYsPh,"Mantra","Ruby","제니",2025-03-07,136627,46,true,313szxy7vswousphfmoumend57fe,2026-02-05T05:32:20Z,"케이팝","Columbia Records, a Division of Sony Music Entertainment, under exclusive license from OA ENTERTAINMENT, INC.",0.894,0.725,10,-4.984,0,0.0432,0.00434,0.0000115,0.0815,0.837,116.988,4
spotify:track:2DW9UqvL7vcG3qCGFUmvXp,"Love Hangover (feat. Dominic Fike)","Ruby","제니;Dominic Fike",2025-03-07,180129,44,true,313szxy7vswousphfmoumend57fe,2026-02-05T05:32:20Z,"케이팝","Columbia Records, a Division of Sony Music Entertainment, under exclusive license from OA ENTERTAINMENT, INC.",0.627,0.781,0,-6.011,0,0.227,0.121,0,0.133,0.581,147.691,4
spotify:track:76tWxLk4KWOw1Qd8dC5SdI,"ZEN","Ruby","제니",2025-03-07,201446,42,true,313szxy7vswousphfmoumend57fe,2026-02-05T05:32:20Z,"케이팝","Columbia Records, a Division of Sony Music Entertainment, under exclusive license from OA ENTERTAINMENT, INC.",0.685,0.753,6,-7.965,0,0.0516,0.0157,0.00292,0.253,0.205,107.984,4
spotify:track:3KldgsZmR6nCItrTrP8zbl,"Damn Right (feat. Childish Gambino & Kali Uchis)","Ruby","제니;Childish Gambino;Kali Uchis",2025-03-07,230171,38,true,313szxy7vswousphfmoumend57fe,2026-02-05T05:32:20Z,"케이팝","Columbia Records, a Division of Sony Music Entertainment, under exclusive license from OA ENTERTAINMENT, INC.",0.847,0.423,0,-8.24,0,0.0346,0.21,0,0.0996,0.384,116.997,4
spotify:track:6wbLxHGBCpTWIpLZ5L0Zuv,"F.T.S.","Ruby","제니",2025-03-07,152750,33,true,313szxy7vswousphfmoumend57fe,2026-02-05T05:32:20Z,"케이팝","Columbia Records, a Division of Sony Music Entertainment, under exclusive license from OA ENTERTAINMENT, INC.",0.359,0.661,9,-6.913,1,0.0671,0.715,0.00000214,0.141,0.375,179.701,3
spotify:track:4p3oOaC3Fo38tEXp3SR5DN,"Filter","Ruby","제니",2025-03-07,151776,35,true,313szxy7vswousphfmoumend57fe,2026-02-05T05:32:20Z,"케이팝","Columbia Records, a Division of Sony Music Entertainment, under exclusive license from OA ENTERTAINMENT, INC.",0.515,0.799,2,-6.283,1,0.1,0.00682,0.000213,0.21,0.141,187.002,3
spotify:track:3IPh4v7HFJ8Egba3lYNDrQ,"Seoul City","Ruby","제니",2025-03-07,164398,43,false,313szxy7vswousphfmoumend57fe,2026-02-05T05:32:20Z,"케이팝","Columbia Records, a Division of Sony Music Entertainment, under exclusive license from OA ENTERTAINMENT, INC.",0.665,0.545,5,-6.216,1,0.0481,0.0702,0.0000101,0.264,0.259,76.519,4
spotify:track:0rNCeIkEvz61X0oP48z6cC,"Starlight","Ruby","제니",2025-03-07,168457,34,true,313szxy7vswousphfmoumend57fe,2026-02-05T05:32:20Z,"케이팝","Columbia Records, a Division of Sony Music Entertainment, under exclusive license from OA ENTERTAINMENT, INC.",0.688,0.779,4,-5.6,1,0.0468,0.351,0,0.116,0.324,149.94,4
spotify:track:5rP5Mwcx5IYavwVTCmdVIK,"twin","Ruby","제니",2025-03-07,208909,35,false,313szxy7vswousphfmoumend57fe,2026-02-05T05:32:20Z,"케이팝","Columbia Records, a Division of Sony Music Entertainment, under exclusive license from OA ENTERTAINMENT, INC.",0.609,0.299,4,-9.571,1,0.0381,0.837,0,0.109,0.299,113.418,5
spotify:track:7njS3CJMVipXABvdDGoIZh,"작두","소수민족","CHUDAHYE CHAGIS",2025-06-13,268218,22,false,313szxy7vswousphfmoumend57fe,2026-02-05T05:32:39Z,"네오포크","SOSUMINJOK COMPANY",0.334,0.703,11,-7.253,0,0.066,0.031,0.547,0.106,0.325,108.575,3
spotify:track:0uyF5H79yO7lPTxufIlE9r,"사이에서","소수민족","CHUDAHYE CHAGIS",2025-06-13,312474,19,false,313szxy7vswousphfmoumend57fe,2026-02-05T05:32:39Z,"네오포크","SOSUMINJOK COMPANY",0.489,0.53,1,-11.093,1,0.0462,0.452,0.003,0.0888,0.487,133.946,4
spotify:track:1jPO4YkAM7jvVxKuUjV2Mq,"좋다 잘한다 좋다","소수민족","CHUDAHYE CHAGIS",2025-06-13,284669,19,false,313szxy7vswousphfmoumend57fe,2026-02-05T05:32:39Z,"네오포크","SOSUMINJOK COMPANY",0.532,0.517,7,-7.614,1,0.205,0.0326,0.0135,0.24,0.624,77.326,3
spotify:track:6X58kP8Q4TFWEnAnD7GpBl,"담불","소수민족","CHUDAHYE CHAGIS",2025-06-13,233423,20,false,313szxy7vswousphfmoumend57fe,2026-02-05T05:32:39Z,"네오포크","SOSUMINJOK COMPANY",0.74,0.355,8,-8.59,1,0.0685,0.594,0.0261,0.129,0.406,89.99,4
spotify:track:2x9ZTeimpfUSwuJ1JHsurO,"어영차","소수민족","CHUDAHYE CHAGIS",2025-06-13,326126,16,false,313szxy7vswousphfmoumend57fe,2026-02-05T05:32:39Z,"네오포크","SOSUMINJOK COMPANY",0.432,0.513,3,-7.293,1,0.0437,0.264,0.00135,0.108,0.387,114.281,4
spotify:track:75nTGVI08DqYOw8fVS9OmZ,"부귀덩덩","소수민족","CHUDAHYE CHAGIS",2025-06-13,330150,16,false,313szxy7vswousphfmoumend57fe,2026-02-05T05:32:39Z,"네오포크","SOSUMINJOK COMPANY",0.616,0.353,4,-7.604,0,0.0903,0.0169,0.0875,0.0826,0.624,171.818,4
spotify:track:28qws4MxILDcXcG835INKW,"허쎄","소수민족","CHUDAHYE CHAGIS",2025-06-13,212713,26,false,313szxy7vswousphfmoumend57fe,2026-02-05T05:32:39Z,"네오포크","SOSUMINJOK COMPANY",0.747,0.85,7,-7.332,1,0.0318,0.0562,0.0462,0.166,0.605,109.905,4
spotify:track:6NqzSJVggIOc8TMKTPTT4q,"너도먹고 물러가라","소수민족","CHUDAHYE CHAGIS",2025-06-13,277151,16,false,313szxy7vswousphfmoumend57fe,2026-02-05T05:32:39Z,"네오포크","SOSUMINJOK COMPANY",0.559,0.542,11,-8.791,1,0.0827,0.512,0.00625,0.124,0.706,128.087,4
spotify:track:1IktU65aIuyqobXcyg1GfQ,"니나니","소수민족","CHUDAHYE CHAGIS",2025-06-13,206824,14,false,313szxy7vswousphfmoumend57fe,2026-02-05T05:32:39Z,"네오포크","SOSUMINJOK COMPANY",0.771,0.165,11,-15.691,1,0.0333,0.783,0.072,0.11,0.64,109.873,3
spotify:track:0FKR7mQJnYqdEmHAMhgQjw,"Blue Valentine","Blue Valentine","NMIXX",2025-10-13,186000,64,false,313szxy7vswousphfmoumend57fe,2026-02-05T05:33:08Z,"케이팝","JYP Entertainment",0.593,0.857,9,-3.97,1,0.352,0.161,0,0.0914,0.547,159.462,4
spotify:track:0Izid77jbgnYGpzV42h5fj,"넓은 집","심장의 펌핑은 고문질","huijun woo",2025-04-17,230500,28,false,313szxy7vswousphfmoumend57fe,2026-02-05T05:33:21Z,"인디 R&B,한국 록","huijun woo",0.417,0.398,4,-6.174,1,0.0391,0.914,0,0.157,0.175,91.66,4
spotify:track:06o2o3TpyR8eGU2ANK21Lp,"멸종위기사랑","EROS","LEE CHANHYUK",2025-07-14,220202,63,false,313szxy7vswousphfmoumend57fe,2026-02-05T05:33:40Z,"K-발라드","YG Entertainment",0.902,0.79,8,-4.21,1,0.0512,0.245,0.0000701,0.0297,0.965,115.045,4
spotify:track:0DC62SYIRKMFgx2f7OyvwD,"like JENNIE","Ruby","제니",2025-03-07,123517,54,true,313szxy7vswousphfmoumend57fe,2026-02-05T05:33:53Z,"케이팝","Columbia Records, a Division of Sony Music Entertainment, under exclusive license from OA ENTERTAINMENT, INC.",0.811,0.743,10,-5.321,0,0.061,0.281,0.00671,0.0863,0.814,130.019,4
spotify:track:28qws4MxILDcXcG835INKW,"허쎄","소수민족","CHUDAHYE CHAGIS",2025-06-13,212713,26,false,313szxy7vswousphfmoumend57fe,2026-02-05T05:34:17Z,"네오포크","SOSUMINJOK COMPANY",0.747,0.85,7,-7.332,1,0.0318,0.0562,0.0462,0.166,0.605,109.905,4
spotify:track:1pKbRD6LFFxWJV5uLZdSJ7,"open ur eyes","E","Effie",2025-03-28,157714,37,false,313szxy7vswousphfmoumend57fe,2026-02-05T05:38:51Z,"하이퍼팝,한국 랩,일렉트로클래시","2025 A MASS CULTURE",0.677,0.636,8,-2.183,1,0.0533,0.015,0.000313,0.19,0.221,139.994,4
spotify:track:0FKR7mQJnYqdEmHAMhgQjw,"Blue Valentine","Blue Valentine","NMIXX",2025-10-13,186000,64,false,313szxy7vswousphfmoumend57fe,2026-02-05T05:39:14Z,"케이팝","JYP Entertainment",0.593,0.857,9,-3.97,1,0.352,0.161,0,0.0914,0.547,159.462,4
spotify:track:06o2o3TpyR8eGU2ANK21Lp,"멸종위기사랑","EROS","LEE CHANHYUK",2025-07-14,220202,63,false,313szxy7vswousphfmoumend57fe,2026-02-05T05:39:21Z,"K-발라드","YG Entertainment",0.902,0.79,8,-4.21,1,0.0512,0.245,0.0000701,0.0297,0.965,115.045,4
spotify:track:0DC62SYIRKMFgx2f7OyvwD,"like JENNIE","Ruby","제니",2025-03-07,123517,54,true,313szxy7vswousphfmoumend57fe,2026-02-05T05:39:32Z,"케이팝","Columbia Records, a Division of Sony Music Entertainment, under exclusive license from OA ENTERTAINMENT, INC.",0.811,0.743,10,-5.321,0,0.061,0.281,0.00671,0.0863,0.814,130.019,4
spotify:track:2aicRlZiaAEteaPsti8Hls,"시간을 달리네","자몽살구클럽","HANRORO",2025-08-04,236000,56,false,313szxy7vswousphfmoumend57fe,2026-02-05T05:39:59Z,"K-발라드,한국 록","authentic",0.492,0.695,2,-1.704,1,0.034,0.24,0.00000205,0.177,0.344,152.056,4
spotify:track:7Fo28nzhklLaZSEYOE6cSh,"불꽃놀이","01","gongwon",2025-03-27,201360,31,false,313szxy7vswousphfmoumend57fe,2026-02-05T05:40:48Z,"K-발라드,한국 록","아카이브아침",0.473,0.822,0,-4.907,1,0.0388,0.000339,0.00000366,0.407,0.189,109.947,4
spotify:track:1bCHgxDWzxxxhEIr47Vn2X,"B","LUCHADOR","RAKUNELAMA",2025-08-13,162285,33,false,313szxy7vswousphfmoumend57fe,2026-02-05T05:41:22Z,"","EMA Recordings",0.822,0.818,8,-4.243,0,0.0636,0.0425,0.000346,0.335,0.873,119.968,4
spotify:track:598bDTl82CSTSDnZG0XhGK,"FAMOUS","FAMOUS","ALLDAY PROJECT",2025-06-23,180353,61,false,313szxy7vswousphfmoumend57fe,2026-02-05T05:41:54Z,"케이팝","THEBLACKLABEL",0.782,0.761,9,-5.833,0,0.057,0.0708,0,0.106,0.485,119.977,4
spotify:track:0Izid77jbgnYGpzV42h5fj,"넓은 집","심장의 펌핑은 고문질","huijun woo",2025-04-17,230500,28,false,313szxy7vswousphfmoumend57fe,2026-02-05T05:42:07Z,"인디 R&B,한국 록","huijun woo",0.417,0.398,4,-6.174,1,0.0391,0.914,0,0.157,0.175,91.66,4
spotify:track:4hVUoyunNyTzh1deNc1V7L,"Radio Radio","Peach Truck Hijackers","Peach Truck Hijackers",2025-11-18,270520,18,false,313szxy7vswousphfmoumend57fe,2026-02-05T05:42:48Z,"한국 록","Peach Truck Hijackers",0.413,0.721,0,-5.695,1,0.0442,0.0000406,0.408,0.0578,0.677,169.874,4
spotify:track:7jri75Eu3GFhMa0rcDwbNL,"Unknown Fest","UBUBU","Wah Wah Wah;놀이도감",2025-09-24,198621,24,false,313szxy7vswousphfmoumend57fe,2026-02-05T05:43:53Z,"개러지 록,한국 록","Good Boy Records, ormdstudio",0.568,0.744,0,-4.114,1,0.0543,0.0202,0.0203,0.0948,0.765,77.475,4
spotify:track:5RyLhic6ZQacFk7V0LWKg0,"Broke","UBUBU","Wah Wah Wah;놀이도감",2025-09-24,138480,19,false,313szxy7vswousphfmoumend57fe,2026-02-05T05:43:53Z,"개러지 록,한국 록","Good Boy Records, ormdstudio",0.339,0.982,7,-4.956,1,0.0614,0.0000148,0.607,0.328,0.394,110,4
spotify:track:110fmD1UZunfVmFqrgMJ2o,"Uncertainty","UBUBU","Wah Wah Wah;놀이도감",2025-09-24,587285,23,false,313szxy7vswousphfmoumend57fe,2026-02-05T05:43:53Z,"개러지 록,한국 록","Good Boy Records, ormdstudio",0.309,0.74,2,-4.73,1,0.0452,0.0206,0.0536,0.516,0.352,119.987,4
spotify:track:0AQ1NFUHAtCWkOX8C2Ikyd,"Bucket Brigade","UBUBU","Wah Wah Wah;놀이도감",2025-09-24,166526,19,false,313szxy7vswousphfmoumend57fe,2026-02-05T05:43:53Z,"개러지 록,한국 록","Good Boy Records, ormdstudio",0.502,0.716,7,-5.035,1,0.037,0.118,0.0378,0.172,0.615,106.928,4
spotify:track:2222pdRwfIdzXRE8FTPys8,"Unseen Fist","UBUBU","Wah Wah Wah;놀이도감",2025-09-24,262750,17,false,313szxy7vswousphfmoumend57fe,2026-02-05T05:43:53Z,"개러지 록,한국 록","Good Boy Records, ormdstudio",0.334,0.966,7,-4.216,1,0.115,0.0000121,0.775,0.235,0.528,163.073,4
spotify:track:3ByGktOSPYajR9YOGJKqkc,"Voyeurist","Odyssey","YB",2025-02-26,268292,18,false,313szxy7vswousphfmoumend57fe,2026-02-05T05:44:08Z,"K-발라드,한국 록","Universal Music Ltd. Distributed Labels",0.451,0.975,2,-4.406,1,0.108,0.00000513,0.102,0.343,0.192,139.962,4
spotify:track:6PX9XFzdYQcQxikyGzQJah,"Orchid","Odyssey","YB",2025-02-26,419425,19,false,313szxy7vswousphfmoumend57fe,2026-02-05T05:44:08Z,"K-발라드,한국 록","Universal Music Ltd. Distributed Labels",0.44,0.905,9,-5.508,0,0.0583,0.0000674,0.284,0.047,0.0692,92.015,4
spotify:track:0uggesQXJQLUaZKCcVAAjj,"Stormborn","Odyssey","YB",2025-02-26,251504,20,false,313szxy7vswousphfmoumend57fe,2026-02-05T05:44:08Z,"K-발라드,한국 록","Universal Music Ltd. Distributed Labels",0.414,0.892,2,-5.142,1,0.0681,0.000182,0.214,0.341,0.151,81.895,4
spotify:track:3Wuke7oLz3OUMTIeHiWG6V,"End And End","Odyssey","YB",2025-02-26,239618,15,false,313szxy7vswousphfmoumend57fe,2026-02-05T05:44:08Z,"K-발라드,한국 록","Universal Music Ltd. Distributed Labels",0.501,0.955,2,-4.508,1,0.067,0.0000204,0.148,0.257,0.102,101.976,4
spotify:track:6CLsZXEXaOluoSm9fmrd04,"Rebellion","Odyssey","YB;Xdinary Heroes",2025-02-26,224500,33,false,313szxy7vswousphfmoumend57fe,2026-02-05T05:44:08Z,"K-발라드,한국 록,케이팝,노이즈 음악","Universal Music Ltd. Distributed Labels",0.489,0.979,2,-4.05,1,0.0985,0.0000263,0.00253,0.144,0.141,138.008,4
spotify:track:4uByZRg9FnjUdzFKqvppfW,"Daydream","Odyssey","YB",2025-02-26,288532,14,false,313szxy7vswousphfmoumend57fe,2026-02-05T05:44:08Z,"K-발라드,한국 록","Universal Music Ltd. Distributed Labels",0.487,0.846,2,-4.919,1,0.0841,0.000162,0.00546,0.0594,0.231,156.02,4
spotify:track:2S8dhO9HpJHEHPTEwQCCVd,"Voyeurist - Instrumental","Odyssey","YB",2025-02-26,267437,6,false,313szxy7vswousphfmoumend57fe,2026-02-05T05:44:08Z,"K-발라드,한국 록","Universal Music Ltd. Distributed Labels",0.454,0.978,2,-3.894,1,0.122,0.00000382,0.757,0.455,0.126,140.007,4
spotify:track:0al8OjzUJWUQ779pp4ZvB3,"Orchid - Instrumental","Odyssey","YB",2025-02-26,418812,5,false,313szxy7vswousphfmoumend57fe,2026-02-05T05:44:08Z,"K-발라드,한국 록","Universal Music Ltd. Distributed Labels",0.462,0.935,9,-6.368,0,0.0437,0.0000283,0.774,0.0897,0.0624,91.995,4
spotify:track:2Rkxg16NLttUUANMABlj8O,"Stormborn - Instrumental","Odyssey","YB",2025-02-26,255124,4,false,313szxy7vswousphfmoumend57fe,2026-02-05T05:44:08Z,"K-발라드,한국 록","Universal Music Ltd. Distributed Labels",0.404,0.931,7,-5.174,1,0.0852,0.0000476,0.793,0.336,0.131,163.965,4
spotify:track:4FKKZh8VPGrjFTpnBtVPQ7,"End And End - Instrumental","Odyssey","YB",2025-02-26,241000,4,false,313szxy7vswousphfmoumend57fe,2026-02-05T05:44:08Z,"K-발라드,한국 록","Universal Music Ltd. Distributed Labels",0.469,0.945,2,-5.152,1,0.0489,0.0000116,0.799,0.27,0.153,101.962,4
spotify:track:4S8XuHosOw3qXFtJyOfBdB,"Rebellion - Instrumental","Odyssey","YB",2025-02-26,222750,8,false,313szxy7vswousphfmoumend57fe,2026-02-05T05:44:08Z,"K-발라드,한국 록","Universal Music Ltd. Distributed Labels",0.466,0.981,2,-4.516,1,0.0677,0.0000138,0.86,0.184,0.278,138.009,4
spotify:track:3CAbZ3HKpn3uQwhTjRGbfD,"Daydream - Instrumental","Odyssey","YB",2025-02-26,288250,4,false,313szxy7vswousphfmoumend57fe,2026-02-05T05:44:08Z,"K-발라드,한국 록","Universal Music Ltd. Distributed Labels",0.474,0.885,2,-5.211,1,0.0464,0.0000568,0.809,0.0409,0.171,156.035,4
spotify:track:5zkb5XEOuUnqaRMkvqYHS0,"그 아이를 떠올렸다","GREENROOF","초록불꽃소년단",2025-09-20,50257,13,false,313szxy7vswousphfmoumend57fe,2026-02-05T05:44:25Z,"한국 록,미드웨스트 Emo,멜로딕 하드코어","Green Flame Boys",0.403,0.976,7,-4.003,1,0.0713,0.173,0,0.62,0.152,105.016,4
spotify:track:0GChWDdUjZop3fs2JO9rF5,"Fxxking Day","GREENROOF","초록불꽃소년단",2025-09-20,68243,13,false,313szxy7vswousphfmoumend57fe,2026-02-05T05:44:25Z,"한국 록,미드웨스트 Emo,멜로딕 하드코어","Green Flame Boys",0.425,0.979,6,-3.332,0,0.115,0.405,0,0.368,0.165,147.454,4
spotify:track:5tBAketXHe2fU76QP9A0ny,"썩은내","GREENROOF","초록불꽃소년단",2025-09-20,102603,12,false,313szxy7vswousphfmoumend57fe,2026-02-05T05:44:25Z,"한국 록,미드웨스트 Emo,멜로딕 하드코어","Green Flame Boys",0.507,0.986,2,-3.831,1,0.0864,0.0226,0,0.287,0.274,101.549,4
spotify:track:0jopvsi6ni1BJoFZnZPy13,"개청춘","GREENROOF","초록불꽃소년단",2025-09-20,197570,16,false,313szxy7vswousphfmoumend57fe,2026-02-05T05:44:25Z,"한국 록,미드웨스트 Emo,멜로딕 하드코어","Green Flame Boys",0.484,0.961,0,-2.747,1,0.0557,0.0235,0,0.398,0.616,109.832,4
spotify:track:6vcFFXd05tzPVVSGNJeZtm,"ハムガム☆パラダイス","GREENROOF","초록불꽃소년단",2025-09-20,90884,12,false,313szxy7vswousphfmoumend57fe,2026-02-05T05:44:25Z,"한국 록,미드웨스트 Emo,멜로딕 하드코어","Green Flame Boys",0.351,0.956,7,-5.369,1,0.0806,0.0187,0.0000258,0.142,0.515,82.966,4
spotify:track:5lvLVnjNvxZuflFB1h9N3x,"청춘펑크","GREENROOF","초록불꽃소년단",2025-09-20,179858,25,false,313szxy7vswousphfmoumend57fe,2026-02-05T05:44:25Z,"한국 록,미드웨스트 Emo,멜로딕 하드코어","Green Flame Boys",0.51,0.969,9,-4.59,1,0.0811,0.0598,0,0.346,0.388,102.046,4
spotify:track:7tDaIZYIdVT2zdKkUPTKaw,"진심","GREENROOF","초록불꽃소년단",2025-09-20,220544,24,false,313szxy7vswousphfmoumend57fe,2026-02-05T05:44:25Z,"한국 록,미드웨스트 Emo,멜로딕 하드코어","Green Flame Boys",0.254,0.995,4,-5.283,1,0.168,0.0687,0,0.38,0.0746,203.006,4
spotify:track:4FF88e18R0vxmpmSTUFM81,"살아갈게","GREENROOF","초록불꽃소년단",2025-09-20,215918,20,false,313szxy7vswousphfmoumend57fe,2026-02-05T05:44:25Z,"한국 록,미드웨스트 Emo,멜로딕 하드코어","Green Flame Boys",0.322,0.942,2,-3.87,1,0.0657,0.0111,0,0.19,0.38,174.068,4
spotify:track:1gLX82f6N02DCCeNZ9lcy7,"인생이란 단어는 왜 항상 슬픈걸까","GREENROOF","초록불꽃소년단",2025-09-20,290443,19,false,313szxy7vswousphfmoumend57fe,2026-02-05T05:44:25Z,"한국 록,미드웨스트 Emo,멜로딕 하드코어","Green Flame Boys",0.275,0.963,9,-4.063,1,0.0787,0.227,0.0000017,0.165,0.336,183.788,4
spotify:track:5v35eTNrUXiSC1wwoEYiYK,"밤하늘별","GREENROOF","초록불꽃소년단",2025-09-20,237226,16,false,313szxy7vswousphfmoumend57fe,2026-02-05T05:44:25Z,"한국 록,미드웨스트 Emo,멜로딕 하드코어","Green Flame Boys",0.574,0.783,4,-5.666,1,0.0301,0.0562,0,0.0756,0.859,132.107,4
spotify:track:3fMXg8I36O3UOsQLs4Xhvl,"눈을 감으면","GREENROOF","초록불꽃소년단",2025-09-20,663438,11,false,313szxy7vswousphfmoumend57fe,2026-02-05T05:44:25Z,"한국 록,미드웨스트 Emo,멜로딕 하드코어","Green Flame Boys",0.111,0.843,7,-6.157,1,0.0906,0.00762,0.00359,0.309,0.305,207.746,3
spotify:track:1CPH8WqTjAXPb1bXqp4hD3,"Too Young To Die","GREENROOF","초록불꽃소년단",2025-09-20,92824,9,false,313szxy7vswousphfmoumend57fe,2026-02-05T05:44:25Z,"한국 록,미드웨스트 Emo,멜로딕 하드코어","Green Flame Boys",0.382,0.661,0,-5.15,1,0.188,0.439,0,0.388,0.417,110.285,4
spotify:track:04nTwMHPrDGPfTyf4QL1oD,"술잔을 들고서 노래를 부르자","GREENROOF","초록불꽃소년단",2025-09-20,1190185,7,false,313szxy7vswousphfmoumend57fe,2026-02-05T05:44:25Z,"한국 록,미드웨스트 Emo,멜로딕 하드코어","Green Flame Boys",0.354,0.0000203,0,-10.255,1,0.052,0.731,0,0.357,0.315,119.051,4
spotify:track:0g4GgI0UEzc04VuWSRW2fT,"Compressed Annoyance","Peach Truck Hijackers","Peach Truck Hijackers",2025-11-18,176906,17,false,313szxy7vswousphfmoumend57fe,2026-02-05T05:44:34Z,"한국 록","Peach Truck Hijackers",0.368,0.829,2,-6.123,1,0.0511,0.00000881,0.544,0.124,0.253,159.992,4
spotify:track:4hVUoyunNyTzh1deNc1V7L,"Radio Radio","Peach Truck Hijackers","Peach Truck Hijackers",2025-11-18,270520,18,false,313szxy7vswousphfmoumend57fe,2026-02-05T05:44:34Z,"한국 록","Peach Truck Hijackers",0.413,0.721,0,-5.695,1,0.0442,0.0000406,0.408,0.0578,0.677,169.874,4
spotify:track:65ucr69xu8mpdCIsJG7ZpG,"Rubbish","Peach Truck Hijackers","Peach Truck Hijackers",2025-11-18,168013,14,false,313szxy7vswousphfmoumend57fe,2026-02-05T05:44:34Z,"한국 록","Peach Truck Hijackers",0.363,0.872,0,-4.666,1,0.0412,0.00023,0,0.314,0.353,164.89,4
spotify:track:4Uq5wddRmBPBD4RHjf9Itm,"Fuck You","Peach Truck Hijackers","Peach Truck Hijackers",2025-11-18,213813,16,false,313szxy7vswousphfmoumend57fe,2026-02-05T05:44:34Z,"한국 록","Peach Truck Hijackers",0.541,0.882,9,-5.604,1,0.0429,0.000977,0.000337,0.0839,0.616,154.999,4
spotify:track:0l7oWWnivURT0r6aUmy8bS,"뒤틀린 입이라도","Peach Truck Hijackers","Peach Truck Hijackers",2025-11-18,175466,19,false,313szxy7vswousphfmoumend57fe,2026-02-05T05:44:34Z,"한국 록","Peach Truck Hijackers",0.413,0.893,2,-4.447,0,0.0907,0.000407,0.0000233,0.139,0.823,174.814,4
spotify:track:1pGw5PuQLA2MyDIsVoYlNX,"What Am I To Do","Peach Truck Hijackers","Peach Truck Hijackers",2025-11-18,225546,12,false,313szxy7vswousphfmoumend57fe,2026-02-05T05:44:34Z,"한국 록","Peach Truck Hijackers",0.245,0.792,2,-4.743,1,0.0541,0.00118,0,0.471,0.47,170.829,4
spotify:track:43t01LuER7DEIzFSxvq5xm,"From Your Dead Body","Peach Truck Hijackers","Peach Truck Hijackers",2025-11-18,285960,11,false,313szxy7vswousphfmoumend57fe,2026-02-05T05:44:34Z,"한국 록","Peach Truck Hijackers",0.489,0.927,6,-4.539,0,0.0375,0.0000527,0.000155,0.134,0.442,99.936,4
spotify:track:2uqVT1OSyJQqz9T5lKTmui,"Wrong Bus Adventure","Peach Truck Hijackers","Peach Truck Hijackers",2025-11-18,298946,11,false,313szxy7vswousphfmoumend57fe,2026-02-05T05:44:34Z,"한국 록","Peach Truck Hijackers",0.643,0.708,9,-6.344,1,0.0317,0.0948,0.00581,0.109,0.127,119.994,4
spotify:track:5Y7MVxYpCmDLsT8jHUS5Ke,"Two Songs","Peach Truck Hijackers","Peach Truck Hijackers",2025-11-18,362853,11,false,313szxy7vswousphfmoumend57fe,2026-02-05T05:44:34Z,"한국 록","Peach Truck Hijackers",0.197,0.796,9,-5.384,1,0.0594,0.000267,0.266,0.3,0.191,149.738,4
spotify:track:1ZqbikgMWpelUtIZ0O0rzt,"Dreamgazi","Peach Truck Hijackers","Peach Truck Hijackers",2025-11-18,208853,10,false,313szxy7vswousphfmoumend57fe,2026-02-05T05:44:34Z,"한국 록","Peach Truck Hijackers",0.36,0.91,2,-4.636,1,0.0445,0.000144,0.619,0.397,0.584,159.995,4
spotify:track:135gyYI8MukV8Ny5c63vWP,"이어도 (파랑도)","Fly Again","BAE CHUL SOO",2025-03-04,193080,6,false,313szxy7vswousphfmoumend57fe,2026-02-05T05:44:54Z,"K-발라드,한국 록","BAE CHUL SOO",0.627,0.781,11,-7.378,0,0.0385,0.0212,0.00314,0.291,0.662,131.965,4
spotify:track:110fmD1UZunfVmFqrgMJ2o,"Uncertainty","UBUBU","Wah Wah Wah;놀이도감",2025-09-24,587285,23,false,313szxy7vswousphfmoumend57fe,2026-02-05T05:45:11Z,"개러지 록,한국 록","Good Boy Records, ormdstudio",0.309,0.74,2,-4.73,1,0.0452,0.0206,0.0536,0.516,0.352,119.987,4
spotify:track:3eLda4hLxJFwBQPiByRt0H,"Apocalypse","Herman","유인원",2025-02-22,204086,15,false,313szxy7vswousphfmoumend57fe,2026-02-05T05:45:20Z,"한국 록","유인원",0.637,0.802,7,-4.228,1,0.0569,0.00331,0.0616,0.396,0.42,100.032,4
spotify:track:6SETwOgYmyKKjzz8uNT7SC,"PunKanon","PunKanon","이승윤",2025-08-13,283000,42,false,313szxy7vswousphfmoumend57fe,2026-02-05T05:45:33Z,"한국 록,K-발라드","MAREUMO",0.336,0.985,0,-3.082,1,0.167,0.000355,0,0.259,0.0955,96.29,4
spotify:track:7tDaIZYIdVT2zdKkUPTKaw,"진심","GREENROOF","초록불꽃소년단",2025-09-20,220544,24,false,313szxy7vswousphfmoumend57fe,2026-02-05T05:45:43Z,"한국 록,미드웨스트 Emo,멜로딕 하드코어","Green Flame Boys",0.254,0.995,4,-5.283,1,0.168,0.0687,0,0.38,0.0746,203.006,4
spotify:track:1ZYYY73o8uCkppJ0tb64Gi,"도시괴담","VOL.07","Gogohawk",2025-03-05,220200,18,false,313szxy7vswousphfmoumend57fe,2026-02-05T05:46:00Z,"한국 록","Gogohawk",0.41,0.726,2,-4.212,1,0.0332,0.0427,0.00107,0.308,0.355,97.918,4
spotify:track:6I64Lew4eD1dxy0pBaWqSn,"우물","VOL.07","Gogohawk",2025-03-05,280589,17,false,313szxy7vswousphfmoumend57fe,2026-02-05T05:46:00Z,"한국 록","Gogohawk",0.632,0.559,0,-7.706,1,0.0316,0.205,0.639,0.135,0.667,95.047,4
spotify:track:7KE80Djfl8WR02D89E1hXS,"Trauma","VOL.07","Gogohawk",2025-03-05,244150,24,false,313szxy7vswousphfmoumend57fe,2026-02-05T05:46:00Z,"한국 록","Gogohawk",0.376,0.779,4,-4.743,0,0.0375,0.00271,0.000897,0.0687,0.231,86.001,4
spotify:track:5NZAZJouDsc7jQOvZkoU51,"미래소년","VOL.07","Gogohawk",2025-03-05,324641,20,false,313szxy7vswousphfmoumend57fe,2026-02-05T05:46:00Z,"한국 록","Gogohawk",0.572,0.68,9,-5.625,0,0.0724,0.095,0.21,0.0765,0.449,91.887,4
spotify:track:0t23wVYSawrG6U9bR9B9Te,"광야","VOL.07","Gogohawk",2025-03-05,349935,10,false,313szxy7vswousphfmoumend57fe,2026-02-05T05:46:00Z,"한국 록","Gogohawk",0.253,0.772,9,-5.018,1,0.0497,0.00178,0.0000479,0.191,0.298,111.046,3
spotify:track:3xDM2v4APndETpON5ZJ6On,"감","VOL.07","Gogohawk",2025-03-05,260127,19,false,313szxy7vswousphfmoumend57fe,2026-02-05T05:46:00Z,"한국 록","Gogohawk",0.661,0.662,2,-6.018,0,0.0316,0.418,0.72,0.267,0.755,121.979,4
spotify:track:5OtvImZGuMq4mi2WudsW7S,"KHAKI LIGHTS","VOL.07","Gogohawk",2025-03-05,239456,9,false,313szxy7vswousphfmoumend57fe,2026-02-05T05:46:00Z,"한국 록","Gogohawk",0.426,0.461,7,-9.942,1,0.029,0.86,0.576,0.123,0.117,104.962,4
spotify:track:6zoCAQMTbtdcoEqVmmHJh6,"내향형","VOL.07","Gogohawk",2025-03-05,239339,13,false,313szxy7vswousphfmoumend57fe,2026-02-05T05:46:00Z,"한국 록","Gogohawk",0.502,0.366,2,-8.156,1,0.0283,0.844,0,0.0983,0.173,129.816,4
spotify:track:1XkDnvVTy7c9mMCjkOqccl,"Time is Not Yours","Time is Not Yours","세이수미",2025-04-30,231960,10,false,313szxy7vswousphfmoumend57fe,2026-02-05T05:46:23Z,"드림 팝,쟁글 팝","Damnably & Beach Town Music",0.439,0.881,3,-5.498,1,0.033,0.000316,0.00338,0.0672,0.9,160.994,4
spotify:track:1H2m28QSOiswK1xCRmrvn4,"Vacation","Time is Not Yours","세이수미;Kim Hanjoo",2025-04-30,257053,8,false,313szxy7vswousphfmoumend57fe,2026-02-05T05:46:23Z,"드림 팝,쟁글 팝","Damnably & Beach Town Music",0.422,0.725,3,-4.641,1,0.0267,0.00262,0.041,0.163,0.851,166.182,4
spotify:track:5sMwdix9cfEHbOTX5jArau,"In This Mess","Time is Not Yours","세이수미",2025-04-30,395480,5,false,313szxy7vswousphfmoumend57fe,2026-02-05T05:46:23Z,"드림 팝,쟁글 팝","Damnably & Beach Town Music",0.352,0.91,8,-5.278,1,0.0733,0.00461,0.539,0.351,0.3,146.057,4
spotify:track:3vYB0SowwjSuDCXY6MNGtm,"Mexico","Time is Not Yours","세이수미",2025-04-30,249893,4,false,313szxy7vswousphfmoumend57fe,2026-02-05T05:46:23Z,"드림 팝,쟁글 팝","Damnably & Beach Town Music",0.363,0.902,8,-6.008,1,0.049,0.0000285,0.715,0.0675,0.512,149.998,4
spotify:track:7FgrwDmr78TwoNbrZZof0N,"Bone Pink","Time is Not Yours","세이수미",2025-04-30,215720,4,false,313szxy7vswousphfmoumend57fe,2026-02-05T05:46:23Z,"드림 팝,쟁글 팝","Damnably & Beach Town Music",0.68,0.504,4,-9.209,1,0.0284,0.775,0,0.11,0.424,109.968,4
spotify:track:2ROatShkw88jX58me3MevN,"Intro: 빛나는 스트라이크","빛나는 스트라이크","Shin In Ryu",2025-04-08,70413,26,false,313szxy7vswousphfmoumend57fe,2026-02-05T05:46:35Z,"한국 록","RAFTERS",0.511,0.544,8,-6.835,1,0.0425,0.0154,0.729,0.357,0.561,112.058,5
spotify:track:0jVj941a8TD4WwEnEuvlWA,"리턴 투 피크닉","빛나는 스트라이크","Shin In Ryu",2025-04-08,184704,35,false,313szxy7vswousphfmoumend57fe,2026-02-05T05:46:35Z,"한국 록","RAFTERS",0.444,0.467,5,-8.082,0,0.0349,0.27,0.00254,0.185,0.425,168.061,4
spotify:track:1QTNu4oLK5BVtGHZrS8V42,"미완성 효과","빛나는 스트라이크","Shin In Ryu",2025-04-08,222000,39,false,313szxy7vswousphfmoumend57fe,2026-02-05T05:46:35Z,"한국 록","RAFTERS",0.814,0.591,3,-6.239,1,0.0382,0.664,0.00000101,0.146,0.528,106.898,4
spotify:track:28kaYPYq2Tb7RN8yxsybS0,"이상하고 아름다운","빛나는 스트라이크","Shin In Ryu",2025-04-08,213000,34,false,313szxy7vswousphfmoumend57fe,2026-02-05T05:46:35Z,"한국 록","RAFTERS",0.392,0.606,5,-4.789,1,0.0383,0.384,0.000007,0.0884,0.258,134.691,3
spotify:track:2INcfz8rl9wZDx509wKfTw,"Huf","빛나는 스트라이크","Shin In Ryu",2025-04-08,254000,32,false,313szxy7vswousphfmoumend57fe,2026-02-05T05:46:35Z,"한국 록","RAFTERS",0.632,0.787,2,-4.991,1,0.0414,0.0865,0.00105,0.235,0.609,120.003,4
spotify:track:6Ym5GRk2N3L7RF7JzSs9jN,"정면돌파","빛나는 스트라이크","Shin In Ryu",2025-04-08,254000,36,false,313szxy7vswousphfmoumend57fe,2026-02-05T05:46:35Z,"한국 록","RAFTERS",0.654,0.818,6,-3.884,1,0.0285,0.0685,0.000388,0.402,0.301,113.885,4
spotify:track:0zZFracYMQS2ARDV5QruP6,"Kaibutsu","빛나는 스트라이크","Shin In Ryu",2025-04-08,191000,27,false,313szxy7vswousphfmoumend57fe,2026-02-05T05:46:35Z,"한국 록","RAFTERS",0.725,0.624,0,-3.814,1,0.0623,0.0745,0.000315,0.11,0.321,114.875,4
spotify:track:10y2SEyeND8d4dmpURq2G3,"두 개의 제안","빛나는 스트라이크","Shin In Ryu",2025-04-08,198000,27,false,313szxy7vswousphfmoumend57fe,2026-02-05T05:46:35Z,"한국 록","RAFTERS",0.315,0.788,0,-6.943,1,0.06,0.037,0.0755,0.163,0.428,187.741,4
spotify:track:3lEJJ4epqHqqWUxsE91qmi,"용이 되고 싶은 아이","빛나는 스트라이크","Shin In Ryu",2025-04-08,190000,26,false,313szxy7vswousphfmoumend57fe,2026-02-05T05:46:35Z,"한국 록","RAFTERS",0.549,0.676,2,-6.067,1,0.0365,0.0825,0.00332,0.213,0.173,145.865,4
spotify:track:1FGor3yE29v2Qzn13CARRw,"송곳니","빛나는 스트라이크","Shin In Ryu",2025-04-08,200000,31,false,313szxy7vswousphfmoumend57fe,2026-02-05T05:46:35Z,"한국 록","RAFTERS",0.659,0.445,7,-6.554,1,0.025,0.689,0.00000421,0.0765,0.404,95.984,4
spotify:track:4SDIxJfWFFiCo0kzyfwrBj,"일인칭 관찰자 시점","빛나는 스트라이크","Shin In Ryu",2025-04-08,216000,41,false,313szxy7vswousphfmoumend57fe,2026-02-05T05:46:35Z,"한국 록","RAFTERS",0.783,0.495,11,-8.501,1,0.0287,0.621,0.0000281,0.113,0.438,108.033,4
spotify:track:3DT8ElLzpPJSESncJ832g8,"낮은 신","심장의 펌핑은 고문질","huijun woo",2025-04-17,101750,25,false,313szxy7vswousphfmoumend57fe,2026-02-05T05:46:46Z,"인디 R&B,한국 록","huijun woo",0.839,0.46,7,-9.885,1,0.0476,0.316,0.78,0.106,0.865,136.978,4
spotify:track:0efxca7hZNsdFE4E4cpJDH,"굽","심장의 펌핑은 고문질","huijun woo",2025-04-17,195250,23,false,313szxy7vswousphfmoumend57fe,2026-02-05T05:46:46Z,"인디 R&B,한국 록","huijun woo",0.299,0.517,11,-6.018,1,0.032,0.211,0.00027,0.488,0.358,140.07,4
spotify:track:0uzneFHAJ2HiDCAb3XARhC,"맨몸","심장의 펌핑은 고문질","huijun woo",2025-04-17,162750,23,false,313szxy7vswousphfmoumend57fe,2026-02-05T05:46:46Z,"인디 R&B,한국 록","huijun woo",0.47,0.897,9,-4.943,1,0.0718,0.000747,0.00000213,0.127,0.416,125.002,4
spotify:track:6JumxGRFc2NkWc22KiDbBR,"노력","심장의 펌핑은 고문질","huijun woo",2025-04-17,232250,24,false,313szxy7vswousphfmoumend57fe,2026-02-05T05:46:46Z,"인디 R&B,한국 록","huijun woo",0.489,0.679,2,-5.596,1,0.03,0.00298,0.0000845,0.21,0.474,109.869,4
spotify:track:1iCuXiFJzh50lCyIQGFlhU,"조용하고 고요하고 아름다운 소리","심장의 펌핑은 고문질","huijun woo",2025-04-17,206000,22,false,313szxy7vswousphfmoumend57fe,2026-02-05T05:46:46Z,"인디 R&B,한국 록","huijun woo",0.579,0.708,11,-5.669,1,0.0291,0.0242,0.00511,0.113,0.682,105.964,4
spotify:track:0vuBPXRWTpVW9AcY5JS8RR,"나 같은 아이라면은","심장의 펌핑은 고문질","huijun woo",2025-04-17,255500,20,false,313szxy7vswousphfmoumend57fe,2026-02-05T05:46:46Z,"인디 R&B,한국 록","huijun woo",0.633,0.304,7,-7.354,1,0.0305,0.935,0.000572,0.141,0.223,84.709,4
spotify:track:0Izid77jbgnYGpzV42h5fj,"넓은 집","심장의 펌핑은 고문질","huijun woo",2025-04-17,230500,28,false,313szxy7vswousphfmoumend57fe,2026-02-05T05:46:46Z,"인디 R&B,한국 록","huijun woo",0.417,0.398,4,-6.174,1,0.0391,0.914,0,0.157,0.175,91.66,4
spotify:track:3YXdjkkhsgs9Iei3dRulsh,"악다구니","심장의 펌핑은 고문질","huijun woo",2025-04-17,311000,20,false,313szxy7vswousphfmoumend57fe,2026-02-05T05:46:46Z,"인디 R&B,한국 록","huijun woo",0.437,0.306,7,-10.092,1,0.027,0.873,0.208,0.327,0.3,159.48,4
spotify:track:2TBJ1Y7yzloXFS8OSvtYD1,"심장의 펌핑은 고문질","심장의 펌핑은 고문질","huijun woo",2025-04-17,635570,19,false,313szxy7vswousphfmoumend57fe,2026-02-05T05:46:46Z,"인디 R&B,한국 록","huijun woo",0.448,0.462,7,-6.899,1,0.0307,0.616,0.522,0.243,0.183,126.331,4
spotify:track:33WLswcMBty7GOb0AIS9Uc,"내일에서 온 티켓","자몽살구클럽","HANRORO",2025-08-04,190000,47,false,313szxy7vswousphfmoumend57fe,2026-02-05T05:46:58Z,"K-발라드,한국 록","authentic",0.292,0.904,1,-1.714,1,0.0964,0.133,0.0000134,0.55,0.588,200.255,4
spotify:track:2vnXqFUiq6pYZPgQ3pY3iO,"용의자","자몽살구클럽","HANRORO",2025-08-04,201000,50,false,313szxy7vswousphfmoumend57fe,2026-02-05T05:46:58Z,"K-발라드,한국 록","authentic",0.533,0.838,1,-1.85,1,0.0291,0.0354,0.00627,0.0943,0.69,108.966,4
spotify:track:4bQXXm3TkzH71UC1RlqZj3,"갈림길","자몽살구클럽","HANRORO",2025-08-04,215000,49,false,313szxy7vswousphfmoumend57fe,2026-02-05T05:46:58Z,"K-발라드,한국 록","authentic",0.639,0.131,1,-9.699,1,0.0318,0.983,0.00208,0.12,0.225,95.935,4
spotify:track:3sOAwRg5esaxDcWnUigWPv,"0+0","자몽살구클럽","HANRORO",2025-08-04,192000,68,false,313szxy7vswousphfmoumend57fe,2026-02-05T05:46:58Z,"K-발라드,한국 록","authentic",0.457,0.523,9,-5.862,1,0.0286,0.492,0.0157,0.163,0.196,135.899,4
spotify:track:7ugPVZLPXbeXGA2lS7mcXO,"__에게","자몽살구클럽","HANRORO",2025-08-04,138000,43,false,313szxy7vswousphfmoumend57fe,2026-02-05T05:46:58Z,"K-발라드,한국 록","authentic",0.616,0.305,0,-12.227,1,0.0335,0.922,0.2,0.278,0.314,109.894,4
spotify:track:2aicRlZiaAEteaPsti8Hls,"시간을 달리네","자몽살구클럽","HANRORO",2025-08-04,236000,56,false,313szxy7vswousphfmoumend57fe,2026-02-05T05:46:58Z,"K-발라드,한국 록","authentic",0.492,0.695,2,-1.704,1,0.034,0.24,0.00000205,0.177,0.344,152.056,4
spotify:track:5mGF9rvwIeYk5CsvhBOckX,"도망","자몽살구클럽","HANRORO",2025-08-04,188000,49,false,313szxy7vswousphfmoumend57fe,2026-02-05T05:46:58Z,"K-발라드,한국 록","authentic",0.473,0.469,10,-3.598,1,0.0297,0.417,0.0204,0.107,0.0692,130.133,4
spotify:track:31u7mbAxSEkG0Ap3EA3QCG,"Truthbuster","Truthbuster","놀이도감",2025-11-05,428116,30,false,313szxy7vswousphfmoumend57fe,2026-02-05T05:47:24Z,"한국 록","ormdstudio",0.694,0.472,8,-8.816,1,0.0262,0.222,0.313,0.319,0.622,99.987,4
spotify:track:6Ym5GRk2N3L7RF7JzSs9jN,"정면돌파","빛나는 스트라이크","Shin In Ryu",2025-04-08,254000,36,false,313szxy7vswousphfmoumend57fe,2026-02-05T05:47:47Z,"한국 록","RAFTERS",0.654,0.818,6,-3.884,1,0.0285,0.0685,0.000388,0.402,0.301,113.885,4
spotify:track:0Izid77jbgnYGpzV42h5fj,"넓은 집","심장의 펌핑은 고문질","huijun woo",2025-04-17,230500,28,false,313szxy7vswousphfmoumend57fe,2026-02-05T05:47:58Z,"인디 R&B,한국 록","huijun woo",0.417,0.398,4,-6.174,1,0.0391,0.914,0,0.157,0.175,91.66,4
spotify:track:6RP8NjOpVkB0JWltpuHscW,"철의 삶","철의 삶","정우",2025-08-21,255562,40,false,313szxy7vswousphfmoumend57fe,2026-02-05T05:48:07Z,"K-발라드,한국 록","정우",0.546,0.692,5,-7.42,1,0.047,0.0189,0.00014,0.154,0.646,104.927,4
spotify:track:2aicRlZiaAEteaPsti8Hls,"시간을 달리네","자몽살구클럽","HANRORO",2025-08-04,236000,56,false,313szxy7vswousphfmoumend57fe,2026-02-05T05:48:20Z,"K-발라드,한국 록","authentic",0.492,0.695,2,-1.704,1,0.034,0.24,0.00000205,0.177,0.344,152.056,4
spotify:track:7jrJLXB8SIqc050kXapmW7,"The Reckoning: A Parable of Omnicide","AXIOM ZERO","DULOM",2025-09-30,547000,4,false,313szxy7vswousphfmoumend57fe,2026-02-05T05:48:42Z,"블랙 메탈","Digital Record",0.402,0.92,1,-4.48,0,0.1,0.0000631,0.0209,0.206,0.0947,114.963,4
spotify:track:3tPZSC1ev9jHlG5XAI04VI,"A Lament for the Neon Heirs: The Dirge of the Children of Synth","AXIOM ZERO","DULOM",2025-09-30,407001,3,false,313szxy7vswousphfmoumend57fe,2026-02-05T05:48:42Z,"블랙 메탈","Digital Record",0.207,0.949,2,-3.368,1,0.24,0.0000948,0.474,0.0788,0.0608,179.823,3
spotify:track:1YiQMsK6wKmrvX5GyZAgdX,"Poena Cullei: Punishment in the Lattice Veil","AXIOM ZERO","DULOM",2025-09-30,476000,1,false,313szxy7vswousphfmoumend57fe,2026-02-05T05:48:42Z,"블랙 메탈","Digital Record",0.0754,0.953,3,-3.057,1,0.257,0.00000369,0.631,0.195,0.0385,195.318,3
spotify:track:5UImiC6kfIxazkeAmthQMJ,"Re-awakening: By Fire, By Blood","AXIOM ZERO","DULOM",2025-09-30,134500,1,false,313szxy7vswousphfmoumend57fe,2026-02-05T05:48:42Z,"블랙 메탈","Digital Record",0.311,0.264,2,-19.323,1,0.0364,0.791,0.862,0.11,0.0974,139.818,4
spotify:track:5GDAUhNjVPhW7m01exgY3L,"Whitechapel 2166: A Chronicle of Flesh and Fear","AXIOM ZERO","DULOM",2025-09-30,381000,1,false,313szxy7vswousphfmoumend57fe,2026-02-05T05:48:42Z,"블랙 메탈","Digital Record",0.218,0.974,0,-3.736,0,0.251,0.0000149,0.0042,0.108,0.171,165.008,4
spotify:track:1hEYY1MyzxeyhU74T1Io6a,"The Infernal Pulse of Code and Curse: The Howl of the Defiant","AXIOM ZERO","DULOM",2025-09-30,464000,1,false,313szxy7vswousphfmoumend57fe,2026-02-05T05:48:42Z,"블랙 메탈","Digital Record",0.159,0.984,3,-3.505,1,0.194,0.00000893,0.0677,0.757,0.0797,88.209,4
spotify:track:2ug2Uxv4IsmsB0AZ1DIsCn,"Operation: Eliminate, Exterminate, Procreate","AXIOM ZERO","DULOM",2025-09-30,184997,1,false,313szxy7vswousphfmoumend57fe,2026-02-05T05:48:42Z,"블랙 메탈","Digital Record",0.29,0.549,6,-6.054,0,0.0483,0.0000141,0.786,0.0838,0.201,80.08,4
spotify:track:3NVBy7mxuC1GOnMP7vD4Tj,"Primary Death","罚钱","Loss of Infection",2025-11-20,188931,4,false,313szxy7vswousphfmoumend57fe,2026-02-05T05:49:18Z,"데스코어,한국 록","알레스뮤직",0.392,0.88,1,-7.9,1,0.105,0.0000668,0.94,0.152,0.0601,131.065,4
spotify:track:3OjiAXLsr20crJcpEzDreg,"Secondary Death","罚钱","Loss of Infection",2025-11-20,250860,2,false,313szxy7vswousphfmoumend57fe,2026-02-05T05:49:18Z,"데스코어,한국 록","알레스뮤직",0.424,0.89,0,-7.664,1,0.0883,0.0002,0.864,0.216,0.0452,133.978,4
spotify:track:5MkzkGT6hI9u01gvG0VcbT,"Thy Serpent","罚钱","Loss of Infection",2025-11-20,246923,1,false,313szxy7vswousphfmoumend57fe,2026-02-05T05:49:18Z,"데스코어,한국 록","알레스뮤직",0.431,0.957,1,-6.488,1,0.126,0.00000625,0.874,0.0507,0.291,129.908,4
spotify:track:1DVWMtlgeAxtyFdwcNgxNR,"The Exorcist","罚钱","Loss of Infection",2025-11-20,350000,1,false,313szxy7vswousphfmoumend57fe,2026-02-05T05:49:18Z,"데스코어,한국 록","알레스뮤직",0.386,0.663,5,-8.566,1,0.0495,0.000365,0.962,0.134,0.149,102.021,4
spotify:track:3K41IVBgyYHz5DM91A3yNm,"Kameldance","Circle","METHKAMEL",2025-03-25,218173,1,false,313szxy7vswousphfmoumend57fe,2026-02-05T05:49:32Z,"","알레스뮤직",0.459,0.994,10,-3.265,0,0.284,0.000235,0.507,0.0594,0.0766,170.039,4
spotify:track:3vG8J8V3Lld9TZVDm8DP8D,"Across the door","Circle","METHKAMEL",2025-03-25,201213,0,false,313szxy7vswousphfmoumend57fe,2026-02-05T05:49:32Z,"","알레스뮤직",0.545,0.985,1,-3.016,1,0.139,0.0000591,0.392,0.0829,0.356,95.015,4
spotify:track:6iO2PgFlPkWMaXCN4Wa2e2,"Maze","Circle","METHKAMEL",2025-03-25,242373,1,false,313szxy7vswousphfmoumend57fe,2026-02-05T05:49:32Z,"","알레스뮤직",0.589,0.966,7,-3.955,1,0.234,0.00128,0.597,0.0986,0.154,94.987,4
spotify:track:0TysHOqrtCqa9y2ta9olGb,"Pyramid","Circle","METHKAMEL",2025-03-25,207426,0,false,313szxy7vswousphfmoumend57fe,2026-02-05T05:49:32Z,"","알레스뮤직",0.479,0.98,1,-3.475,1,0.217,0.0000292,0.572,0.335,0.259,170.032,4
spotify:track:17l49rQPU9Uf2asP0fJyrL,"Thorn","Circle","METHKAMEL",2025-03-25,308800,0,false,313szxy7vswousphfmoumend57fe,2026-02-05T05:49:32Z,"","알레스뮤직",0.597,0.878,0,-5.39,1,0.0624,0.000724,0.0254,0.136,0.404,139.986,4
spotify:track:79piZkVUAskyBpGjPlywvE,"Triangle","Circle","METHKAMEL",2025-03-25,143274,0,false,313szxy7vswousphfmoumend57fe,2026-02-05T05:49:32Z,"","알레스뮤직",0.324,0.0438,5,-20.6,1,0.0504,0.949,0.951,0.0945,0.193,156.168,4
spotify:track:71mNyR0F24ejTqYO5WsdlS,"EYE","Circle","METHKAMEL",2025-03-25,206906,0,false,313szxy7vswousphfmoumend57fe,2026-02-05T05:49:32Z,"","알레스뮤직",0.574,0.967,5,-3.546,0,0.177,0.00065,0.431,0.224,0.451,160.012,4
spotify:track:5yLk57yn60UjcovtrJtFRV,"Downfall","Circle","METHKAMEL",2025-03-25,186373,0,false,313szxy7vswousphfmoumend57fe,2026-02-05T05:49:32Z,"","알레스뮤직",0.499,0.979,0,-3.63,1,0.196,0.000167,0.169,0.324,0.445,160.066,4
spotify:track:53GjTJErCfqMw1cL8EQq3S,"Universe in murals","Circle","METHKAMEL",2025-03-25,265786,0,false,313szxy7vswousphfmoumend57fe,2026-02-05T05:49:32Z,"","알레스뮤직",0.474,0.973,5,-3.773,0,0.149,0.0000689,0.0135,0.1,0.161,170.068,4
spotify:track:078vd9gUstiRaKBEYBnVYT,"God of the sun","Circle","METHKAMEL",2025-03-25,344933,0,false,313szxy7vswousphfmoumend57fe,2026-02-05T05:49:32Z,"","알레스뮤직",0.289,0.978,7,-3.89,1,0.162,0.000164,0.56,0.337,0.171,184.86,4
spotify:track:46wVGwExpvRBpXdlrEgrtx,"Blackswan Pt.1","Circle","METHKAMEL",2025-03-25,270008,0,false,313szxy7vswousphfmoumend57fe,2026-02-05T05:49:32Z,"","알레스뮤직",0.451,0.996,2,-3.11,1,0.2,0.0000428,0.594,0.221,0.169,170.011,4
spotify:track:3jOupDfIuDZsQtW4E3YPxp,"Blackswan Pt.2","Circle","METHKAMEL",2025-03-25,239005,0,false,313szxy7vswousphfmoumend57fe,2026-02-05T05:49:32Z,"","알레스뮤직",0.293,0.743,2,-7.005,0,0.0535,0.0099,0.817,0.341,0.0948,169.571,4
spotify:track:7yQK7jxysjKgidRzQvvL4B,"Birdperson 새사람","neumann","baan",2025-05-15,306645,18,false,313szxy7vswousphfmoumend57fe,2026-02-05T05:49:48Z,"노이즈 록,슬러지 메탈,매스코어,포스트 록","your adorable dog",0.312,0.981,10,-6.999,1,0.0747,0,0.781,0.152,0.208,144.941,4
spotify:track:69GZS9RANxmatOSbGSXGTT,"Early Bird Dies Fast","neumann","baan",2025-05-15,442347,14,false,313szxy7vswousphfmoumend57fe,2026-02-05T05:49:48Z,"노이즈 록,슬러지 메탈,매스코어,포스트 록","your adorable dog",0.198,0.877,3,-7.407,1,0.101,0.0000103,0.739,0.218,0.204,111.327,5
spotify:track:5tJ3JbphUrdiliXIAE01CN,"Histrionic","neumann","baan",2025-05-15,403193,11,false,313szxy7vswousphfmoumend57fe,2026-02-05T05:49:48Z,"노이즈 록,슬러지 메탈,매스코어,포스트 록","your adorable dog",0.15,0.975,2,-6.052,1,0.131,0.00000743,0.0138,0.0716,0.102,150.096,4
spotify:track:5rdxwRGvEmlM6GVODYFkgi,"Reversal of a Man","neumann","baan",2025-05-15,387110,11,false,313szxy7vswousphfmoumend57fe,2026-02-05T05:49:48Z,"노이즈 록,슬러지 메탈,매스코어,포스트 록","your adorable dog",0.122,0.928,1,-7.143,1,0.0898,0.00000959,0.841,0.418,0.138,93.573,4
spotify:track:1R2PadIQjMNOhKabHhcBAZ,"Sing a Brave Song 1 씩씩한 노래를 불러라 1","neumann","baan",2025-05-15,394286,10,false,313szxy7vswousphfmoumend57fe,2026-02-05T05:49:48Z,"노이즈 록,슬러지 메탈,매스코어,포스트 록","your adorable dog",0.0825,0.951,8,-7.273,1,0.114,0.0000127,0.84,0.0709,0.221,74.634,4
spotify:track:57lTpMrSrCyPQ1lVY0YGq3,"Sing a Brave Song 2 씩씩한 노래를 불러라 2","neumann","baan",2025-05-15,286550,9,false,313szxy7vswousphfmoumend57fe,2026-02-05T05:49:48Z,"노이즈 록,슬러지 메탈,매스코어,포스트 록","your adorable dog",0.122,0.984,1,-5.719,1,0.119,0.00000159,0.133,0.141,0.0412,150.038,5
spotify:track:2FGaW4mPd1xEunyhVjhpVn,"Sing a Brave Song 3 씩씩한 노래를 불러라 3","neumann","baan",2025-05-15,506915,8,false,313szxy7vswousphfmoumend57fe,2026-02-05T05:49:48Z,"노이즈 록,슬러지 메탈,매스코어,포스트 록","your adorable dog",0.413,0.912,1,-7.072,1,0.0629,0.00000627,0.806,0.138,0.502,108.027,4
spotify:track:6N14KRadUiv4T7Fip0tuRQ,"Not Yet","neumann","baan",2025-05-15,361593,8,false,313szxy7vswousphfmoumend57fe,2026-02-05T05:49:48Z,"노이즈 록,슬러지 메탈,매스코어,포스트 록","your adorable dog",0.127,0.877,9,-7.737,1,0.0766,0.0000431,0.783,0.148,0.0669,147.682,4
spotify:track:7vHkczCIwSa8DiLCqxdieG,"Oldman 헌사람","neumann","baan;Asian Glow",2025-05-15,509221,11,false,313szxy7vswousphfmoumend57fe,2026-02-05T05:49:48Z,"노이즈 록,슬러지 메탈,매스코어,포스트 록,슈게이징,매스 록,슬로우코어,드림 팝","your adorable dog",0.177,0.805,3,-7.648,1,0.0693,0.000416,0.859,0.112,0.186,116.279,4
spotify:track:1zKSgcJvVpo1T1YpF8qkWE,"Numb","A LOVE SUPREME","CHAIN REACTION",2025-03-18,238904,2,false,313szxy7vswousphfmoumend57fe,2026-02-05T05:50:05Z,"한국 록,스크리모","TEAM BSPK, WATCH OUT! Records",0.119,0.993,2,-2.954,0,0.251,0.000002,0.974,0.135,0.0632,164.041,4
spotify:track:29A3sXLIGwJYIYxmPUZU6Y,"Evidence","A LOVE SUPREME","CHAIN REACTION",2025-03-18,246385,1,false,313szxy7vswousphfmoumend57fe,2026-02-05T05:50:05Z,"한국 록,스크리모","TEAM BSPK, WATCH OUT! Records",0.38,0.945,7,-3.206,1,0.208,0.00000526,0.00735,0.121,0.172,200.033,3
spotify:track:11WvPqLwXX4vha78i8qoUC,"Buried Mind","A LOVE SUPREME","CHAIN REACTION",2025-03-18,150573,1,false,313szxy7vswousphfmoumend57fe,2026-02-05T05:50:05Z,"한국 록,스크리모","TEAM BSPK, WATCH OUT! Records",0.454,0.97,2,-2.475,1,0.075,0.00000595,0.266,0.168,0.233,94.973,4
spotify:track:3UqYMtng6R7qeF5xTu47Zh,"Empty Out","A LOVE SUPREME","CHAIN REACTION",2025-03-18,187192,1,false,313szxy7vswousphfmoumend57fe,2026-02-05T05:50:05Z,"한국 록,스크리모","TEAM BSPK, WATCH OUT! Records",0.452,0.978,5,-2.859,0,0.206,0.0000182,0.0556,0.105,0.235,149.926,4
spotify:track:66jEhH0s15jgoZil0i2Mym,"The Fault","A LOVE SUPREME","CHAIN REACTION",2025-03-18,174589,1,false,313szxy7vswousphfmoumend57fe,2026-02-05T05:50:05Z,"한국 록,스크리모","TEAM BSPK, WATCH OUT! Records",0.291,0.975,0,-2.966,1,0.123,0.00000944,0.408,0.321,0.531,145.893,4
spotify:track:5TJqGZhXm0ovkM9G9kt0ca,"Timeline","A LOVE SUPREME","CHAIN REACTION",2025-03-18,198074,1,false,313szxy7vswousphfmoumend57fe,2026-02-05T05:50:05Z,"한국 록,스크리모","TEAM BSPK, WATCH OUT! Records",0.268,0.979,2,-3.888,1,0.171,0.0000596,0.0445,0.394,0.164,144.177,4
spotify:track:0XwKrHrNvrbz6oHCittyrw,"Reprise","A LOVE SUPREME","CHAIN REACTION",2025-03-18,248570,1,false,313szxy7vswousphfmoumend57fe,2026-02-05T05:50:05Z,"한국 록,스크리모","TEAM BSPK, WATCH OUT! Records",0.441,0.782,4,-3.966,1,0.0383,0.000414,0.0282,0.669,0.134,120.084,4
spotify:track:1zCDYnAKAxZMBGfYyAOGiF,"Mirrors","A LOVE SUPREME","CHAIN REACTION",2025-03-18,258962,0,false,313szxy7vswousphfmoumend57fe,2026-02-05T05:50:05Z,"한국 록,스크리모","TEAM BSPK, WATCH OUT! Records",0.424,0.946,5,-3.824,0,0.0505,0.0000417,0.358,0.156,0.0772,122.041,4
spotify:track:13wudIIl7RjbOfWxvXKdz6,"A Love Supreme","A LOVE SUPREME","CHAIN REACTION",2025-03-18,700779,2,false,313szxy7vswousphfmoumend57fe,2026-02-05T05:50:05Z,"한국 록,스크리모","TEAM BSPK, WATCH OUT! Records",0.36,0.978,2,-3.089,1,0.135,0.0000352,0.0289,0.341,0.0433,160.034,4
spotify:track:72TaMxip3DHKFq7g5Ynle4,"DUST ON YOUR MIND","Flash and Core","백예린",2025-10-02,158000,33,false,313szxy7vswousphfmoumend57fe,2026-02-05T05:50:26Z,"K-발라드","PEOPLE LIKE PEOPLE",0.603,0.517,5,-9.77,1,0.0384,0.0607,0.24,0.113,0.0985,139.981,4
spotify:track:5wUhJVuOEFJWQGwN2Wm64T,"No man's land (feat. Qim Isle)","Flash and Core","백예린;Qim Isle",2025-10-02,201000,34,false,313szxy7vswousphfmoumend57fe,2026-02-05T05:50:26Z,"K-발라드,한국 랩","PEOPLE LIKE PEOPLE",0.637,0.741,8,-6.346,1,0.118,0.14,0.531,0.443,0.371,169.966,4
spotify:track:3D1vtPFMezMpin5bmSMk5s,"save me","Flash and Core","백예린",2025-10-02,172000,34,false,313szxy7vswousphfmoumend57fe,2026-02-05T05:50:26Z,"K-발라드","PEOPLE LIKE PEOPLE",0.669,0.675,4,-6.334,0,0.0589,0.0128,0.0226,0.293,0.433,171.992,4
spotify:track:322ZFlJ5zhErQhaOXnZ1di,"MIRROR","Flash and Core","백예린",2025-10-02,188000,46,false,313szxy7vswousphfmoumend57fe,2026-02-05T05:50:26Z,"K-발라드","PEOPLE LIKE PEOPLE",0.854,0.527,9,-6.568,0,0.0485,0.0702,0.232,0.0617,0.672,113.969,4
spotify:track:3RHU9WyFuqDhxOMf9mqEE3,"Put it back on","Flash and Core","백예린",2025-10-02,254000,36,false,313szxy7vswousphfmoumend57fe,2026-02-05T05:50:26Z,"K-발라드","PEOPLE LIKE PEOPLE",0.44,0.247,8,-11.712,1,0.0371,0.848,0.00000151,0.322,0.102,140.636,4
spotify:track:4TXehVXRvNVVvYHSUCKMYF,"TO","Flash and Core","백예린",2025-10-02,240000,35,false,313szxy7vswousphfmoumend57fe,2026-02-05T05:50:26Z,"K-발라드","PEOPLE LIKE PEOPLE",0.444,0.524,7,-6.697,1,0.0259,0.406,0.00000194,0.0952,0.12,77.943,4
spotify:track:2bzrp3wQm4YoGscWWCun0Q,"Take pills","Flash and Core","백예린",2025-10-02,158000,33,false,313szxy7vswousphfmoumend57fe,2026-02-05T05:50:26Z,"K-발라드","PEOPLE LIKE PEOPLE",0.807,0.577,0,-6.668,1,0.0521,0.0489,0.906,0.181,0.369,99.991,4
spotify:track:6z6mcAtBRNHuYcJNH7DMOI,"Another season with you","Flash and Core","백예린",2025-10-02,210000,39,false,313szxy7vswousphfmoumend57fe,2026-02-05T05:50:26Z,"K-발라드","PEOPLE LIKE PEOPLE",0.815,0.696,9,-5.712,1,0.0383,0.00498,0.021,0.187,0.576,119.996,4
spotify:track:25lZ3beQVNJ6mwqWqcj7Mc,"Karma calls","Flash and Core","백예린",2025-10-02,214000,32,false,313szxy7vswousphfmoumend57fe,2026-02-05T05:50:26Z,"K-발라드","PEOPLE LIKE PEOPLE",0.548,0.393,9,-7.996,1,0.085,0.0544,0.188,0.126,0.137,121.849,5
spotify:track:64Op6kcatwNAe9u1lrIMAK,"Lovers of Artists","Flash and Core","백예린",2025-10-02,167000,32,false,313szxy7vswousphfmoumend57fe,2026-02-05T05:50:26Z,"K-발라드","PEOPLE LIKE PEOPLE",0.659,0.68,4,-6.861,1,0.0838,0.0338,0.00117,0.121,0.677,116.864,4
spotify:track:12zcEvfNTqPqgCz6GIoWMT,"Television star","Flash and Core","백예린",2025-10-02,208000,33,false,313szxy7vswousphfmoumend57fe,2026-02-05T05:50:26Z,"K-발라드","PEOPLE LIKE PEOPLE",0.837,0.457,1,-5.502,1,0.278,0.326,0.155,0.115,0.541,94.01,4
spotify:track:7KxKe2JoB7DnXsdbeHq63x,"You broke my heart but..","Flash and Core","백예린",2025-10-02,140000,34,false,313szxy7vswousphfmoumend57fe,2026-02-05T05:50:26Z,"K-발라드","PEOPLE LIKE PEOPLE",0.627,0.617,6,-6.986,1,0.0307,0.0732,0.299,0.111,0.322,144.017,4
spotify:track:3w38LjrnwwmRBNaaVjn5Ls,"in the middle","Flash and Core","백예린",2025-10-02,201000,41,false,313szxy7vswousphfmoumend57fe,2026-02-05T05:50:26Z,"K-발라드","PEOPLE LIKE PEOPLE",0.521,0.5,7,-6.726,1,0.0413,0.0177,0.0000436,0.109,0.507,159.768,4
spotify:track:3gbBiU3G91VyQRpx1LDi51,"Your Yerin (feat. Rejjie Snow)","Flash and Core","백예린;Rejjie Snow",2025-10-02,188000,37,false,313szxy7vswousphfmoumend57fe,2026-02-05T05:50:26Z,"K-발라드,재즈 랩","PEOPLE LIKE PEOPLE",0.763,0.657,11,-6.807,0,0.0377,0.234,0.213,0.0906,0.593,115.026,4
spotify:track:2lTgvdnHpB1rApw0jFmccx,"Teary lover","Flash and Core","백예린",2025-10-02,188000,33,false,313szxy7vswousphfmoumend57fe,2026-02-05T05:50:26Z,"K-발라드","PEOPLE LIKE PEOPLE",0.54,0.644,3,-7.168,1,0.0413,0.0946,0.0267,0.34,0.305,168.187,4
spotify:track:6nZlw1We9N7pFpqgTVgJdl,"반짝놀이터","Re:5","Song Sohee",2025-10-21,261000,20,false,313szxy7vswousphfmoumend57fe,2026-02-05T05:50:38Z,"K-발라드","MAGIC STRAWBERRY SOUND",0.433,0.648,1,-4.095,1,0.0376,0.259,0.0000246,0.149,0.293,127.93,4
spotify:track:7Bnht5Apw5oTDw3XeXXbZv,"부서진 것들","Re:5","Song Sohee",2025-10-21,237000,20,false,313szxy7vswousphfmoumend57fe,2026-02-05T05:50:38Z,"K-발라드","MAGIC STRAWBERRY SOUND",0.628,0.806,10,-6.048,1,0.0333,0.511,0.267,0.154,0.362,120.017,4
spotify:track:314EYx2dRG3rTJWdATgmPW,"Hamba Kahle","Re:5","Song Sohee",2025-10-21,210000,27,false,313szxy7vswousphfmoumend57fe,2026-02-05T05:50:38Z,"K-발라드","MAGIC STRAWBERRY SOUND",0.509,0.745,8,-4.696,1,0.0452,0.0439,0.00779,0.109,0.038,127.957,4
spotify:track:3TR8M3CFKf3kL13WytWKD3,"A Blind Runner","Re:5","Song Sohee",2025-10-21,273000,27,false,313szxy7vswousphfmoumend57fe,2026-02-05T05:50:38Z,"K-발라드","MAGIC STRAWBERRY SOUND",0.419,0.603,8,-6.821,0,0.0605,0.424,0.088,0.137,0.293,119.768,4
spotify:track:07toMlE6iFaixca32ICxj8,"알래스카의 사랑-해","Re:5","Song Sohee",2025-10-21,201000,24,false,313szxy7vswousphfmoumend57fe,2026-02-05T05:50:38Z,"K-발라드","MAGIC STRAWBERRY SOUND",0.466,0.495,9,-8.832,1,0.039,0.784,0.141,0.0974,0.186,137,4
spotify:track:1YqkIOqkRswK3ACA2rmXAT,"SINNY SINNY","EROS","LEE CHANHYUK",2025-07-14,219696,41,false,313szxy7vswousphfmoumend57fe,2026-02-05T05:50:52Z,"K-발라드","YG Entertainment",0.538,0.621,7,-6.995,1,0.0619,0.449,0,0.0898,0.355,139.892,4
spotify:track:3huLTQTwJEtHJS1aM7hiaD,"돌아버렸어","EROS","LEE CHANHYUK",2025-07-14,195955,41,false,313szxy7vswousphfmoumend57fe,2026-02-05T05:50:52Z,"K-발라드","YG Entertainment",0.756,0.646,10,-5.704,0,0.027,0.27,0.0116,0.106,0.966,105.984,4
spotify:track:6jl91VgNuRjpwO0MJQw29F,"비비드라라러브","EROS","LEE CHANHYUK",2025-07-14,240081,48,false,313szxy7vswousphfmoumend57fe,2026-02-05T05:50:52Z,"K-발라드","YG Entertainment",0.647,0.734,2,-6.6,0,0.0523,0.0211,0.00145,0.101,0.849,169.923,4
spotify:track:4rCzwq3ptAcjyAqppDYt4W,"TV Show","EROS","LEE CHANHYUK",2025-07-14,209697,33,false,313szxy7vswousphfmoumend57fe,2026-02-05T05:50:52Z,"K-발라드","YG Entertainment",0.779,0.646,5,-6.396,1,0.0352,0.181,0.00115,0.0485,0.668,105.978,4
spotify:track:06o2o3TpyR8eGU2ANK21Lp,"멸종위기사랑","EROS","LEE CHANHYUK",2025-07-14,220202,63,false,313szxy7vswousphfmoumend57fe,2026-02-05T05:50:52Z,"K-발라드","YG Entertainment",0.902,0.79,8,-4.21,1,0.0512,0.245,0.0000701,0.0297,0.965,115.045,4
spotify:track:0htBsw5jVIVoE8fgFqdrhh,"Eve","EROS","LEE CHANHYUK",2025-07-14,300747,38,false,313szxy7vswousphfmoumend57fe,2026-02-05T05:50:52Z,"K-발라드","YG Entertainment",0.482,0.766,7,-4.736,1,0.0304,0.151,0.0000312,0.268,0.51,169.979,4
spotify:track:6MjpxhcHHGzO8AVjkqex4A,"Andrew","EROS","LEE CHANHYUK",2025-07-14,227970,36,false,313szxy7vswousphfmoumend57fe,2026-02-05T05:50:52Z,"K-발라드","YG Entertainment",0.62,0.481,11,-8.83,0,0.0294,0.0125,0.128,0.0853,0.181,124.023,4
spotify:track:7JJ8kGLevuR364BrGTA3Ew,"꼬리","EROS","LEE CHANHYUK",2025-07-14,249356,31,false,313szxy7vswousphfmoumend57fe,2026-02-05T05:50:52Z,"K-발라드","YG Entertainment",0.684,0.479,2,-6.969,1,0.0253,0.464,0.113,0.0807,0.348,81.979,4
spotify:track:7jUUHXJUTvjNipbznTPm3z,"빛나는 세상","EROS","LEE CHANHYUK",2025-07-14,239349,29,false,313szxy7vswousphfmoumend57fe,2026-02-05T05:50:52Z,"K-발라드","YG Entertainment",0.244,0.316,2,-10.288,1,0.0302,0.943,0.744,0.0896,0.128,87.776,3
spotify:track:22fq6VVCDXbiJXdiN0MYv0,"Good Time","Extraordinary","임현정",2025-06-26,316082,7,false,313szxy7vswousphfmoumend57fe,2026-02-05T05:51:09Z,"K-발라드","감성공동체 물고기자리",0.524,0.571,9,-7.389,1,0.0344,0.437,0,0.0906,0.219,110.057,4
spotify:track:2iB3VIvoIT2dR4M3dHf8kD,"The Butterfly (feat. Shin Yoon Chul)","Extraordinary","임현정;신윤철",2025-06-26,259372,6,false,313szxy7vswousphfmoumend57fe,2026-02-05T05:51:09Z,"K-발라드,한국 록","감성공동체 물고기자리",0.611,0.633,9,-7.946,1,0.0306,0.633,0,0.232,0.529,114.005,4
spotify:track:4NDmTLphHDXHGYd04UvsRy,"Talking of Eternity","Extraordinary","임현정",2025-06-26,407237,6,false,313szxy7vswousphfmoumend57fe,2026-02-05T05:51:09Z,"K-발라드","감성공동체 물고기자리",0.447,0.433,9,-9.401,1,0.0306,0.486,0,0.356,0.115,132.047,4
spotify:track:3eOdXt4SgQxrnI0RghXD5D,"너에게로 가는 길은 아름답다","Extraordinary","임현정",2025-06-26,399894,6,false,313szxy7vswousphfmoumend57fe,2026-02-05T05:51:09Z,"K-발라드","감성공동체 물고기자리",0.441,0.384,7,-11.331,1,0.0308,0.585,0.0000322,0.0682,0.116,134.005,4
spotify:track:0iTBt92a2vju7OOQKA4Kjg,"청춘 - London Version","Extraordinary","임현정",2025-06-26,293140,7,false,313szxy7vswousphfmoumend57fe,2026-02-05T05:51:09Z,"K-발라드","감성공동체 물고기자리",0.442,0.454,0,-10.165,1,0.0288,0.676,0.0000127,0.0779,0.321,138.1,4
spotify:track:0VyLjYRu28mnP0DCl7foVw,"Only Three Days","Extraordinary","임현정",2025-06-26,489606,3,false,313szxy7vswousphfmoumend57fe,2026-02-05T05:51:09Z,"K-발라드","감성공동체 물고기자리",0.47,0.425,11,-7.928,1,0.0327,0.809,0,0.0801,0.224,132.046,4
spotify:track:1HSdTYl58U0mmFIqPBrSNx,"God Bless You - London Version","Extraordinary","임현정",2025-06-26,271481,4,false,313szxy7vswousphfmoumend57fe,2026-02-05T05:51:09Z,"K-발라드","감성공동체 물고기자리",0.3,0.248,2,-13.43,1,0.031,0.853,0,0.0836,0.0783,67.974,4
spotify:track:6nNUKniRN58k233f8kDyJn,"사랑이 온다 - London Mix Version","Extraordinary","임현정",2025-06-26,209426,4,false,313szxy7vswousphfmoumend57fe,2026-02-05T05:51:09Z,"K-발라드","감성공동체 물고기자리",0.404,0.531,0,-9.334,1,0.031,0.448,0.00469,0.113,0.465,77.098,4
spotify:track:73dF3oJiWyk7oVot2QIh0A,"A Love Song - Instrumental","Extraordinary","임현정",2025-06-26,328349,4,false,313szxy7vswousphfmoumend57fe,2026-02-05T05:51:09Z,"K-발라드","감성공동체 물고기자리",0.07,0.139,0,-16.283,1,0.0465,0.907,0.901,0.0928,0.0393,75.84,4
spotify:track:21BaMP3YlCcHRrs6quj4IP,"나에게로 가는 길은 아름답다","Extraordinary","임현정",2025-06-26,340190,10,false,313szxy7vswousphfmoumend57fe,2026-02-05T05:51:09Z,"K-발라드","감성공동체 물고기자리",0.288,0.195,7,-11.424,1,0.0336,0.874,0,0.156,0.0958,125.297,4
spotify:track:2TGTpzYA8YLW3rtTao7gNg,"Flow","Extraordinary","임현정",2025-06-26,291103,7,false,313szxy7vswousphfmoumend57fe,2026-02-05T05:51:09Z,"K-발라드","감성공동체 물고기자리",0.303,0.414,2,-9.878,1,0.0303,0.65,0,0.178,0.158,145.914,4
spotify:track:7qILhP6xWhWpMImsgGUxwX,"나에게로 가는 길은 아름답다 (feat. Jeong Donghwan) - Piano Version","Extraordinary","임현정;Jeong Donghwan",2025-06-26,341598,7,false,313szxy7vswousphfmoumend57fe,2026-02-05T05:51:09Z,"K-발라드","감성공동체 물고기자리",0.415,0.172,7,-10.613,1,0.0359,0.881,0,0.104,0.112,124.935,4
spotify:track:4KaCVO8pZrDKItIkD14yhL,"Digital","stereo","주혜린",2025-08-14,90256,27,false,313szxy7vswousphfmoumend57fe,2026-02-05T05:51:21Z,"","JOOHYELYN",0.537,0.622,11,-9.651,0,0.144,0.213,0.000479,0.0594,0.68,159.637,4
spotify:track:5scNLPks8Dntf8dCuZ8Zur,"Busy Boy","stereo","주혜린",2025-08-14,195000,31,false,313szxy7vswousphfmoumend57fe,2026-02-05T05:51:21Z,"","JOOHYELYN",0.763,0.709,6,-4.327,1,0.0818,0.107,0.000187,0.0456,0.833,134.989,4
spotify:track:58V7upUYPIH7IiJKFKlTvV,"아무것도","stereo","주혜린",2025-08-14,222438,33,false,313szxy7vswousphfmoumend57fe,2026-02-05T05:51:21Z,"","JOOHYELYN",0.817,0.824,2,-5.536,1,0.139,0.0825,0.004,0.0246,0.754,124.988,4
spotify:track:6kXp2dhHPbUwmS2DHskU0T,"놀러 와","stereo","주혜린",2025-08-14,156351,36,false,313szxy7vswousphfmoumend57fe,2026-02-05T05:51:21Z,"","JOOHYELYN",0.376,0.881,11,-6.352,0,0.105,0.508,0.363,0.0869,0.514,78.418,5
spotify:track:2vH7BWcF7ErAl07O64wXOb,"무슨 생각해?","stereo","주혜린",2025-08-14,233035,28,false,313szxy7vswousphfmoumend57fe,2026-02-05T05:51:21Z,"","JOOHYELYN",0.785,0.736,1,-5.748,0,0.0676,0.221,0.000482,0.106,0.787,84.004,4
spotify:track:7rUZQ2U5vPGVzazFK2y725,"Green Tea","stereo","주혜린",2025-08-14,84557,27,false,313szxy7vswousphfmoumend57fe,2026-02-05T05:51:21Z,"","JOOHYELYN",0.801,0.727,9,-8.533,1,0.074,0.411,0,0.116,0.464,99.974,4
spotify:track:322ZFlJ5zhErQhaOXnZ1di,"MIRROR","Flash and Core","백예린",2025-10-02,188000,46,false,313szxy7vswousphfmoumend57fe,2026-02-05T05:51:44Z,"K-발라드","PEOPLE LIKE PEOPLE",0.854,0.527,9,-6.568,0,0.0485,0.0702,0.232,0.0617,0.672,113.969,4
spotify:track:06o2o3TpyR8eGU2ANK21Lp,"멸종위기사랑","EROS","LEE CHANHYUK",2025-07-14,220202,63,false,313szxy7vswousphfmoumend57fe,2026-02-05T05:51:56Z,"K-발라드","YG Entertainment",0.902,0.79,8,-4.21,1,0.0512,0.245,0.0000701,0.0297,0.965,115.045,4
spotify:track:21BaMP3YlCcHRrs6quj4IP,"나에게로 가는 길은 아름답다","Extraordinary","임현정",2025-06-26,340190,10,false,313szxy7vswousphfmoumend57fe,2026-02-05T05:53:13Z,"K-발라드","감성공동체 물고기자리",0.288,0.195,7,-11.424,1,0.0336,0.874,0,0.156,0.0958,125.297,4
spotify:track:3iSemy26TQfxD3XC0so9Jd,"당신의 사랑을 빌미로","당신의 사랑을 빌미로","Jowall;Haepa",2024-12-27,312000,13,false,313szxy7vswousphfmoumend57fe,2026-02-05T05:53:46Z,"슈게이징,드림 팝","Maansun",0.528,0.561,10,-5.047,1,0.0325,0.851,0.925,0.37,0.339,113.024,4
spotify:track:3cLXrotzCjYCkN73PewALM,"Good Goodbye","Good Goodbye","화사",2025-10-15,223000,79,false,313szxy7vswousphfmoumend57fe,2026-02-05T05:54:01Z,"케이팝","P NATION",0.655,0.59,1,-4.8,0,0.0419,0.295,0,0.165,0.796,99.564,4
spotify:track:5CzVEo8VSuUcjtPog34pdN,"Toronto's Window","The Firstfruit - The 1st Album","마크",2025-04-07,96053,43,false,313szxy7vswousphfmoumend57fe,2026-02-05T05:54:25Z,"케이팝","SM Entertainment",0.745,0.488,5,-10.373,0,0.144,0.532,0.000125,0.0882,0.715,85.17,4
spotify:track:4irSoWVMefjnL4ZjmmM25t,"1999","The Firstfruit - The 1st Album","마크",2025-04-07,205026,62,false,313szxy7vswousphfmoumend57fe,2026-02-05T05:54:25Z,"케이팝","SM Entertainment",0.768,0.783,2,-4.606,1,0.126,0.00933,0,0.315,0.686,109.001,4
spotify:track:3npXr9TbYhKUnai1Pzfjsk,"Flight to NYC","The Firstfruit - The 1st Album","마크",2025-04-07,89400,42,false,313szxy7vswousphfmoumend57fe,2026-02-05T05:54:25Z,"케이팝","SM Entertainment",0.539,0.418,0,-11.836,1,0.531,0.489,0.0933,0.352,0.378,111.369,5
spotify:track:20hmzYo3XPIr7do3SABfEf,"Righteous","The Firstfruit - The 1st Album","마크",2025-04-07,178013,47,false,313szxy7vswousphfmoumend57fe,2026-02-05T05:54:25Z,"케이팝","SM Entertainment",0.589,0.846,0,-4.151,1,0.398,0.0196,0,0.414,0.58,157.841,4
spotify:track:3Q0rdyBCuABLnAvyiyF9ld,"Fraktsiya","The Firstfruit - The 1st Album","마크;이영지",2025-04-07,192560,48,false,313szxy7vswousphfmoumend57fe,2026-02-05T05:54:25Z,"케이팝,한국 랩","SM Entertainment",0.765,0.726,1,-6.028,1,0.189,0.00262,0,0.0718,0.568,152.049,4
spotify:track:74Scwor3WAC3YWOpCNl08O,"Raincouver","The Firstfruit - The 1st Album","마크",2025-04-07,159066,49,false,313szxy7vswousphfmoumend57fe,2026-02-05T05:54:25Z,"케이팝","SM Entertainment",0.757,0.661,3,-5.83,1,0.0352,0.292,0,0.298,0.704,73.969,4
spotify:track:49uQ4IE8mdDekBDW8tG849,"Loser","The Firstfruit - The 1st Album","마크",2025-04-07,170026,48,false,313szxy7vswousphfmoumend57fe,2026-02-05T05:54:25Z,"케이팝","SM Entertainment",0.773,0.377,3,-8.304,0,0.0661,0.716,0,0.113,0.744,95.123,4
spotify:track:04eT5t3jBMa1NxTqgWoHtT,"Watching TV","The Firstfruit - The 1st Album","마크;Crush",2025-04-07,186120,49,false,313szxy7vswousphfmoumend57fe,2026-02-05T05:54:25Z,"케이팝,한국 랩,K-발라드","SM Entertainment",0.753,0.729,2,-5.725,0,0.125,0.159,0.0000231,0.314,0.455,128.012,4
spotify:track:4LNSkM5pU80uYmyYXzuaGJ,"+82 Pressin'","The Firstfruit - The 1st Album","마크;해찬",2025-04-07,202400,53,false,313szxy7vswousphfmoumend57fe,2026-02-05T05:54:25Z,"케이팝","SM Entertainment",0.939,0.694,11,-4.744,0,0.0726,0.0662,0,0.0621,0.908,106.01,4
spotify:track:7dggO2kHQVRfeJGgkTW5rj,"200","The Firstfruit - The 1st Album","마크",2025-04-07,164586,46,false,313szxy7vswousphfmoumend57fe,2026-02-05T05:54:25Z,"케이팝","SM Entertainment",0.537,0.816,9,-6.117,1,0.138,0.00104,0.00000502,0.0974,0.648,155.916,4
spotify:track:03HWY5ttImMemD11wWvxBi,"Journey Mercies","The Firstfruit - The 1st Album","마크",2025-04-07,225146,49,false,313szxy7vswousphfmoumend57fe,2026-02-05T05:54:25Z,"케이팝","SM Entertainment",0.391,0.681,0,-5.69,1,0.106,0.27,0,0.381,0.31,178.719,3
spotify:track:6ZCY3iZnWbKiQZNSzOaBz6,"Mom’s Interlude","The Firstfruit - The 1st Album","마크",2025-04-07,95253,39,false,313szxy7vswousphfmoumend57fe,2026-02-05T05:54:25Z,"케이팝","SM Entertainment",0.371,0.492,11,-16.905,0,0.214,0.818,0.0231,0.108,0.297,87.725,4
spotify:track:5mso5sOnb2GJFAq2t0CCSR,"Too Much","The Firstfruit - The 1st Album","마크",2025-04-07,214186,45,false,313szxy7vswousphfmoumend57fe,2026-02-05T05:54:25Z,"케이팝","SM Entertainment",0.687,0.564,2,-6.21,1,0.0786,0.0654,0,0.393,0.348,80.066,4
spotify:track:0FKR7mQJnYqdEmHAMhgQjw,"Blue Valentine","Blue Valentine","NMIXX",2025-10-13,186000,64,false,313szxy7vswousphfmoumend57fe,2026-02-05T05:54:41Z,"케이팝","JYP Entertainment",0.593,0.857,9,-3.97,1,0.352,0.161,0,0.0914,0.547,159.462,4
spotify:track:0XbCJq4M7vpNKIUxdN90jq,"SPINNIN′ ON IT","Blue Valentine","NMIXX",2025-10-13,196000,50,false,313szxy7vswousphfmoumend57fe,2026-02-05T05:54:41Z,"케이팝","JYP Entertainment",0.569,0.888,4,-4.34,0,0.046,0.00229,0,0.38,0.556,89.928,4
spotify:track:0Q5GvSTFxH8yk3A9ktC3iv,"Phoenix","Blue Valentine","NMIXX",2025-10-13,164000,43,false,313szxy7vswousphfmoumend57fe,2026-02-05T05:54:41Z,"케이팝","JYP Entertainment",0.66,0.953,0,-4.25,1,0.0415,0.00494,0.000207,0.0658,0.728,134.003,4
spotify:track:3Y0FjAuJPUfZzXS8eyWEhi,"Reality Hurts","Blue Valentine","NMIXX",2025-10-13,155000,40,false,313szxy7vswousphfmoumend57fe,2026-02-05T05:54:41Z,"케이팝","JYP Entertainment",0.615,0.723,2,-5.02,1,0.17,0.0143,0.00142,0.148,0.444,142.049,4
spotify:track:0crajuERnAByPA6Aqh1a2T,"RICO","Blue Valentine","NMIXX",2025-10-13,152000,40,false,313szxy7vswousphfmoumend57fe,2026-02-05T05:54:41Z,"케이팝","JYP Entertainment",0.817,0.667,7,-5.401,0,0.273,0.0473,0.00000879,0.102,0.773,108.085,4
spotify:track:3Uuy2fuPkAK3aEIt8yqMoe,"Game Face","Blue Valentine","NMIXX",2025-10-13,163000,39,false,313szxy7vswousphfmoumend57fe,2026-02-05T05:54:41Z,"케이팝","JYP Entertainment",0.736,0.827,8,-4.754,1,0.214,0.0765,0,0.2,0.477,94.995,4
spotify:track:2RVdd9U57DFkUCRCxLCnyL,"PODIUM","Blue Valentine","NMIXX",2025-10-13,181000,40,false,313szxy7vswousphfmoumend57fe,2026-02-05T05:54:41Z,"케이팝","JYP Entertainment",0.811,0.825,1,-4.095,1,0.0496,0.0046,0.000361,0.109,0.636,114.012,4
spotify:track:3DroKlrPt6ZgmvzUUDnuWf,"Crush On You","Blue Valentine","NMIXX",2025-10-13,159000,42,false,313szxy7vswousphfmoumend57fe,2026-02-05T05:54:41Z,"케이팝","JYP Entertainment",0.725,0.782,1,-5.476,1,0.0437,0.0868,0,0.151,0.895,104.967,4
spotify:track:5wAVnAV1djH9QQpifjlgod,"ADORE U","Blue Valentine","NMIXX",2025-10-13,150000,42,false,313szxy7vswousphfmoumend57fe,2026-02-05T05:54:41Z,"케이팝","JYP Entertainment",0.461,0.878,4,-2.353,1,0.0873,0.0652,0,0.267,0.609,196.099,4
spotify:track:3px4Y4jtkvZdQKmmsuAPR3,"Shape of Love","Blue Valentine","NMIXX",2025-10-13,172000,41,false,313szxy7vswousphfmoumend57fe,2026-02-05T05:54:41Z,"케이팝","JYP Entertainment",0.768,0.784,8,-5.147,1,0.0512,0.176,0,0.122,0.788,125.029,4
spotify:track:7xegwUqqZgFjXQ0doavCr0,"O.O Part 1 (Baila)","Blue Valentine","NMIXX",2025-10-13,186000,38,false,313szxy7vswousphfmoumend57fe,2026-02-05T05:54:41Z,"케이팝","JYP Entertainment",0.684,0.806,11,-4.285,0,0.12,0.0428,0.0000504,0.0814,0.173,132.991,4
spotify:track:55K2tN7GWLa7bVjyqDxJk6,"O.O Part 2 (Superhero)","Blue Valentine","NMIXX",2025-10-13,176000,38,false,313szxy7vswousphfmoumend57fe,2026-02-05T05:54:41Z,"케이팝","JYP Entertainment",0.708,0.931,2,-3.645,1,0.053,0.0105,0,0.331,0.709,100.008,4
spotify:track:6VjvBCL6c7UjEAkIVf4nA7,"High Horse","Fe3O4: FORWARD","NMIXX",2025-03-17,203213,33,false,313szxy7vswousphfmoumend57fe,2026-02-05T05:54:51Z,"케이팝","JYP Entertainment",0.423,0.79,10,-4.1,1,0.066,0.0194,0.0000044,0.113,0.0975,191.911,4
spotify:track:719MkAinn7QVNoibvtkSHW,"KNOW ABOUT ME","Fe3O4: FORWARD","NMIXX",2025-03-17,165773,50,false,313szxy7vswousphfmoumend57fe,2026-02-05T05:54:51Z,"케이팝","JYP Entertainment",0.707,0.787,2,-3.179,1,0.0459,0.0186,0.0000157,0.295,0.474,168.991,4
spotify:track:2NU4HvHh4JoiSM4dgD3gAO,"Slingshot (＜★)","Fe3O4: FORWARD","NMIXX",2025-03-17,142613,35,false,313szxy7vswousphfmoumend57fe,2026-02-05T05:54:51Z,"케이팝","JYP Entertainment",0.794,0.901,10,-3.417,0,0.317,0.229,0,0.447,0.744,124.943,4
spotify:track:27QcHDVwD1M1fQUcA78OI6,"Golden Recipe","Fe3O4: FORWARD","NMIXX",2025-03-17,181786,33,false,313szxy7vswousphfmoumend57fe,2026-02-05T05:54:51Z,"케이팝","JYP Entertainment",0.804,0.505,10,-6.75,0,0.0916,0.0432,0.000932,0.128,0.574,130.032,4
spotify:track:3VDkhSV12pxgDc8jnF0eMa,"Papillon","Fe3O4: FORWARD","NMIXX",2025-03-17,158040,43,false,313szxy7vswousphfmoumend57fe,2026-02-05T05:54:51Z,"케이팝","JYP Entertainment",0.56,0.794,0,-4.336,1,0.0454,0.0202,0.0000515,0.0659,0.593,151.96,4
spotify:track:6UJdF4LQvXfr3WBZPkHupU,"Ocean","Fe3O4: FORWARD","NMIXX",2025-03-17,170080,38,false,313szxy7vswousphfmoumend57fe,2026-02-05T05:54:51Z,"케이팝","JYP Entertainment",0.516,0.663,7,-5.41,1,0.0602,0.309,0,0.269,0.415,168.095,3
spotify:track:2RENZFrMGuOtr162uKsjOn,"Intro : JANE with FKJ","Ruby","제니;FKJ",2025-03-07,98255,34,false,313szxy7vswousphfmoumend57fe,2026-02-05T05:55:09Z,"케이팝","Columbia Records, a Division of Sony Music Entertainment, under exclusive license from OA ENTERTAINMENT, INC.",0.569,0.28,7,-12.5,0,0.0435,0.849,0.731,0.176,0.568,196.02,4
spotify:track:0DC62SYIRKMFgx2f7OyvwD,"like JENNIE","Ruby","제니",2025-03-07,123517,54,true,313szxy7vswousphfmoumend57fe,2026-02-05T05:55:09Z,"케이팝","Columbia Records, a Division of Sony Music Entertainment, under exclusive license from OA ENTERTAINMENT, INC.",0.811,0.743,10,-5.321,0,0.061,0.281,0.00671,0.0863,0.814,130.019,4
spotify:track:4YoN6sOtjWgbtB2jKgLPHL,"start a war","Ruby","제니",2025-03-07,165066,38,true,313szxy7vswousphfmoumend57fe,2026-02-05T05:55:09Z,"케이팝","Columbia Records, a Division of Sony Music Entertainment, under exclusive license from OA ENTERTAINMENT, INC.",0.485,0.686,10,-5.449,1,0.0576,0.107,0,0.217,0.313,127.24,4
spotify:track:2eOXb8aSpBUQLSk1sTBPEK,"Handlebars (feat. Dua Lipa)","Ruby","제니;Dua Lipa",2025-03-07,184698,44,true,313szxy7vswousphfmoumend57fe,2026-02-05T05:55:09Z,"케이팝,팝","Columbia Records, a Division of Sony Music Entertainment, under exclusive license from OA ENTERTAINMENT, INC.",0.51,0.855,2,-4.208,1,0.0426,0.00377,0,0.0524,0.669,152.018,4
spotify:track:0wQASbxN6UbZXZhKXvuczj,"with the IE (way up)","Ruby","제니",2025-03-07,163899,42,true,313szxy7vswousphfmoumend57fe,2026-02-05T05:55:09Z,"케이팝","Columbia Records, a Division of Sony Music Entertainment, under exclusive license from OA ENTERTAINMENT, INC.",0.736,0.809,1,-1.408,1,0.19,0.0635,0.0000227,0.0495,0.797,89.971,4
spotify:track:3fN2swfuBHUljCyPlA8wBN,"ExtraL (feat. Doechii)","Ruby","제니;Doechii",2025-03-07,167754,44,true,313szxy7vswousphfmoumend57fe,2026-02-05T05:55:09Z,"케이팝","Columbia Records, a Division of Sony Music Entertainment, under exclusive license from OA ENTERTAINMENT, INC.",0.758,0.726,1,-6.452,1,0.1,0.0177,0.000168,0.192,0.699,139.932,4
spotify:track:0oYhOxvxd95jtTWXHkYsPh,"Mantra","Ruby","제니",2025-03-07,136627,46,true,313szxy7vswousphfmoumend57fe,2026-02-05T05:55:09Z,"케이팝","Columbia Records, a Division of Sony Music Entertainment, under exclusive license from OA ENTERTAINMENT, INC.",0.894,0.725,10,-4.984,0,0.0432,0.00434,0.0000115,0.0815,0.837,116.988,4
spotify:track:2DW9UqvL7vcG3qCGFUmvXp,"Love Hangover (feat. Dominic Fike)","Ruby","제니;Dominic Fike",2025-03-07,180129,44,true,313szxy7vswousphfmoumend57fe,2026-02-05T05:55:09Z,"케이팝","Columbia Records, a Division of Sony Music Entertainment, under exclusive license from OA ENTERTAINMENT, INC.",0.627,0.781,0,-6.011,0,0.227,0.121,0,0.133,0.581,147.691,4
spotify:track:76tWxLk4KWOw1Qd8dC5SdI,"ZEN","Ruby","제니",2025-03-07,201446,42,true,313szxy7vswousphfmoumend57fe,2026-02-05T05:55:09Z,"케이팝","Columbia Records, a Division of Sony Music Entertainment, under exclusive license from OA ENTERTAINMENT, INC.",0.685,0.753,6,-7.965,0,0.0516,0.0157,0.00292,0.253,0.205,107.984,4
spotify:track:3KldgsZmR6nCItrTrP8zbl,"Damn Right (feat. Childish Gambino & Kali Uchis)","Ruby","제니;Childish Gambino;Kali Uchis",2025-03-07,230171,38,true,313szxy7vswousphfmoumend57fe,2026-02-05T05:55:09Z,"케이팝","Columbia Records, a Division of Sony Music Entertainment, under exclusive license from OA ENTERTAINMENT, INC.",0.847,0.423,0,-8.24,0,0.0346,0.21,0,0.0996,0.384,116.997,4
spotify:track:6wbLxHGBCpTWIpLZ5L0Zuv,"F.T.S.","Ruby","제니",2025-03-07,152750,33,true,313szxy7vswousphfmoumend57fe,2026-02-05T05:55:09Z,"케이팝","Columbia Records, a Division of Sony Music Entertainment, under exclusive license from OA ENTERTAINMENT, INC.",0.359,0.661,9,-6.913,1,0.0671,0.715,0.00000214,0.141,0.375,179.701,3
spotify:track:4p3oOaC3Fo38tEXp3SR5DN,"Filter","Ruby","제니",2025-03-07,151776,35,true,313szxy7vswousphfmoumend57fe,2026-02-05T05:55:09Z,"케이팝","Columbia Records, a Division of Sony Music Entertainment, under exclusive license from OA ENTERTAINMENT, INC.",0.515,0.799,2,-6.283,1,0.1,0.00682,0.000213,0.21,0.141,187.002,3
spotify:track:3IPh4v7HFJ8Egba3lYNDrQ,"Seoul City","Ruby","제니",2025-03-07,164398,43,false,313szxy7vswousphfmoumend57fe,2026-02-05T05:55:09Z,"케이팝","Columbia Records, a Division of Sony Music Entertainment, under exclusive license from OA ENTERTAINMENT, INC.",0.665,0.545,5,-6.216,1,0.0481,0.0702,0.0000101,0.264,0.259,76.519,4
spotify:track:0rNCeIkEvz61X0oP48z6cC,"Starlight","Ruby","제니",2025-03-07,168457,34,true,313szxy7vswousphfmoumend57fe,2026-02-05T05:55:09Z,"케이팝","Columbia Records, a Division of Sony Music Entertainment, under exclusive license from OA ENTERTAINMENT, INC.",0.688,0.779,4,-5.6,1,0.0468,0.351,0,0.116,0.324,149.94,4
spotify:track:5rP5Mwcx5IYavwVTCmdVIK,"twin","Ruby","제니",2025-03-07,208909,35,false,313szxy7vswousphfmoumend57fe,2026-02-05T05:55:09Z,"케이팝","Columbia Records, a Division of Sony Music Entertainment, under exclusive license from OA ENTERTAINMENT, INC.",0.609,0.299,4,-9.571,1,0.0381,0.837,0,0.109,0.299,113.418,5
spotify:track:6eT8JcaC2kfWAIpN8dubMH,"AVOCADO (feat. Gliiico)","LIL FANTASY vol.1","CHAEYOUNG;Gliiico",2025-09-12,141078,25,false,313szxy7vswousphfmoumend57fe,2026-02-05T05:55:22Z,"","JYP Entertainment",0.599,0.567,4,-5.689,0,0.0304,0.23,0.00622,0.179,0.396,62.002,4
spotify:track:2GTkhvGehFyZrKOM5ehBP2,"BAND-AID","LIL FANTASY vol.1","CHAEYOUNG",2025-09-12,145643,18,false,313szxy7vswousphfmoumend57fe,2026-02-05T05:55:22Z,"","JYP Entertainment",0.683,0.637,5,-6.284,1,0.0496,0.0165,0.00000855,0.295,0.425,135.99,4
spotify:track:0Itf0ou6EFsV8oXBFt9tO6,"SHOOT (Firecracker)","LIL FANTASY vol.1","CHAEYOUNG",2025-09-12,168531,36,false,313szxy7vswousphfmoumend57fe,2026-02-05T05:55:22Z,"","JYP Entertainment",0.789,0.718,0,-4.587,0,0.0337,0.0779,0.00000117,0.132,0.833,119.955,4
spotify:track:4o19MsG7iClTYtrAaUSKES,"GIRL","LIL FANTASY vol.1","CHAEYOUNG",2025-09-12,157753,19,false,313szxy7vswousphfmoumend57fe,2026-02-05T05:55:22Z,"","JYP Entertainment",0.688,0.719,6,-8.361,1,0.0477,0.127,0.000297,0.111,0.534,147.863,4
spotify:track:7MRVedLgzFDNTu5E1Q1BQs,"RIBBONS (feat. SUMIN & Jibin)","LIL FANTASY vol.1","CHAEYOUNG;SUMIN;Jibin",2025-09-12,157083,18,false,313szxy7vswousphfmoumend57fe,2026-02-05T05:55:22Z,"한국 랩,j-R&B","JYP Entertainment",0.717,0.725,0,-4.975,1,0.151,0.0871,0.000137,0.0839,0.766,162.004,4
spotify:track:053uqDHlkv8waTBEJ4v4t4,"DOWNPOUR (feat. Gliiico)","LIL FANTASY vol.1","CHAEYOUNG;Gliiico",2025-09-12,109121,15,false,313szxy7vswousphfmoumend57fe,2026-02-05T05:55:22Z,"","JYP Entertainment",0.704,0.847,6,-4.216,0,0.0356,0.316,0.0228,0.131,0.925,121.016,4
spotify:track:1N3hP4FGe6yVUK94TO3Za2,"BF","LIL FANTASY vol.1","CHAEYOUNG",2025-09-12,91585,16,false,313szxy7vswousphfmoumend57fe,2026-02-05T05:55:22Z,"","JYP Entertainment",0.606,0.594,1,-5.117,0,0.0902,0.00297,0.0000128,0.125,0.964,193.877,4
spotify:track:4HbtQmvaDd7w6p87n1rjn7,"그림자놀이 (SHADOW PUPPETS)","LIL FANTASY vol.1","CHAEYOUNG",2025-09-12,147974,20,false,313szxy7vswousphfmoumend57fe,2026-02-05T05:55:22Z,"","JYP Entertainment",0.633,0.73,9,-4.386,1,0.0369,0.0296,0.00628,0.268,0.26,87.039,4
spotify:track:5O04CZmgp3EibTuPj2LQb1,"내 기타 (My Guitar)","LIL FANTASY vol.1","CHAEYOUNG",2025-09-12,144000,16,false,313szxy7vswousphfmoumend57fe,2026-02-05T05:55:22Z,"","JYP Entertainment",0.624,0.16,3,-10.737,1,0.0428,0.929,0,0.104,0.0943,110.126,3
spotify:track:4ly7INe0YNvJNZYXnp85PH,"SPAGHETTI","SPAGHETTI","LE SSERAFIM;j-hope",2025-10-24,171720,72,false,313szxy7vswousphfmoumend57fe,2026-02-05T05:55:40Z,"케이팝,한국 랩","SOURCE MUSIC",0.899,0.824,11,-4.641,1,0.0714,0.078,0,0.254,0.844,111.508,4
spotify:track:598bDTl82CSTSDnZG0XhGK,"FAMOUS","FAMOUS","ALLDAY PROJECT",2025-06-23,180353,61,false,313szxy7vswousphfmoumend57fe,2026-02-05T05:56:03Z,"케이팝","THEBLACKLABEL",0.782,0.761,9,-5.833,0,0.057,0.0708,0,0.106,0.485,119.977,4
spotify:track:0FKR7mQJnYqdEmHAMhgQjw,"Blue Valentine","Blue Valentine","NMIXX",2025-10-13,186000,64,false,313szxy7vswousphfmoumend57fe,2026-02-05T05:56:15Z,"케이팝","JYP Entertainment",0.593,0.857,9,-3.97,1,0.352,0.161,0,0.0914,0.547,159.462,4
spotify:track:0DC62SYIRKMFgx2f7OyvwD,"like JENNIE","Ruby","제니",2025-03-07,123517,54,true,313szxy7vswousphfmoumend57fe,2026-02-05T05:56:24Z,"케이팝","Columbia Records, a Division of Sony Music Entertainment, under exclusive license from OA ENTERTAINMENT, INC.",0.811,0.743,10,-5.321,0,0.061,0.281,0.00671,0.0863,0.814,130.019,4
spotify:track:6jYiHr12NVKLzn0X7K8aSK,"FOCUS","FOCUS - The 1st Mini Album","Hearts2Hearts",2025-10-20,177052,79,false,313szxy7vswousphfmoumend57fe,2026-02-05T05:56:38Z,"케이팝","SM Entertainment",0.62,0.88,4,-4.459,0,0.212,0.00491,0.00000101,0.0857,0.725,130.032,4
spotify:track:1ERaMpFJLEsNRq1TkjyVJ7,"Kick Clutch","Seoul Bizarre","NECTA",2025-03-13,146000,8,false,313szxy7vswousphfmoumend57fe,2026-02-05T05:57:05Z,"","NECTA",0.854,0.645,1,-7.425,1,0.0825,0.0215,0.00428,0.103,0.244,123.989,4
spotify:track:6mOVjUjtqRCfP8Pq6QEpIP,"Seoul Trash Girl","Seoul Bizarre","NECTA",2025-03-13,162000,14,false,313szxy7vswousphfmoumend57fe,2026-02-05T05:57:05Z,"","NECTA",0.696,0.82,9,-7.715,0,0.0712,0.00264,0.179,0.0662,0.612,145.008,4
spotify:track:4rYTg8mW6aGhJqZ070nyGx,"Lady Love","Seoul Bizarre","NECTA",2025-03-13,200000,18,false,313szxy7vswousphfmoumend57fe,2026-02-05T05:57:05Z,"","NECTA",0.683,0.935,1,-4.381,0,0.0453,0.0248,0.0906,0.0531,0.831,128.003,4
spotify:track:1M4xJ7INMitElPABltKYNl,"NYMPHO","Seoul Bizarre","NECTA",2025-03-13,180000,8,false,313szxy7vswousphfmoumend57fe,2026-02-05T05:57:05Z,"","NECTA",0.782,0.962,11,-6.419,0,0.0751,0.0207,0.634,0.0571,0.713,131.998,4
spotify:track:0STv4eIATTZ0aLJLhGK1j4,"Dirty Sweet","Seoul Bizarre","NECTA",2025-03-13,151000,6,false,313szxy7vswousphfmoumend57fe,2026-02-05T05:57:05Z,"","NECTA",0.789,0.691,8,-6.947,1,0.0485,0.0119,0.0104,0.351,0.541,105.032,4
spotify:track:1MREd5MuJSX1SUN8ZtBrmk,"Brother's Said (feat. ROOKIE)","UnderNationWide","bojvck;ROOKIE",2025-10-27,46625,6,false,313szxy7vswousphfmoumend57fe,2026-02-05T05:58:03Z,"풋워크","QEORI2020",0.855,0.586,10,-12.942,1,0.187,0.288,0.262,0.0976,0.956,90.096,4
spotify:track:7kEqo0jO9tl84rtH6FEWa4,"H-I-P-H-O-P","UnderNationWide","bojvck",2025-10-27,159493,19,false,313szxy7vswousphfmoumend57fe,2026-02-05T05:58:03Z,"풋워크","QEORI2020",0.815,0.96,11,-6.561,0,0.0646,0.00159,0.000303,0.0612,0.69,129.993,4
spotify:track:1PM2AHZBZjlr7jTjGVITS1,"Like a B.J","UnderNationWide","bojvck",2025-10-27,103458,22,false,313szxy7vswousphfmoumend57fe,2026-02-05T05:58:03Z,"풋워크","QEORI2020",0.8,0.58,11,-8.403,1,0.0877,0.0000716,0.766,0.077,0.587,130.092,4
spotify:track:6ZKmfEPgqUMQxqiODru9F6,"Tonight U Gonna","UnderNationWide","bojvck",2025-10-27,102765,6,false,313szxy7vswousphfmoumend57fe,2026-02-05T05:58:03Z,"풋워크","QEORI2020",0.673,0.912,1,-7.838,1,0.0409,0.0000363,0.353,0.0999,0.527,130.493,4
spotify:track:2yZbih2UUwgUul2WEW4awv,"SkinnyBoi","UnderNationWide","bojvck",2025-10-27,219929,6,false,313szxy7vswousphfmoumend57fe,2026-02-05T05:58:03Z,"풋워크","QEORI2020",0.734,0.911,7,-8.747,1,0.0663,0.00349,0.212,0.25,0.339,130.986,4
spotify:track:4vqDefIMXmScT6uw620tJ8,"B.O in The House","UnderNationWide","bojvck",2025-10-27,131687,7,false,313szxy7vswousphfmoumend57fe,2026-02-05T05:58:03Z,"풋워크","QEORI2020",0.83,0.945,11,-8.171,0,0.0658,0.00257,0.0472,0.166,0.592,131.651,4
spotify:track:1CX8RgOPWQWXgpvmGaviSq,"Let's Slide, Get The Girl","UnderNationWide","bojvck",2025-10-27,174826,4,false,313szxy7vswousphfmoumend57fe,2026-02-05T05:58:03Z,"풋워크","QEORI2020",0.721,0.972,6,-9.303,1,0.0504,0.00762,0.613,0.251,0.743,131.82,4
spotify:track:5BW8oC1pvDvNf5umqQKF2J,"Oh Yeah","UnderNationWide","bojvck",2025-10-27,167181,4,false,313szxy7vswousphfmoumend57fe,2026-02-05T05:58:03Z,"풋워크","QEORI2020",0.69,0.905,6,-10.954,0,0.076,0.00309,0.449,0.369,0.45,131.899,4
spotify:track:0n1FhwZ9JZRdepHs4VXxxd,"Concrete Shawty Bounce","UnderNationWide","bojvck",2025-10-27,188531,4,false,313szxy7vswousphfmoumend57fe,2026-02-05T05:58:03Z,"풋워크","QEORI2020",0.764,0.983,5,-9.096,1,0.0457,0.0252,0.0000828,0.431,0.42,132.298,4
spotify:track:0fT9kK1BfVCKWKAvihAImc,"Bumpin'","UnderNationWide","bojvck",2025-10-27,222859,5,false,313szxy7vswousphfmoumend57fe,2026-02-05T05:58:03Z,"풋워크","QEORI2020",0.854,0.979,1,-6.416,1,0.0616,0.0326,0.106,0.619,0.636,134.148,4
spotify:track:3DM5ELvMBT57xvzSzPcjSY,"Classic Seoul Break","UnderNationWide","bojvck",2025-10-27,150265,5,false,313szxy7vswousphfmoumend57fe,2026-02-05T05:58:03Z,"풋워크","QEORI2020",0.78,0.9,6,-6.047,1,0.0358,0.000916,0.446,0.288,0.718,140.002,4
spotify:track:5gUyyqowEQn4RRCWu8KV9F,"Break/MegaMix","UnderNationWide","bojvck",2025-10-27,275013,4,false,313szxy7vswousphfmoumend57fe,2026-02-05T05:58:03Z,"풋워크","QEORI2020",0.646,0.949,1,-6.869,1,0.0558,0.000509,0.298,0.0807,0.547,141.37,4
spotify:track:3oANEn4kRzCaYQIesctwv9,"H-I-P-H-O-P - Extended Version","UnderNationWide","bojvck",2025-10-27,160615,3,false,313szxy7vswousphfmoumend57fe,2026-02-05T05:58:03Z,"풋워크","QEORI2020",0.815,0.97,1,-4.213,0,0.063,0.000732,0.000293,0.0355,0.692,129.998,4
spotify:track:7AJvgBT1YuSD1jANRizxwN,"Like a B.J - Extended Version","UnderNationWide","bojvck",2025-10-27,179076,3,false,313szxy7vswousphfmoumend57fe,2026-02-05T05:58:03Z,"풋워크","QEORI2020",0.8,0.799,6,-6.656,1,0.0484,0.0000694,0.735,0.105,0.451,130.002,4
spotify:track:0wEngte86NQtp6fJ97MfJ8,"SkinnyBoi - Extended Version","UnderNationWide","bojvck",2025-10-27,180923,2,false,313szxy7vswousphfmoumend57fe,2026-02-05T05:58:03Z,"풋워크","QEORI2020",0.8,0.947,2,-5.932,1,0.101,0.000839,0.0375,0.0946,0.328,129.916,4
spotify:track:68FHAYueulfhpL7vBE6lR2,"Let's Slide, Get The Girl - Extended Version","UnderNationWide","bojvck",2025-10-27,180923,2,false,313szxy7vswousphfmoumend57fe,2026-02-05T05:58:03Z,"풋워크","QEORI2020",0.74,0.84,6,-7.461,1,0.049,0.0022,0.652,0.0873,0.512,130.013,4
spotify:track:6NwHZ45rrqn98mZW0V4rVg,"Concrete Shawty Bounce - Extended Version","UnderNationWide","bojvck",2025-10-27,174222,2,false,313szxy7vswousphfmoumend57fe,2026-02-05T05:58:03Z,"풋워크","QEORI2020",0.789,0.942,5,-7.418,1,0.0619,0.0149,0.00955,0.0565,0.388,134.986,4
spotify:track:1PnCJwRqVFk3oycSQHbBul,"Bumpin' - Extended Version","UnderNationWide","bojvck",2025-10-27,194117,2,false,313szxy7vswousphfmoumend57fe,2026-02-05T05:58:03Z,"풋워크","QEORI2020",0.944,0.984,1,-5.049,1,0.111,0.014,0.176,0.0457,0.414,136.014,4
spotify:track:4MQPLxb8wK76lIccQnmmIn,"Classic Seoul Break - Extended Version","UnderNationWide","bojvck",2025-10-27,181714,2,false,313szxy7vswousphfmoumend57fe,2026-02-05T05:58:03Z,"풋워크","QEORI2020",0.802,0.941,1,-4.866,1,0.0423,0.0011,0.668,0.432,0.719,139.973,4
spotify:track:5HbF4jFAK9YPMlqNjyoWym,"forever (feat. Manaka)","E","Effie;Manaka",2025-03-28,153230,39,false,313szxy7vswousphfmoumend57fe,2026-02-05T05:58:23Z,"하이퍼팝,한국 랩,일렉트로클래시,j-랩","2025 A MASS CULTURE",0.581,0.828,2,-3.396,1,0.049,0.152,0,0.111,0.468,130.123,4
spotify:track:4TsTsXukyNBJ5EfYFOw8LG,"down","E","Effie",2025-03-28,134583,48,false,313szxy7vswousphfmoumend57fe,2026-02-05T05:58:23Z,"하이퍼팝,한국 랩,일렉트로클래시","2025 A MASS CULTURE",0.807,0.485,11,-5.542,0,0.0825,0.202,0.0000622,0.103,0.875,144.069,4
spotify:track:7BA8k63R2UFRjhYaN0E42t,"코카콜라","E","Effie",2025-03-28,142941,42,false,313szxy7vswousphfmoumend57fe,2026-02-05T05:58:23Z,"하이퍼팝,한국 랩,일렉트로클래시","2025 A MASS CULTURE",0.671,0.764,11,-3.318,1,0.0341,0.133,0.000388,0.141,0.0931,136.066,4
spotify:track:117sD3eN6Kaymsgx1bgcCw,"kancho","E","Effie",2025-03-28,138947,37,false,313szxy7vswousphfmoumend57fe,2026-02-05T05:58:23Z,"하이퍼팝,한국 랩,일렉트로클래시","2025 A MASS CULTURE",0.686,0.598,5,-2.553,1,0.05,0.141,0.0000013,0.102,0.411,152.13,4
spotify:track:1zqbsVEYjCCloTKL3yiWhS,"maybe baby","E","Effie",2025-03-28,112965,47,false,313szxy7vswousphfmoumend57fe,2026-02-05T05:58:23Z,"하이퍼팝,한국 랩,일렉트로클래시","2025 A MASS CULTURE",0.62,0.598,6,-0.284,1,0.0837,0.0254,0.00000112,0.0806,0.349,145.302,4
spotify:track:5qgRXWcgFajtVeqt0t0ASo,"put my hoodie on","E","Effie",2025-03-28,168175,44,false,313szxy7vswousphfmoumend57fe,2026-02-05T05:58:23Z,"하이퍼팝,한국 랩,일렉트로클래시","2025 A MASS CULTURE",0.591,0.79,8,-0.949,1,0.0465,0.0195,0,0.132,0.551,136.934,4
spotify:track:1pKbRD6LFFxWJV5uLZdSJ7,"open ur eyes","E","Effie",2025-03-28,157714,37,false,313szxy7vswousphfmoumend57fe,2026-02-05T05:58:23Z,"하이퍼팝,한국 랩,일렉트로클래시","2025 A MASS CULTURE",0.677,0.636,8,-2.183,1,0.0533,0.015,0.000313,0.19,0.221,139.994,4
spotify:track:5xcxQPTt1jnGOcnbIqvAKL,"s2WINGSs2","4EVA","Yetsuby",2025-03-26,153428,11,false,313szxy7vswousphfmoumend57fe,2026-02-05T05:59:16Z,"IDM,익스페리멘탈","Pink Oyster",0.591,0.755,8,-8.784,1,0.0446,0.321,0.514,0.119,0.464,139.907,4
spotify:track:6c7M6a9WZKUXu58Lb81ie1,"FLY","4EVA","Yetsuby",2025-03-26,250312,13,false,313szxy7vswousphfmoumend57fe,2026-02-05T05:59:16Z,"IDM,익스페리멘탈","Pink Oyster",0.591,0.868,8,-7.265,1,0.0381,0.306,0.311,0.138,0.951,140.032,4
spotify:track:6JaVaR5HqDQ8AVdQFHnrCl,"SOUNDCLOUD","4EVA","Yetsuby",2025-03-26,261847,10,false,313szxy7vswousphfmoumend57fe,2026-02-05T05:59:16Z,"IDM,익스페리멘탈","Pink Oyster",0.785,0.865,10,-6.57,0,0.0533,0.0103,0.124,0.0913,0.628,131.943,4
spotify:track:1W4HPbCzcoc4Pz9EOq0kCN,"Aestheti-Q","4EVA","Yetsuby",2025-03-26,230000,13,false,313szxy7vswousphfmoumend57fe,2026-02-05T05:59:16Z,"IDM,익스페리멘탈","Pink Oyster",0.764,0.92,2,-6.539,0,0.051,0.00783,0.845,0.0893,0.725,144.026,4
spotify:track:3pX47i4haSGidp3rQ5RV5p,";P","4EVA","Yetsuby",2025-03-26,209538,6,false,313szxy7vswousphfmoumend57fe,2026-02-05T05:59:16Z,"IDM,익스페리멘탈","Pink Oyster",0.665,0.715,6,-9.562,1,0.0661,0.17,0.459,0.112,0.197,129.843,4
spotify:track:0r2R24qeKfamfNh3e3a3Qi,"4EVA","4EVA","Yetsuby",2025-03-26,292258,8,false,313szxy7vswousphfmoumend57fe,2026-02-05T05:59:16Z,"IDM,익스페리멘탈","Pink Oyster",0.656,0.927,11,-7.09,1,0.0364,0.0703,0.417,0.339,0.28,124.013,4
spotify:track:6hhwE7VLBQeaxn6EhVzkjq,"Where is my..","4EVA","Yetsuby",2025-03-26,308000,22,false,313szxy7vswousphfmoumend57fe,2026-02-05T05:59:16Z,"IDM,익스페리멘탈","Pink Oyster",0.685,0.684,6,-7.372,1,0.0562,0.653,0.768,0.0951,0.722,119.92,4
spotify:track:2XdrYyN28rPVByZIzV5DmT,"aaa1","4EVA","Yetsuby",2025-03-26,210514,9,false,313szxy7vswousphfmoumend57fe,2026-02-05T05:59:16Z,"IDM,익스페리멘탈","Pink Oyster",0.718,0.646,8,-11.439,0,0.047,0.231,0.53,0.0555,0.57,102.029,4
spotify:track:1I7kCAHvafRIKQpe9mAjnG,"aaa2","4EVA","Yetsuby",2025-03-26,206296,5,false,313szxy7vswousphfmoumend57fe,2026-02-05T05:59:16Z,"IDM,익스페리멘탈","Pink Oyster",0.677,0.993,6,-7.014,0,0.0624,0.0739,0.792,0.239,0.762,159.93,4
spotify:track:4nxq5hUTp6JFPX0VUthAo1,"I AM","4EVA","Yetsuby",2025-03-26,325868,4,false,313szxy7vswousphfmoumend57fe,2026-02-05T05:59:16Z,"IDM,익스페리멘탈","Pink Oyster",0.669,0.933,7,-7.403,0,0.0875,0.0135,0.865,0.132,0.36,110.013,4
spotify:track:5675b2KEYe7uQAh1gtvV9E,"이 앨범의 주제","키라라","KIRARA",2025-02-22,12213,0,false,313szxy7vswousphfmoumend57fe,2026-02-05T05:59:29Z,"빅 비트","까미뮤직",,,,,,,,,,,,
spotify:track:4ICfbF5RyhX8rxVUZKg2l5,"음악 (with. 선우정아)","키라라","KIRARA;선우정아",2025-02-22,312880,27,false,313szxy7vswousphfmoumend57fe,2026-02-05T05:59:29Z,"빅 비트,K-발라드","까미뮤직",0.747,0.949,1,-4.686,1,0.05,0.0267,0.00241,0.0669,0.945,119.978,4
spotify:track:11nTvLwWYbRTDnmjWCedBm,"Contrast (with. untell)","키라라","KIRARA;untell",2025-02-22,292520,23,false,313szxy7vswousphfmoumend57fe,2026-02-05T05:59:29Z,"빅 비트,한국 랩","까미뮤직",0.757,0.807,1,-5.901,1,0.0797,0.00715,0.722,0.0456,0.343,125.01,4
spotify:track:4gUueExHlcI5bQ8gnuxhPp,"망한 놀이공원","키라라","KIRARA",2025-02-22,288680,22,false,313szxy7vswousphfmoumend57fe,2026-02-05T05:59:29Z,"빅 비트","까미뮤직",0.7,0.955,5,-5.512,0,0.0775,0.0813,0.629,0.0694,0.918,129.975,4
spotify:track:4DcfJEUYlXuFQEtFjFTtgh,"샐러드 (with. Jang Myung Sun 장명선)","키라라","KIRARA;Jang Myung Sun 장명선",2025-02-22,340066,16,false,313szxy7vswousphfmoumend57fe,2026-02-05T05:59:29Z,"빅 비트,아트 팝,시부야계","까미뮤직",0.805,0.882,8,-5.9,0,0.0729,0.011,0.061,0.0549,0.905,125.014,4
spotify:track:049BNJGFKdlXfwoOZCXULA,"조각 (with. 스월비)","키라라","KIRARA;스월비",2025-02-22,290400,20,true,313szxy7vswousphfmoumend57fe,2026-02-05T05:59:29Z,"빅 비트,한국 랩","까미뮤직",0.736,0.828,1,-4.937,1,0.344,0.653,0,0.11,0.559,80.007,4
spotify:track:2ITdM3zDAtRoebpTwQ9Qr3,"조각모음 1","키라라","KIRARA",2025-02-22,217653,16,false,313szxy7vswousphfmoumend57fe,2026-02-05T05:59:29Z,"빅 비트","까미뮤직",0.777,0.756,1,-6.564,0,0.0826,0.163,0.856,0.0724,0.393,124.988,4
spotify:track:3gwpfp0yub9j04HsUblIvx,"조감도 (with. 예람)","키라라","KIRARA;예람",2025-02-22,351466,15,false,313szxy7vswousphfmoumend57fe,2026-02-05T05:59:29Z,"빅 비트","까미뮤직",0.621,0.708,5,-5.61,0,0.0266,0.207,0.00000126,0.244,0.478,119.978,4
spotify:track:7hnPO504K1ft5aQ4vjhrbF,"증발 (with. HOLLOW JAN)","키라라","KIRARA;HOLLOW JAN",2025-02-22,400986,18,false,313szxy7vswousphfmoumend57fe,2026-02-05T05:59:29Z,"빅 비트,스크리모,포스트 하드코어,포스트 록,한국 록","까미뮤직",0.604,0.825,9,-3.735,1,0.0341,0.312,0.0000804,0.277,0.269,119.993,4
spotify:track:75N7jGVZXp1ALJQJPeXWlg,"지구 밖 (with. Han Jung In)","키라라","KIRARA;Han Jung In",2025-02-22,311373,13,false,313szxy7vswousphfmoumend57fe,2026-02-05T05:59:29Z,"빅 비트","까미뮤직",0.845,0.384,1,-6.937,1,0.0473,0.645,0.0000884,0.112,0.533,105.01,4
spotify:track:3wDkoshQnSFI8QpcMBIRWX,"격추","키라라","KIRARA",2025-02-22,406893,12,false,313szxy7vswousphfmoumend57fe,2026-02-05T05:59:29Z,"빅 비트","까미뮤직",0.644,0.962,4,-5.805,0,0.0878,0.245,0.863,0.33,0.22,129.993,4
spotify:track:6cEbjpYsMoT323nvhpx2YM,"조각모음 2","키라라","KIRARA",2025-02-22,271546,11,false,313szxy7vswousphfmoumend57fe,2026-02-05T05:59:29Z,"빅 비트","까미뮤직",0.814,0.901,11,-6.746,0,0.0578,0.000839,0.917,0.338,0.651,124.991,4
spotify:track:4B9TkmlETFAbPV7DGhWv1O,"Love Me","키라라","KIRARA",2025-02-22,320653,17,false,313szxy7vswousphfmoumend57fe,2026-02-05T05:59:29Z,"빅 비트","까미뮤직",0.727,0.94,0,-4.58,1,0.0595,0.0526,0.519,0.298,0.21,119.985,4
spotify:track:2zWha251oZrXrujgKPveOi,"FP","키라라","KIRARA",2025-02-22,266600,13,false,313szxy7vswousphfmoumend57fe,2026-02-05T05:59:29Z,"빅 비트","까미뮤직",0.628,0.993,2,-5.454,1,0.316,0.00984,0.867,0.316,0.191,159.993,4
spotify:track:69cR7o3LURMLKOuPW4fSt0,"영원한 빛 (feat. 김뜻돌)","사양","Naojusung;김뜻돌",2025-04-22,233716,9,false,313szxy7vswousphfmoumend57fe,2026-02-05T05:59:58Z,"한국 록,일본 인디,시부야계","Loveyc",0.263,0.176,4,-13.548,1,0.0359,0.971,0.369,0.0635,0.0725,140.972,3
spotify:track:4rYTg8mW6aGhJqZ070nyGx,"Lady Love","Seoul Bizarre","NECTA",2025-03-13,200000,18,false,313szxy7vswousphfmoumend57fe,2026-02-05T06:00:15Z,"","NECTA",0.683,0.935,1,-4.381,0,0.0453,0.0248,0.0906,0.0531,0.831,128.003,4
spotify:track:4fiCzBk5itJWQJiL2pxYKf,"BODY BREAK","MELanKolI","MELKI",2025-06-20,236000,10,false,313szxy7vswousphfmoumend57fe,2026-02-05T06:01:58Z,"한국 록,다크 앰비언트","Llovegood",0.194,0.966,10,-6.477,1,0.151,0.00118,0.831,0.964,0.12,163.918,5
spotify:track:1pKbRD6LFFxWJV5uLZdSJ7,"open ur eyes","E","Effie",2025-03-28,157714,37,false,313szxy7vswousphfmoumend57fe,2026-02-05T06:02:55Z,"하이퍼팝,한국 랩,일렉트로클래시","2025 A MASS CULTURE",0.677,0.636,8,-2.183,1,0.0533,0.015,0.000313,0.19,0.221,139.994,4
spotify:track:4ICfbF5RyhX8rxVUZKg2l5,"음악 (with. 선우정아)","키라라","KIRARA;선우정아",2025-02-22,312880,27,false,313szxy7vswousphfmoumend57fe,2026-02-05T06:03:17Z,"빅 비트,K-발라드","까미뮤직",0.747,0.949,1,-4.686,1,0.05,0.0267,0.00241,0.0669,0.945,119.978,4
spotify:track:5eyO8dgWcSHAmHSzXwbzBc,"BACK IN THE GAME","ANIMAL FKRY","viceversa",2025-03-03,132266,39,true,313szxy7vswousphfmoumend57fe,2026-02-05T06:03:38Z,"한국 랩","3YE GLOBAL",0.719,0.866,1,-4.686,1,0.313,0.218,0,0.391,0.697,159.876,4
spotify:track:7AJVIZQ71loK6gSYSsNR9z,"FAQ","ANIMAL FKRY","viceversa",2025-03-03,138162,46,true,313szxy7vswousphfmoumend57fe,2026-02-05T06:03:38Z,"한국 랩","3YE GLOBAL",0.888,0.654,9,-3.628,1,0.131,0.0206,0,0.122,0.208,140.011,4
spotify:track:5mwSwQbJ4yFmYCs02FRb32,"THE WOODS","ANIMAL FKRY","viceversa",2025-03-03,154746,36,true,313szxy7vswousphfmoumend57fe,2026-02-05T06:03:38Z,"한국 랩","3YE GLOBAL",0.759,0.68,1,-6.022,1,0.085,0.0148,0.00000231,0.123,0.123,76.031,4
spotify:track:3G7zdm2e5ff5Wg2NpF6tQ9,"DOGGIE HOLA","ANIMAL FKRY","viceversa",2025-03-03,162253,41,true,313szxy7vswousphfmoumend57fe,2026-02-05T06:03:38Z,"한국 랩","3YE GLOBAL",0.656,0.84,1,-7.301,1,0.296,0.0534,0,0.139,0.423,142.106,4
spotify:track:43Y1XC7zeARP3Z4JfPXPBo,"WOLFY","ANIMAL FKRY","viceversa",2025-03-03,140466,37,true,313szxy7vswousphfmoumend57fe,2026-02-05T06:03:38Z,"한국 랩","3YE GLOBAL",0.854,0.746,10,-4.063,0,0.298,0.0505,0.00000259,0.095,0.291,126.043,4
spotify:track:0C3QSZHH3hSwQAXY1l3ryF,"NIGHT VISION","ANIMAL FKRY","viceversa",2025-03-03,161280,34,true,313szxy7vswousphfmoumend57fe,2026-02-05T06:03:38Z,"한국 랩","3YE GLOBAL",0.86,0.669,10,-8.533,0,0.241,0.00108,0.00196,0.22,0.0977,101.96,4
spotify:track:0MjBQesQGbBFLMINezZPDZ,"NEON LIGHTS","ANIMAL FKRY","viceversa",2025-03-03,130119,35,false,313szxy7vswousphfmoumend57fe,2026-02-05T06:03:38Z,"한국 랩","3YE GLOBAL",0.697,0.776,8,-5.948,1,0.0399,0.0000574,0.495,0.249,0.373,133.949,4
spotify:track:5tLACLrjV90HBmrnyvkawz,"IF I DIE","ANIMAL FKRY","viceversa",2025-03-03,200706,42,false,313szxy7vswousphfmoumend57fe,2026-02-05T06:03:38Z,"한국 랩","3YE GLOBAL",0.834,0.6,1,-5.26,1,0.101,0.0481,0.000108,0.0983,0.208,115.986,4
spotify:track:69hhmRVBB7CfUKgv9HSLJb,"FTM3 Intro","FREE THE MANE 3 “FREE THE MANE VS B-FREE”","비프리",2025-10-03,206062,25,false,313szxy7vswousphfmoumend57fe,2026-02-05T06:03:57Z,"한국 랩","New Wave Records / ADA",0.879,0.714,5,-2.201,0,0.0737,0.0926,0.0000131,0.0656,0.664,97.994,4
spotify:track:4yk4Ua3IEXjp3RMADMkgG3,"FREE THE MANE VS B-FREE","FREE THE MANE 3 “FREE THE MANE VS B-FREE”","비프리",2025-10-03,182447,26,false,313szxy7vswousphfmoumend57fe,2026-02-05T06:03:57Z,"한국 랩","New Wave Records / ADA",0.828,0.795,2,-2.574,1,0.0505,0.0597,0,0.273,0.636,99.993,4
spotify:track:1QIxOdT6avlonHAPAQbgVy,"Nergal","FREE THE MANE 3 “FREE THE MANE VS B-FREE”","비프리",2025-10-03,184115,30,false,313szxy7vswousphfmoumend57fe,2026-02-05T06:03:57Z,"한국 랩","New Wave Records / ADA",0.929,0.583,8,-4.786,1,0.139,0.0674,0,0.156,0.948,94.023,4
spotify:track:3KzBaNFXWsBKsiMSIH2kIg,"Greedyman (feat. FREE THE BEAST & the GOD SUN SYMPHONY)","FREE THE MANE 3 “FREE THE MANE VS B-FREE”","비프리;FREE THE BEAST;the GOD SUN SYMPHONY",2025-10-03,178500,23,false,313szxy7vswousphfmoumend57fe,2026-02-05T06:03:57Z,"한국 랩","New Wave Records / ADA",0.699,0.965,11,-2.453,1,0.0667,0.1,0,0.123,0.787,85.968,4
spotify:track:7m6QurISPPoEfLbYzJbDc4,"Kongnamul-gukbap (feat. Rob Mizory)","FREE THE MANE 3 “FREE THE MANE VS B-FREE”","비프리;Rob Mizory",2025-10-03,229187,26,false,313szxy7vswousphfmoumend57fe,2026-02-05T06:03:57Z,"한국 랩","New Wave Records / ADA",0.853,0.982,0,-3.939,1,0.0811,0.328,0,0.338,0.747,109.046,4
spotify:track:2JMnWLVfFpl3pLFF7Ze6b2,"Positive hypnosis","FREE THE MANE 3 “FREE THE MANE VS B-FREE”","비프리",2025-10-03,202098,24,false,313szxy7vswousphfmoumend57fe,2026-02-05T06:03:57Z,"한국 랩","New Wave Records / ADA",0.838,0.624,7,-7.131,1,0.209,0.669,0,0.123,0.867,94.932,4
spotify:track:2EdF3V34NpfknXGih6zytb,"Party in my head","FREE THE MANE 3 “FREE THE MANE VS B-FREE”","비프리",2025-10-03,163400,22,false,313szxy7vswousphfmoumend57fe,2026-02-05T06:03:57Z,"한국 랩","New Wave Records / ADA",0.848,0.676,10,-4.288,0,0.263,0.109,0,0.0478,0.948,93.985,4
spotify:track:4nLnzsRfA9SJx4xm9fzsCE,"Theory of the Treasure King Samadhi (feat. Jeremy Que$t)","FREE THE MANE 3 “FREE THE MANE VS B-FREE”","비프리;Jeremy Que$t",2025-10-03,209531,21,true,313szxy7vswousphfmoumend57fe,2026-02-05T06:03:57Z,"한국 랩","New Wave Records / ADA",0.928,0.772,10,-5.383,1,0.0465,0.0125,0,0.0988,0.881,102.013,4
spotify:track:0DTd2xXuMnhLl9tfeAa3wt,"Birth of a Nation (feat. DJ Bigter & The Flower of Life Trio)","FREE THE MANE 3 “FREE THE MANE VS B-FREE”","비프리;DJ BIGTER;The Flower of Life Trio",2025-10-03,165237,21,false,313szxy7vswousphfmoumend57fe,2026-02-05T06:03:57Z,"한국 랩","New Wave Records / ADA",0.713,0.85,2,-2.622,1,0.255,0.151,0,0.0948,0.885,93.025,4
spotify:track:7Ec8QhND6pNbULSUiLPoNZ,"Grandpa","FREE THE MANE 3 “FREE THE MANE VS B-FREE”","비프리",2025-10-03,165161,26,false,313szxy7vswousphfmoumend57fe,2026-02-05T06:03:57Z,"한국 랩","New Wave Records / ADA",0.787,0.691,0,-2.918,0,0.232,0.526,0,0.103,0.785,92.85,4
spotify:track:0UNDHM44tTZ9DjIYVI1l0A,"Haribo","FREE THE MANE 3 “FREE THE MANE VS B-FREE”","비프리",2025-10-03,197710,20,false,313szxy7vswousphfmoumend57fe,2026-02-05T06:03:57Z,"한국 랩","New Wave Records / ADA",0.836,0.359,2,-4.502,1,0.115,0.405,0,0.0555,0.649,86.985,4
spotify:track:7k4cSX3Lz2PKgHphskCQrg,"Internet is not your friend / Heavy snow (feat. The Flower of Life Trio, FREE THE BEAST & the GOD SUN SYMPHONY)","FREE THE MANE 3 “FREE THE MANE VS B-FREE”","비프리;The Flower of Life Trio;FREE THE BEAST;the GOD SUN SYMPHONY",2025-10-03,435647,19,true,313szxy7vswousphfmoumend57fe,2026-02-05T06:03:57Z,"한국 랩","New Wave Records / ADA",0.457,0.846,6,-4.262,1,0.267,0.181,0,0.361,0.709,85.63,4
spotify:track:6wJYCMGEvXtbNYTs7ovL72,"K-FLIP","K-FLIP+","식케이;Lil Moshpit",2025-03-17,138555,47,false,313szxy7vswousphfmoumend57fe,2026-02-05T06:04:07Z,"한국 랩","KC, AT AREA",0.477,0.859,0,-3.061,0,0.0975,0.0347,0,0.865,0.201,158.041,4
spotify:track:2t6RzQ2oHrCs6kir5Br70X,"KC2 (Feat. JMIN, 김하온 (HAON))","K-FLIP+","식케이;Lil Moshpit;JMIN;김하온",2025-03-17,189353,46,true,313szxy7vswousphfmoumend57fe,2026-02-05T06:04:07Z,"한국 랩","KC, AT AREA",0.552,0.906,1,-3.33,0,0.0401,0.00343,0.0000143,0.317,0.607,148.099,4
spotify:track:0KSRooB5KakgVrZm1ymQ9x,"LALALA (Snitch Club)","K-FLIP+","식케이;Lil Moshpit",2025-03-17,181061,46,true,313szxy7vswousphfmoumend57fe,2026-02-05T06:04:07Z,"한국 랩","KC, AT AREA",0.168,0.869,1,-2.898,1,0.0495,0.121,0,0.262,0.155,75.185,4
spotify:track:1t8NmNo7AvUhhywVZCbWjs,"INTERLUDE","K-FLIP+","식케이;Lil Moshpit",2025-03-17,53706,42,false,313szxy7vswousphfmoumend57fe,2026-02-05T06:04:07Z,"한국 랩","KC, AT AREA",0.155,0.561,10,-7.375,0,0.0346,0.000701,0.976,0.568,0.0373,60.04,3
spotify:track:4GygGjJVRBtPfLFTjitvao,"SELF HATE (Feat. 호미들)","K-FLIP+","식케이;Lil Moshpit;호미들",2025-03-17,218029,44,false,313szxy7vswousphfmoumend57fe,2026-02-05T06:04:07Z,"한국 랩","KC, AT AREA",0.52,0.885,10,-2.352,0,0.065,0.0403,0,0.253,0.238,142.837,4
spotify:track:1ANgzrRNt6ppWJlk8KNkQL,"PUBLIC ENEMY (Feat. 노윤하, Wuuslime)","K-FLIP+","식케이;Lil Moshpit;노윤하;Wuuslime",2025-03-17,189016,49,true,313szxy7vswousphfmoumend57fe,2026-02-05T06:04:07Z,"한국 랩","KC, AT AREA",0.53,0.897,4,-2.49,0,0.0661,0.00786,0,0.333,0.404,161.016,4
spotify:track:1LvUX3Sok90BMZdBPGHDIS,"MADE IN KCOREA (1TAKEBAR)","K-FLIP+","식케이;Lil Moshpit",2025-03-17,155746,48,false,313szxy7vswousphfmoumend57fe,2026-02-05T06:04:07Z,"한국 랩","KC, AT AREA",0.633,0.782,0,-3.697,0,0.0499,0.0133,0,0.25,0.509,124.025,4
spotify:track:1QC4Ztt2GlFWpdSMLwt5ol,"LOV3 (Feat. Bryan Chase, Okasian)","K-FLIP+","식케이;Lil Moshpit;Bryan Chase;오케이션",2025-03-17,236240,63,true,313szxy7vswousphfmoumend57fe,2026-02-05T06:04:07Z,"한국 랩,j-랩","KC, AT AREA",0.645,0.921,1,-3.402,0,0.0341,0.063,0,0.302,0.582,132.03,4
spotify:track:2CTXMnufDSeYiuQfpIfQtp,"NEW ANTHEM (Feat. PENOMECO)","K-FLIP+","식케이;Lil Moshpit;페노메코",2025-03-17,148173,45,true,313szxy7vswousphfmoumend57fe,2026-02-05T06:04:07Z,"한국 랩","KC, AT AREA",0.519,0.863,9,-2.437,0,0.0965,0.0035,0,0.32,0.673,159.98,4
spotify:track:6NDEfaIJXAdCG21UHujFUp,"PUBLIC ENEMY REMIX (Feat. CHANGMO, ZICO)","K-FLIP+","식케이;Lil Moshpit;창모;지코",2025-03-17,189186,48,true,313szxy7vswousphfmoumend57fe,2026-02-05T06:04:07Z,"한국 랩,케이팝","KC, AT AREA",0.599,0.897,0,-2.4,1,0.121,0.0061,0,0.419,0.667,80.554,4
spotify:track:41ivC4q87XwbO4SKLgLt4m,"MORE HYPER","pullup to busan 4 morE hypEr summEr it’s gonna bE a fuckin moviE","Effie",2025-08-01,119254,40,false,313szxy7vswousphfmoumend57fe,2026-02-05T06:04:22Z,"하이퍼팝,한국 랩,일렉트로클래시","Effie",0.706,0.751,9,-0.63,0,0.094,0.00294,0.000299,0.0695,0.684,160.996,4
spotify:track:39EtxasE5D93SotSPXSoO3,"2025기침","pullup to busan 4 morE hypEr summEr it’s gonna bE a fuckin moviE","Effie;ian kumming",2025-08-01,146751,39,false,313szxy7vswousphfmoumend57fe,2026-02-05T06:04:22Z,"하이퍼팝,한국 랩,일렉트로클래시","Effie",0.572,0.888,8,-1.721,1,0.0452,0.00093,0.00438,0.373,0.539,156.929,4
spotify:track:12mcwm60QZRzTOCPv40AT8,"CAN I SIP 담배","pullup to busan 4 morE hypEr summEr it’s gonna bE a fuckin moviE","Effie",2025-08-01,137872,48,true,313szxy7vswousphfmoumend57fe,2026-02-05T06:04:22Z,"하이퍼팝,한국 랩,일렉트로클래시","Effie",0.649,0.684,1,-2.459,1,0.0911,0.00602,0.0000101,0.139,0.903,141.231,4
spotify:track:7tXoQ1pVNjeG475XTYVgPT,"LET'S FIND A GOOD MANAGER","pullup to busan 4 morE hypEr summEr it’s gonna bE a fuckin moviE","Effie",2025-08-01,127692,43,false,313szxy7vswousphfmoumend57fe,2026-02-05T06:04:22Z,"하이퍼팝,한국 랩,일렉트로클래시","Effie",0.501,0.931,5,-0.496,1,0.045,0.00793,0.00000173,0.173,0.662,156.188,4
spotify:track:2AXo959dEaHuIBvEGHzxE8,"MAKGEOLLI BANGER","pullup to busan 4 morE hypEr summEr it’s gonna bE a fuckin moviE","Effie",2025-08-01,167482,53,false,313szxy7vswousphfmoumend57fe,2026-02-05T06:04:22Z,"하이퍼팝,한국 랩,일렉트로클래시","Effie",0.543,0.965,0,-0.131,0,0.0499,0.00795,0,0.263,0.404,139.026,4
spotify:track:5Z9CVdTd1203WETa9teAUA,"thankie thankie","pullup to busan 4 morE hypEr summEr it’s gonna bE a fuckin moviE","Effie",2025-08-01,104186,36,false,313szxy7vswousphfmoumend57fe,2026-02-05T06:04:22Z,"하이퍼팝,한국 랩,일렉트로클래시","Effie",0.552,0.79,10,-5.058,0,0.187,0.928,0.661,0.623,0.648,123.168,4
spotify:track:09PyC1qMkM0JVtqHHFnjKm,"갓생","살아숨셔 4","염따",2025-06-12,175026,41,false,313szxy7vswousphfmoumend57fe,2026-02-05T06:04:34Z,"한국 랩","Genie Music Corporation, Stone Music Entertainment",0.673,0.673,5,-4.516,0,0.0445,0.505,0,0.103,0.635,82.987,4
spotify:track:7qF0I6Chp4u0MwMXMFDQR3,"윽!","살아숨셔 4","염따",2025-06-12,143000,43,false,313szxy7vswousphfmoumend57fe,2026-02-05T06:04:34Z,"한국 랩","Genie Music Corporation, Stone Music Entertainment",0.731,0.469,6,-6.605,0,0.175,0.651,0,0.114,0.78,99.543,4
spotify:track:3HC8n2oPye2Co2wuHH0tcw,"더콰이엇","살아숨셔 4","염따",2025-06-12,174013,43,false,313szxy7vswousphfmoumend57fe,2026-02-05T06:04:34Z,"한국 랩","Genie Music Corporation, Stone Music Entertainment",0.693,0.819,6,-4.232,1,0.259,0.109,0.000059,0.124,0.765,165.91,4
spotify:track:6Df7MebpSWzJmgzbW1ZyYF,"IE러니","살아숨셔 4","염따",2025-06-12,175013,48,false,313szxy7vswousphfmoumend57fe,2026-02-05T06:04:34Z,"한국 랩","Genie Music Corporation, Stone Music Entertainment",0.678,0.753,1,-4.669,1,0.0731,0.507,0,0.116,0.876,100.014,4
spotify:track:53I25uGae1U8aZys8iCeBX,"ㄷ.R.E.A.M","살아숨셔 4","염따",2025-06-12,116013,38,true,313szxy7vswousphfmoumend57fe,2026-02-05T06:04:34Z,"한국 랩","Genie Music Corporation, Stone Music Entertainment",0.85,0.279,5,-6.206,0,0.101,0.679,0,0.0884,0.828,54.016,4
spotify:track:2aQAsvYMIxJbAGVcqZhvdD,"순정(純情)2025","살아숨셔 4","염따",2025-06-12,149026,35,false,313szxy7vswousphfmoumend57fe,2026-02-05T06:04:34Z,"한국 랩","Genie Music Corporation, Stone Music Entertainment",0.763,0.85,1,-3.865,1,0.0765,0.0489,0.00000685,0.251,0.579,145.03,4
spotify:track:0rxdQrVLojZ9xR88Q8E28v,"sWing","살아숨셔 4","염따",2025-06-12,156373,37,false,313szxy7vswousphfmoumend57fe,2026-02-05T06:04:34Z,"한국 랩","Genie Music Corporation, Stone Music Entertainment",0.775,0.448,5,-7.263,1,0.161,0.445,0.000143,0.111,0.613,89.893,4
spotify:track:4L5yjZlYsUGY3gRp7rXRrU,"Y-3","살아숨셔 4","염따",2025-06-12,118346,35,false,313szxy7vswousphfmoumend57fe,2026-02-05T06:04:34Z,"한국 랩","Genie Music Corporation, Stone Music Entertainment",0.647,0.731,0,-5.543,1,0.161,0.0823,0.0000542,0.346,0.448,90.013,4
spotify:track:0oDcjDSPxKvOwCzRoNFi7L,"그때 우리는","살아숨셔 4","염따",2025-06-12,145346,36,false,313szxy7vswousphfmoumend57fe,2026-02-05T06:04:34Z,"한국 랩","Genie Music Corporation, Stone Music Entertainment",0.85,0.575,1,-8.163,0,0.244,0.646,0,0.0802,0.783,100.003,4
spotify:track:1mLEf75NZiUPtEQDlYlqqJ,"마","살아숨셔 4","염따",2025-06-12,163386,32,false,313szxy7vswousphfmoumend57fe,2026-02-05T06:04:34Z,"한국 랩","Genie Music Corporation, Stone Music Entertainment",0.721,0.262,2,-7.725,1,0.034,0.783,0.00755,0.127,0.297,77,4
spotify:track:1QIxOdT6avlonHAPAQbgVy,"Nergal","FREE THE MANE 3 “FREE THE MANE VS B-FREE”","비프리",2025-10-03,184115,30,false,313szxy7vswousphfmoumend57fe,2026-02-05T06:04:52Z,"한국 랩","New Wave Records / ADA",0.929,0.583,8,-4.786,1,0.139,0.0674,0,0.156,0.948,94.023,4
spotify:track:1QC4Ztt2GlFWpdSMLwt5ol,"LOV3 (Feat. Bryan Chase, Okasian)","K-FLIP+","식케이;Lil Moshpit;Bryan Chase;오케이션",2025-03-17,236240,63,true,313szxy7vswousphfmoumend57fe,2026-02-05T06:05:05Z,"한국 랩,j-랩","KC, AT AREA",0.645,0.921,1,-3.402,0,0.0341,0.063,0,0.302,0.582,132.03,4
spotify:track:5T1tCOZZuoAX9hA1e9xE8U,"레이어드","레이어드","C JAMM",2025-04-04,187052,33,false,313szxy7vswousphfmoumend57fe,2026-02-05T06:05:27Z,"한국 랩","HEEDAE",0.633,0.802,6,-3.495,1,0.035,0.0909,0.00768,0.0559,0.968,147.002,4
spotify:track:12mcwm60QZRzTOCPv40AT8,"CAN I SIP 담배","pullup to busan 4 morE hypEr summEr it’s gonna bE a fuckin moviE","Effie",2025-08-01,137872,48,true,313szxy7vswousphfmoumend57fe,2026-02-05T06:05:36Z,"하이퍼팝,한국 랩,일렉트로클래시","Effie",0.649,0.684,1,-2.459,1,0.0911,0.00602,0.0000101,0.139,0.903,141.231,4
spotify:track:6Df7MebpSWzJmgzbW1ZyYF,"IE러니","살아숨셔 4","염따",2025-06-12,175013,48,false,313szxy7vswousphfmoumend57fe,2026-02-05T06:05:53Z,"한국 랩","Genie Music Corporation, Stone Music Entertainment",0.678,0.753,1,-4.669,1,0.0731,0.507,0,0.116,0.876,100.014,4
spotify:track:53bnkcyDpei0ZlC30au1t7,"종말의 사과나무","EVE: ROMANCE","비비",2025-05-14,176735,53,false,313szxy7vswousphfmoumend57fe,2026-02-05T06:06:10Z,"케이팝,한국 랩","FeelGhoodMusic",0.698,0.84,8,-5.979,0,0.0504,0.147,0.00851,0.106,0.559,100.991,4
spotify:track:5Alhp4aSOOfwDTynJ6ggEa,"홍대 R&B","EVE: ROMANCE","비비",2025-05-14,182299,48,false,313szxy7vswousphfmoumend57fe,2026-02-05T06:06:10Z,"케이팝,한국 랩","FeelGhoodMusic",0.81,0.44,4,-8.744,0,0.0507,0.504,0,0.127,0.692,119.977,4
spotify:track:0Kl6xCOt69FaQfhVYJ9f7A,"몸","EVE: ROMANCE","비비",2025-05-14,183369,42,false,313szxy7vswousphfmoumend57fe,2026-02-05T06:06:10Z,"케이팝,한국 랩","FeelGhoodMusic",0.669,0.476,4,-7.72,0,0.0339,0.454,0.0939,0.196,0.574,91.955,4
spotify:track:5fR0q66vzg3bCvH2vhBFUe,"Pygma girl","EVE: ROMANCE","비비",2025-05-14,217060,44,false,313szxy7vswousphfmoumend57fe,2026-02-05T06:06:10Z,"케이팝,한국 랩","FeelGhoodMusic",0.669,0.699,1,-7.737,0,0.0553,0.335,0.00203,0.128,0.37,92.02,4
spotify:track:1MJyiTlVdSLAjI9aclZ3hL,"책방오빠 문학소녀","EVE: ROMANCE","비비",2025-05-14,193040,74,false,313szxy7vswousphfmoumend57fe,2026-02-05T06:06:10Z,"케이팝,한국 랩","FeelGhoodMusic",0.695,0.527,2,-8.953,0,0.0558,0.151,0.00000401,0.0842,0.645,156.039,4
spotify:track:7n0bKALWsdwHYxgEWMhIDM,"Sugar Rush","EVE: ROMANCE","비비",2025-05-14,148729,46,false,313szxy7vswousphfmoumend57fe,2026-02-05T06:06:10Z,"케이팝,한국 랩","FeelGhoodMusic",0.874,0.589,8,-6.429,1,0.247,0.133,0.00000679,0.142,0.635,109.963,4
spotify:track:1iOG6PssqjcEqku2dxmpUV,"데레","EVE: ROMANCE","비비",2025-05-14,156474,50,false,313szxy7vswousphfmoumend57fe,2026-02-05T06:06:10Z,"케이팝,한국 랩","FeelGhoodMusic",0.84,0.678,9,-6.589,1,0.048,0.0445,0.000388,0.341,0.558,124.964,4
spotify:track:55EIqap20T9m7VWY0Q3piz,"Burn it (feat. DEAN)","EVE: ROMANCE","비비;DEAN",2025-05-14,211618,47,false,313szxy7vswousphfmoumend57fe,2026-02-05T06:06:10Z,"케이팝,한국 랩","FeelGhoodMusic",0.537,0.597,2,-8.336,0,0.241,0.513,0.00314,0.166,0.252,114.991,4
spotify:track:2rccvqqoZ9o9CQO0vfavX8,"Real Man","EVE: ROMANCE","비비",2025-05-14,182419,40,false,313szxy7vswousphfmoumend57fe,2026-02-05T06:06:10Z,"케이팝,한국 랩","FeelGhoodMusic",0.519,0.831,1,-8.046,0,0.252,0.0781,0.0109,0.0824,0.415,172.023,4
spotify:track:5V07BlPJAYdvu7oF1SkN64,"왔다갔는교","EVE: ROMANCE","비비",2025-05-14,164936,46,false,313szxy7vswousphfmoumend57fe,2026-02-05T06:06:10Z,"케이팝,한국 랩","FeelGhoodMusic",0.665,0.797,9,-6.246,0,0.0424,0.124,0.000362,0.196,0.761,99.989,4
spotify:track:20tMQD6mORg6ZTiLmUSZly,"밤양갱","EVE: ROMANCE","비비",2025-05-14,146197,55,false,313szxy7vswousphfmoumend57fe,2026-02-05T06:06:10Z,"케이팝,한국 랩","FeelGhoodMusic",0.455,0.408,1,-8.72,0,0.065,0.771,0.0000655,0.0958,0.744,177.973,3
spotify:track:0RDE9qGuG2hnytAVfyw8wi,"한강공원","EVE: ROMANCE","비비",2025-05-14,238454,38,false,313szxy7vswousphfmoumend57fe,2026-02-05T06:06:10Z,"케이팝,한국 랩","FeelGhoodMusic",0.408,0.466,7,-7.406,1,0.0466,0.543,0,0.166,0.274,143.611,4
spotify:track:1TouzSXTAAYWSzoZ2Lw6rE,"행복에게","EVE: ROMANCE","비비",2025-05-14,179871,39,false,313szxy7vswousphfmoumend57fe,2026-02-05T06:06:10Z,"케이팝,한국 랩","FeelGhoodMusic",0.495,0.236,5,-12.311,1,0.0322,0.972,0.00000766,0.131,0.309,92.915,4
spotify:track:1mVkthjKD4TeADviXIzzjk,"겨울 (미발매)","EVE: ROMANCE","비비",2025-05-14,118103,38,false,313szxy7vswousphfmoumend57fe,2026-02-05T06:06:10Z,"케이팝,한국 랩","FeelGhoodMusic",0.545,0.253,7,-12.082,1,0.0311,0.916,0.00186,0.106,0.158,95.662,4
spotify:track:17RLdOpmtOTYO0pwFC7A0w,"NONG","NONG","shinjihang",2025-02-26,168109,27,false,313szxy7vswousphfmoumend57fe,2026-02-05T06:06:29Z,"한국 랩","Linchpin Music Corp.",0.451,0.477,6,-11.677,0,0.0648,0.124,0.00143,0.127,0.169,78.517,4
spotify:track:23noIgKIGKoFcufkKYDpvw,"골짜기","NONG","shinjihang",2025-02-26,259890,31,false,313szxy7vswousphfmoumend57fe,2026-02-05T06:06:29Z,"한국 랩","Linchpin Music Corp.",0.548,0.482,4,-8.892,1,0.0329,0.635,0.000106,0.117,0.0728,89.964,4
spotify:track:0LqzzwyXfzskNcUs6Pcc8h,"이름","NONG","shinjihang",2025-02-26,161250,25,false,313szxy7vswousphfmoumend57fe,2026-02-05T06:06:29Z,"한국 랩","Linchpin Music Corp.",0.672,0.422,4,-8.609,0,0.0577,0.67,0.00012,0.149,0.229,127.969,3
spotify:track:3xG0D6rMMn2VDTrnZBeEop,"FACES","NONG","shinjihang",2025-02-26,72874,22,false,313szxy7vswousphfmoumend57fe,2026-02-05T06:06:29Z,"한국 랩","Linchpin Music Corp.",0.838,0.301,2,-14.187,1,0.226,0.888,0.815,0.311,0.766,127.505,3
spotify:track:5dHQMI5i1DhGQouQ1jSDdU,"DUCK TO CONDOR","NONG","shinjihang",2025-02-26,59500,22,false,313szxy7vswousphfmoumend57fe,2026-02-05T06:06:29Z,"한국 랩","Linchpin Music Corp.",0.245,0.474,10,-10.856,0,0.0341,0.88,0.708,0.111,0.0328,129.196,5
spotify:track:1Wst5zrMCdt33XTmF7zM8m,"SLOW","NONG","shinjihang",2025-02-26,280910,24,false,313szxy7vswousphfmoumend57fe,2026-02-05T06:06:29Z,"한국 랩","Linchpin Music Corp.",0.588,0.409,11,-7.289,1,0.0259,0.132,0.000577,0.0747,0.115,97.492,4
spotify:track:65XphOKzbElgkcduoikWAU,"BREATHE (Feat. Fisherman)","NONG","shinjihang;Fisherman",2025-02-26,111111,26,false,313szxy7vswousphfmoumend57fe,2026-02-05T06:06:29Z,"한국 랩","Linchpin Music Corp.",0.968,0.473,10,-9.883,1,0.0583,0.579,0.000249,0.0821,0.625,107.997,4
spotify:track:74ml01aevYJSKno1367eGg,"END OF THE WORLD (Feat. Yescoba)","NONG","shinjihang;Yescoba",2025-02-26,273853,25,false,313szxy7vswousphfmoumend57fe,2026-02-05T06:06:29Z,"한국 랩","Linchpin Music Corp.",0.622,0.796,9,-6.169,1,0.0618,0.000994,0.00631,0.0911,0.17,98.964,4
spotify:track:1THGwb55Xg48AfmxxLgp71,"전단지","NONG","shinjihang",2025-02-26,131750,31,false,313szxy7vswousphfmoumend57fe,2026-02-05T06:06:29Z,"한국 랩","Linchpin Music Corp.",0.849,0.455,1,-6.803,1,0.131,0.212,0.000013,0.331,0.833,89.971,4
spotify:track:1NxdvTWaYxiDJHvTQqnU2H,"4LETTERS","NONG","shinjihang",2025-02-26,88742,21,false,313szxy7vswousphfmoumend57fe,2026-02-05T06:06:29Z,"한국 랩","Linchpin Music Corp.",0.544,0.299,7,-13.545,0,0.0287,0.951,0.127,0.112,0.045,131.885,4
spotify:track:4tIK92yDwqRBtNoGLWOGEQ,"SEOUL2","NONG","shinjihang",2025-02-26,142582,25,false,313szxy7vswousphfmoumend57fe,2026-02-05T06:06:29Z,"한국 랩","Linchpin Music Corp.",0.848,0.542,4,-8.846,0,0.162,0.191,0,0.133,0.477,101.014,4
spotify:track:6uwYF5oxzh3X9BBlncfcjn,"FRIENDS (Feat. FRIENDS)","NONG","shinjihang;FRIENDS",2025-02-26,251425,20,false,313szxy7vswousphfmoumend57fe,2026-02-05T06:06:29Z,"한국 랩","Linchpin Music Corp.",0.763,0.508,5,-7.373,0,0.0351,0.0859,0.231,0.0795,0.177,118.006,4
spotify:track:1t18Td1Q9k6tozUhpqVNIt,"I’VE FOUND YOU (Feat. hiko)","NONG","shinjihang;hiko",2025-02-26,222763,24,false,313szxy7vswousphfmoumend57fe,2026-02-05T06:06:29Z,"한국 랩","Linchpin Music Corp.",0.368,0.475,9,-8.013,1,0.0871,0.562,0.00000107,0.0914,0.137,181.974,3
spotify:track:1tbDWNtRT8F2AsGMVwUdiG,"AS MUCH AS WE WANT","NONG","shinjihang",2025-02-26,173486,20,false,313szxy7vswousphfmoumend57fe,2026-02-05T06:06:29Z,"한국 랩","Linchpin Music Corp.",0.447,0.17,7,-13.159,1,0.0367,0.896,0.059,0.139,0.326,67.963,4
spotify:track:6U7egsCvyVGpKw4S5AsvLw,"OUTRO.","NONG","shinjihang",2025-02-26,134843,17,false,313szxy7vswousphfmoumend57fe,2026-02-05T06:06:29Z,"한국 랩","Linchpin Music Corp.",0.724,0.203,1,-13.749,0,0.0375,0.896,0.0169,0.0912,0.105,128.932,3
spotify:track:7HDF3vd8D8q16aQcP1RH7e,"little drummer boy","개미의 왕","Yoon Da Hye",2025-09-26,147486,29,false,313szxy7vswousphfmoumend57fe,2026-02-05T06:06:42Z,"한국 랩","Mine Field",0.442,0.741,7,-6.066,1,0.466,0.16,0.000536,0.705,0.44,169.681,4
spotify:track:38y5yJWFGGTuH2AvslBD7U,"신 시티","개미의 왕","Yoon Da Hye",2025-09-26,206596,31,false,313szxy7vswousphfmoumend57fe,2026-02-05T06:06:42Z,"한국 랩","Mine Field",0.451,0.902,5,-3.049,1,0.137,0.0148,0.0000353,0.356,0.408,157.956,4
spotify:track:0hBuKYl9eBBIvnJ4Qg1HA5,"﻿개미의 왕","개미의 왕","Yoon Da Hye",2025-09-26,145903,30,false,313szxy7vswousphfmoumend57fe,2026-02-05T06:06:42Z,"한국 랩","Mine Field",0.41,0.807,4,-2.599,0,0.112,0.005,0,0.0878,0.0663,147.99,4
spotify:track:3hif2LYawDQqsyXqg7Be5s,"그녀는 손가락 금붕어","개미의 왕","Yoon Da Hye",2025-09-26,153886,30,false,313szxy7vswousphfmoumend57fe,2026-02-05T06:06:42Z,"한국 랩","Mine Field",0.588,0.629,1,-5.392,1,0.0932,0.164,0.000645,0.169,0.595,180.197,4
spotify:track:7KdDxUxbEISXQ7h6qixF6Q,"그녀의 손가락 금붕어","개미의 왕","Yoon Da Hye",2025-09-26,190718,27,false,313szxy7vswousphfmoumend57fe,2026-02-05T06:06:42Z,"한국 랩","Mine Field",0.358,0.501,7,-5.339,1,0.0561,0.265,0,0.195,0.285,80.276,4
spotify:track:2B68tjNdR3pCkitCWAoR9k,"Funeral Freestyle","개미의 왕","Yoon Da Hye",2025-09-26,178696,26,false,313szxy7vswousphfmoumend57fe,2026-02-05T06:06:42Z,"한국 랩","Mine Field",0.719,0.798,5,-4.421,1,0.132,0.0775,0.00000422,0.19,0.832,109.962,4
spotify:track:4L9eNY0SaKT9aauiKBb8vh,"﻿귀 있는 자","개미의 왕","Yoon Da Hye",2025-09-26,162029,24,false,313szxy7vswousphfmoumend57fe,2026-02-05T06:06:42Z,"한국 랩","Mine Field",0.384,0.508,3,-6.101,0,0.0433,0.438,0.00000543,0.14,0.217,104.098,4
spotify:track:2F4nuHZNeOJp0h47ev9Htz,"﻿White tee","개미의 왕","Yoon Da Hye",2025-09-26,208837,26,false,313szxy7vswousphfmoumend57fe,2026-02-05T06:06:42Z,"한국 랩","Mine Field",0.58,0.56,1,-4.375,1,0.0442,0.383,0.00000559,0.175,0.351,121.964,4
spotify:track:1shjRJKFx2rTS1edo4ctLn,"﻿Cabriolet (reprise)","개미의 왕","Yoon Da Hye",2025-09-26,173862,23,false,313szxy7vswousphfmoumend57fe,2026-02-05T06:06:42Z,"한국 랩","Mine Field",0.52,0.643,0,-4.578,0,0.0341,0.0079,0.00364,0.239,0.0978,89.983,4
spotify:track:2BO10NJXoTO1HcbS8NKYG5,"카스테라","개미의 왕","Yoon Da Hye",2025-09-26,95647,23,false,313szxy7vswousphfmoumend57fe,2026-02-05T06:06:42Z,"한국 랩","Mine Field",0.403,0.455,3,-8.824,1,0.0553,0.94,0.000733,0.111,0.222,86.56,5
spotify:track:0fMj71Tx65WGq3PNa3Hjfl,"BOYFRIEND","Misery","jeebanoff",2025-05-01,182200,23,false,313szxy7vswousphfmoumend57fe,2026-02-05T06:06:54Z,"한국 랩","jeebanoff",0.764,0.573,8,-5.482,0,0.0517,0.254,0.19,0.104,0.923,116.998,4
spotify:track:0wmhliCiuGqn756X1C6PQC,"Thinkin' bout U","Misery","jeebanoff",2025-05-01,187237,21,false,313szxy7vswousphfmoumend57fe,2026-02-05T06:06:54Z,"한국 랩","jeebanoff",0.736,0.712,11,-4.676,0,0.18,0.269,0,0.217,0.858,93.998,4
spotify:track:03qKp8KrIcQ0uyXwyGCg9Z,"낯선 사람","Misery","jeebanoff",2025-05-01,184680,34,false,313szxy7vswousphfmoumend57fe,2026-02-05T06:06:54Z,"한국 랩","jeebanoff",0.755,0.673,5,-6.086,1,0.246,0.159,0.0000768,0.42,0.629,104.985,4
spotify:track:6dttKrNBFHLc3sWkOTuEN9,"가려진 사진","Misery","jeebanoff",2025-05-01,202394,20,false,313szxy7vswousphfmoumend57fe,2026-02-05T06:06:54Z,"한국 랩","jeebanoff",0.66,0.686,5,-5.381,0,0.062,0.227,0.000213,0.0742,0.911,80.926,4
spotify:track:4Vp5T5oLdaSwnO5LBe8AoD,"Misery","Misery","jeebanoff",2025-05-01,185349,25,false,313szxy7vswousphfmoumend57fe,2026-02-05T06:06:54Z,"한국 랩","jeebanoff",0.803,0.569,6,-4.143,0,0.0772,0.401,0.00972,0.11,0.479,104.985,4
spotify:track:2tHwgn0StAjArAndAcRAXF,"오늘은","Misery","jeebanoff",2025-05-01,188627,18,false,313szxy7vswousphfmoumend57fe,2026-02-05T06:06:54Z,"한국 랩","jeebanoff",0.71,0.806,10,-5.825,1,0.071,0.332,0.00483,0.638,0.77,98.013,4
spotify:track:6AESQ1Qv8RgLigiVePDqF5,"기상예보: 너","Misery","jeebanoff",2025-05-01,41867,13,false,313szxy7vswousphfmoumend57fe,2026-02-05T06:06:54Z,"한국 랩","jeebanoff",0.618,0.659,10,-13.575,1,0.589,0.888,0.000119,0.377,0.768,86.095,5
spotify:track:7lSc3BNcmtksVBnCkaXl6H,"날씨 탓","Misery","jeebanoff",2025-05-01,117030,17,false,313szxy7vswousphfmoumend57fe,2026-02-05T06:06:54Z,"한국 랩","jeebanoff",0.664,0.587,5,-6.754,1,0.0472,0.618,0.138,0.104,0.844,166.036,4
spotify:track:5OMWdd3desoSiG90bfjOIk,"딱 한번만","Misery","jeebanoff",2025-05-01,189269,17,false,313szxy7vswousphfmoumend57fe,2026-02-05T06:06:54Z,"한국 랩","jeebanoff",0.823,0.674,9,-5.608,0,0.102,0.381,0.0323,0.0974,0.638,102.994,4
spotify:track:3c8L44JF9vZYMebCnZ8q8T,"After Sunset","Misery","jeebanoff",2025-05-01,212591,18,false,313szxy7vswousphfmoumend57fe,2026-02-05T06:06:54Z,"한국 랩","jeebanoff",0.692,0.658,9,-6.053,1,0.0866,0.036,0.00000496,0.539,0.765,94.975,4
spotify:track:0QSYeiUEhqQUWckfUsWlyE,"Meet Me At Dream","Misery","jeebanoff",2025-05-01,243813,15,false,313szxy7vswousphfmoumend57fe,2026-02-05T06:06:54Z,"한국 랩","jeebanoff",0.637,0.658,9,-6.044,1,0.0473,0.332,0.136,0.173,0.694,152.004,4
spotify:track:25sZG9ynUViAkFJTtUzU4Q,"Back To You","Misery","jeebanoff",2025-05-01,217948,15,false,313szxy7vswousphfmoumend57fe,2026-02-05T06:06:54Z,"한국 랩","jeebanoff",0.421,0.755,5,-5.879,0,0.116,0.403,0.00000892,0.12,0.58,173.538,4
spotify:track:7njS3CJMVipXABvdDGoIZh,"작두","소수민족","CHUDAHYE CHAGIS",2025-06-13,268218,22,false,313szxy7vswousphfmoumend57fe,2026-02-05T06:07:08Z,"네오포크","SOSUMINJOK COMPANY",0.334,0.703,11,-7.253,0,0.066,0.031,0.547,0.106,0.325,108.575,3
spotify:track:0uyF5H79yO7lPTxufIlE9r,"사이에서","소수민족","CHUDAHYE CHAGIS",2025-06-13,312474,19,false,313szxy7vswousphfmoumend57fe,2026-02-05T06:07:08Z,"네오포크","SOSUMINJOK COMPANY",0.489,0.53,1,-11.093,1,0.0462,0.452,0.003,0.0888,0.487,133.946,4
spotify:track:1jPO4YkAM7jvVxKuUjV2Mq,"좋다 잘한다 좋다","소수민족","CHUDAHYE CHAGIS",2025-06-13,284669,19,false,313szxy7vswousphfmoumend57fe,2026-02-05T06:07:08Z,"네오포크","SOSUMINJOK COMPANY",0.532,0.517,7,-7.614,1,0.205,0.0326,0.0135,0.24,0.624,77.326,3
spotify:track:6X58kP8Q4TFWEnAnD7GpBl,"담불","소수민족","CHUDAHYE CHAGIS",2025-06-13,233423,20,false,313szxy7vswousphfmoumend57fe,2026-02-05T06:07:08Z,"네오포크","SOSUMINJOK COMPANY",0.74,0.355,8,-8.59,1,0.0685,0.594,0.0261,0.129,0.406,89.99,4
spotify:track:2x9ZTeimpfUSwuJ1JHsurO,"어영차","소수민족","CHUDAHYE CHAGIS",2025-06-13,326126,16,false,313szxy7vswousphfmoumend57fe,2026-02-05T06:07:08Z,"네오포크","SOSUMINJOK COMPANY",0.432,0.513,3,-7.293,1,0.0437,0.264,0.00135,0.108,0.387,114.281,4
spotify:track:75nTGVI08DqYOw8fVS9OmZ,"부귀덩덩","소수민족","CHUDAHYE CHAGIS",2025-06-13,330150,16,false,313szxy7vswousphfmoumend57fe,2026-02-05T06:07:08Z,"네오포크","SOSUMINJOK COMPANY",0.616,0.353,4,-7.604,0,0.0903,0.0169,0.0875,0.0826,0.624,171.818,4
spotify:track:28qws4MxILDcXcG835INKW,"허쎄","소수민족","CHUDAHYE CHAGIS",2025-06-13,212713,26,false,313szxy7vswousphfmoumend57fe,2026-02-05T06:07:08Z,"네오포크","SOSUMINJOK COMPANY",0.747,0.85,7,-7.332,1,0.0318,0.0562,0.0462,0.166,0.605,109.905,4
spotify:track:6NqzSJVggIOc8TMKTPTT4q,"너도먹고 물러가라","소수민족","CHUDAHYE CHAGIS",2025-06-13,277151,16,false,313szxy7vswousphfmoumend57fe,2026-02-05T06:07:08Z,"네오포크","SOSUMINJOK COMPANY",0.559,0.542,11,-8.791,1,0.0827,0.512,0.00625,0.124,0.706,128.087,4
spotify:track:1IktU65aIuyqobXcyg1GfQ,"니나니","소수민족","CHUDAHYE CHAGIS",2025-06-13,206824,14,false,313szxy7vswousphfmoumend57fe,2026-02-05T06:07:08Z,"네오포크","SOSUMINJOK COMPANY",0.771,0.165,11,-15.691,1,0.0333,0.783,0.072,0.11,0.64,109.873,3
spotify:track:1bCHgxDWzxxxhEIr47Vn2X,"B","LUCHADOR","RAKUNELAMA",2025-08-13,162285,33,false,313szxy7vswousphfmoumend57fe,2026-02-05T06:07:31Z,"","EMA Recordings",0.822,0.818,8,-4.243,0,0.0636,0.0425,0.000346,0.335,0.873,119.968,4
spotify:track:0utllKNgRRmDR3sHQ3IFri,"POVIDONE (feat. 단편선)","POVIDONE ORANGE","A.TRAIN;단편선",2025-09-27,248150,11,false,313szxy7vswousphfmoumend57fe,2026-02-05T06:07:54Z,"한국 록","Genie Music Corporation, Stone Music Entertainment",0.535,0.618,4,-4.848,1,0.109,0.518,0,0.191,0.218,87.797,4
spotify:track:3hif2LYawDQqsyXqg7Be5s,"그녀는 손가락 금붕어","개미의 왕","Yoon Da Hye",2025-09-26,153886,30,false,313szxy7vswousphfmoumend57fe,2026-02-05T06:08:11Z,"한국 랩","Mine Field",0.588,0.629,1,-5.392,1,0.0932,0.164,0.000645,0.169,0.595,180.197,4
spotify:track:5scNLPks8Dntf8dCuZ8Zur,"Busy Boy","stereo","주혜린",2025-08-14,195000,31,false,313szxy7vswousphfmoumend57fe,2026-02-05T06:08:32Z,"","JOOHYELYN",0.763,0.709,6,-4.327,1,0.0818,0.107,0.000187,0.0456,0.833,134.989,4
spotify:track:28qws4MxILDcXcG835INKW,"허쎄","소수민족","CHUDAHYE CHAGIS",2025-06-13,212713,26,false,313szxy7vswousphfmoumend57fe,2026-02-05T06:08:56Z,"네오포크","SOSUMINJOK COMPANY",0.747,0.85,7,-7.332,1,0.0318,0.0562,0.0462,0.166,0.605,109.905,4
spotify:track:68wcwjbCqTj43MD6kLvJr0,"그렇게, 나도 모르게","삶의 향기","권나무",2025-09-03,398677,22,false,313szxy7vswousphfmoumend57fe,2026-02-05T06:09:19Z,"한국 록","권나무 KwonTree",0.608,0.326,4,-9.971,1,0.0303,0.877,0.0000152,0.105,0.262,120.875,4
spotify:track:6QMXAwFmfYrjh98Wl8rXHJ,"투정 여행","삶의 향기","권나무",2025-09-03,310384,16,false,313szxy7vswousphfmoumend57fe,2026-02-05T06:09:19Z,"한국 록","권나무 KwonTree",0.586,0.234,3,-12.216,1,0.0315,0.936,0.0298,0.243,0.176,106.064,4
spotify:track:3xGRhZX23ya0nUpgJdNu3o,"너의 마음속에","삶의 향기","권나무",2025-09-03,179230,15,false,313szxy7vswousphfmoumend57fe,2026-02-05T06:09:19Z,"한국 록","권나무 KwonTree",0.62,0.156,1,-15.738,1,0.0366,0.888,0.000261,0.0848,0.256,77.938,4
spotify:track:7kpOs8HTsq6gff4XKt6XZb,"잃어버린 게 너무 많아서","삶의 향기","권나무",2025-09-03,290624,14,false,313szxy7vswousphfmoumend57fe,2026-02-05T06:09:19Z,"한국 록","권나무 KwonTree",0.593,0.199,1,-11.168,1,0.0321,0.908,0.00296,0.106,0.375,117.84,4
spotify:track:0qN1R5EwBb9UmgjqeowRqZ,"두 마음","삶의 향기","권나무",2025-09-03,216880,14,false,313szxy7vswousphfmoumend57fe,2026-02-05T06:09:19Z,"한국 록","권나무 KwonTree",0.515,0.241,2,-13.303,1,0.0399,0.928,0.0333,0.117,0.313,118.662,4
spotify:track:6gbXOwDZW3Ig1Hk5FD7b0y,"어디에서도","삶의 향기","권나무",2025-09-03,274020,16,false,313szxy7vswousphfmoumend57fe,2026-02-05T06:09:19Z,"한국 록","권나무 KwonTree",0.578,0.178,7,-11.814,1,0.0344,0.949,0.137,0.178,0.212,98.412,4
spotify:track:7AxN5jHXGXaKW7ps4arHM9,"가까이에","삶의 향기","권나무",2025-09-03,315173,16,false,313szxy7vswousphfmoumend57fe,2026-02-05T06:09:19Z,"한국 록","권나무 KwonTree",0.488,0.212,11,-9.541,1,0.0345,0.889,0.0000027,0.118,0.298,116.609,4
spotify:track:6fkj346tsqVSJci0JH5r3W,"잠든 너를 보고 있으면","삶의 향기","권나무",2025-09-03,281770,15,false,313szxy7vswousphfmoumend57fe,2026-02-05T06:09:19Z,"한국 록","권나무 KwonTree",0.606,0.153,11,-15.169,1,0.0314,0.932,0.0595,0.136,0.131,112.789,4
spotify:track:1yaBjY5VU59CwGeVTN7JaL,"새해","삶의 향기","권나무",2025-09-03,481518,11,false,313szxy7vswousphfmoumend57fe,2026-02-05T06:09:19Z,"한국 록","권나무 KwonTree",0.389,0.283,1,-12.096,1,0.03,0.907,0.0708,0.139,0.27,132.597,4
spotify:track:5l24Oj7wqQvl3R36zq5umt,"청춘","삶의 향기","권나무",2025-09-03,481636,11,false,313szxy7vswousphfmoumend57fe,2026-02-05T06:09:19Z,"한국 록","권나무 KwonTree",0.569,0.283,7,-8.548,1,0.0334,0.83,0.0000116,0.109,0.122,110.741,4
spotify:track:3KOO9gYN825waotCwZEwa4,"잔상","삶의 향기","권나무",2025-09-03,171500,10,false,313szxy7vswousphfmoumend57fe,2026-02-05T06:09:19Z,"한국 록","권나무 KwonTree",0.567,0.167,7,-15.493,1,0.0312,0.924,0.000122,0.116,0.246,75.976,4
spotify:track:1Jby95zuOu6PkQouYVxHc2,"생활 (우리에게 intro)","삶의 향기","권나무",2025-09-03,88752,9,false,313szxy7vswousphfmoumend57fe,2026-02-05T06:09:19Z,"한국 록","권나무 KwonTree",0.438,0.265,5,-14.975,0,0.0439,0.919,0.579,0.323,0.0962,92.668,4
spotify:track:6PUly5i4zpyLwMlGz5X484,"우리에게","삶의 향기","권나무",2025-09-03,371416,12,false,313szxy7vswousphfmoumend57fe,2026-02-05T06:09:19Z,"한국 록","권나무 KwonTree",0.475,0.44,8,-9.567,1,0.0291,0.846,0.000111,0.154,0.282,98.811,4
spotify:track:6M8e64iqRh3LkBP69tYPxf,"빗소리 들리는 밤","남은 숲","Kim Hwal Sung",2025-03-28,279000,5,false,313szxy7vswousphfmoumend57fe,2026-02-05T06:09:29Z,"한국 록","꼬마들CoMaDL",0.56,0.267,9,-12.246,1,0.0254,0.685,0.00608,0.264,0.123,99.892,4
spotify:track:5TrfTDNQI3oLN4dTc2DCf5,"남은 숲","남은 숲","Kim Hwal Sung",2025-03-28,185053,8,false,313szxy7vswousphfmoumend57fe,2026-02-05T06:09:29Z,"한국 록","꼬마들CoMaDL",0.549,0.165,7,-12.754,1,0.0349,0.863,0.243,0.163,0.2,109.771,4
spotify:track:0VzVtlGrIQ2XdItr3HV2rE,"사랑은 어디에","남은 숲","Kim Hwal Sung",2025-03-28,224773,4,false,313szxy7vswousphfmoumend57fe,2026-02-05T06:09:29Z,"한국 록","꼬마들CoMaDL",0.491,0.194,7,-14.607,1,0.0401,0.854,0.019,0.101,0.172,86.517,3
spotify:track:47glFQrotVKqTWYRyk70pW,"지금은 가지 마","남은 숲","Kim Hwal Sung",2025-03-28,181306,5,false,313szxy7vswousphfmoumend57fe,2026-02-05T06:09:29Z,"한국 록","꼬마들CoMaDL",0.761,0.13,9,-12.204,1,0.0403,0.744,0.000444,0.104,0.166,127.691,4
spotify:track:6KXiKyPTztSKAwmzBjn7fi,"When You Feel","남은 숲","Kim Hwal Sung",2025-03-28,338053,3,false,313szxy7vswousphfmoumend57fe,2026-02-05T06:09:29Z,"한국 록","꼬마들CoMaDL",0.715,0.326,5,-10.137,1,0.0273,0.517,0.754,0.107,0.289,130.013,4
spotify:track:1F0nlnpAzHHSIBFyhK4pfW,"어여 어여 죽어서","남은 숲","Kim Hwal Sung",2025-03-28,344760,2,false,313szxy7vswousphfmoumend57fe,2026-02-05T06:09:29Z,"한국 록","꼬마들CoMaDL",0.749,0.152,9,-12.949,0,0.0344,0.862,0.000703,0.0874,0.183,128.238,3
spotify:track:5JmSuFrPJbK825KQonEHVn,"삶이란 어쩌면 단 한 명의 진실한 벗을 찾아 떠난 긴 여행인가요","남은 숲","Kim Hwal Sung",2025-03-28,179226,3,false,313szxy7vswousphfmoumend57fe,2026-02-05T06:09:29Z,"한국 록","꼬마들CoMaDL",0.393,0.151,9,-11.89,1,0.0328,0.71,0.0954,0.367,0.0686,115.898,4
spotify:track:3IuRgXltATLV8JLDbsrcME,"희망을 부르네","남은 숲","Kim Hwal Sung",2025-03-28,234600,2,false,313szxy7vswousphfmoumend57fe,2026-02-05T06:09:29Z,"한국 록","꼬마들CoMaDL",0.475,0.157,4,-11.706,1,0.033,0.833,0.00223,0.104,0.23,117.508,4
spotify:track:5zQlx4d4e6Pyda4rBFtNGx,"하나의 노래 (with. 이주영)","남은 숲","Kim Hwal Sung;이주영",2025-03-28,285213,3,false,313szxy7vswousphfmoumend57fe,2026-02-05T06:09:29Z,"한국 록","꼬마들CoMaDL",0.665,0.116,0,-13.996,1,0.0321,0.846,0.00000942,0.118,0.198,111.82,4
spotify:track:3b1Ajh8ORNSpAXwxni9u3z,"아침은 이렇게","남은 숲","Kim Hwal Sung",2025-03-28,374893,3,false,313szxy7vswousphfmoumend57fe,2026-02-05T06:09:29Z,"한국 록","꼬마들CoMaDL",0.595,0.12,11,-13.403,1,0.0346,0.904,0.576,0.106,0.0529,119.917,3
spotify:track:5pAiJ5IV5opiPydIMpSTV6,"피에타","또 다른 곳","루시드폴",2025-11-07,245643,12,false,313szxy7vswousphfmoumend57fe,2026-02-05T06:09:40Z,"인디 R&B","Antenna",0.622,0.462,6,-10.993,0,0.0322,0.735,0.105,0.105,0.564,93.971,3
spotify:track:2y1EXhVlY6nn8fnIJj9E8E,"마음","또 다른 곳","루시드폴",2025-11-07,252391,13,false,313szxy7vswousphfmoumend57fe,2026-02-05T06:09:40Z,"인디 R&B","Antenna",0.606,0.301,7,-14.799,0,0.0334,0.909,0.313,0.123,0.141,119.049,4
spotify:track:39YpjBA1iV00lpxlilFOHV,"늙은 올리브나무의 노래","또 다른 곳","루시드폴",2025-11-07,304130,11,false,313szxy7vswousphfmoumend57fe,2026-02-05T06:09:40Z,"인디 R&B","Antenna",0.411,0.294,2,-13.422,0,0.0409,0.933,0.748,0.139,0.487,82.626,3
spotify:track:6yEg8b87P11799YJR8joie,"등대지기","또 다른 곳","루시드폴",2025-11-07,308972,12,false,313szxy7vswousphfmoumend57fe,2026-02-05T06:09:40Z,"인디 R&B","Antenna",0.633,0.576,5,-11.951,0,0.0339,0.416,0.144,0.0908,0.573,75.989,4
spotify:track:49RIbewiAU9L1kQX0gznLT,"Água","또 다른 곳","루시드폴",2025-11-07,289216,13,false,313szxy7vswousphfmoumend57fe,2026-02-05T06:09:40Z,"인디 R&B","Antenna",0.48,0.231,9,-12.966,1,0.0356,0.873,0.0617,0.0817,0.26,98.916,4
spotify:track:0qwef8Idp1V8U1wXIPRrQz,"수선화","또 다른 곳","루시드폴",2025-11-07,215471,11,false,313szxy7vswousphfmoumend57fe,2026-02-05T06:09:40Z,"인디 R&B","Antenna",0.381,0.329,9,-13.648,1,0.0436,0.88,0.00000202,0.265,0.293,93.175,3
spotify:track:3jIROBXgRMphfCnUJSmwqz,"레미제라블 Part 3","또 다른 곳","루시드폴",2025-11-07,357156,10,false,313szxy7vswousphfmoumend57fe,2026-02-05T06:09:40Z,"인디 R&B","Antenna",0.632,0.498,8,-13.026,0,0.0383,0.948,0.316,0.148,0.4,109.032,4
spotify:track:0NnejWnbkGAqpxEpt9DMSU,"꽃이 된 사람","또 다른 곳","루시드폴",2025-11-07,218291,11,false,313szxy7vswousphfmoumend57fe,2026-02-05T06:09:40Z,"인디 R&B","Antenna",0.613,0.666,6,-9.418,1,0.0465,0.306,0.00341,0.362,0.594,110.035,4
spotify:track:2dXxxTPLosU8dW04wOmSwX,"춘분","또 다른 곳","루시드폴",2025-11-07,212084,12,false,313szxy7vswousphfmoumend57fe,2026-02-05T06:09:40Z,"인디 R&B","Antenna",0.432,0.339,6,-14.609,1,0.0395,0.923,0.0786,0.107,0.64,130.765,4
spotify:track:7jlciy07j4FytRduO3cFx4,"강릉아산병원","산만한시선 2","Sanmanhan",2025-09-27,254600,19,false,313szxy7vswousphfmoumend57fe,2026-02-05T06:09:50Z,"한국 록","Sanmanhan",0.517,0.228,4,-16.414,1,0.0351,0.819,0.00152,0.36,0.171,100.656,4
spotify:track:5WmMqBFvWQuQZostuAUSAu,"쉬운남자","산만한시선 2","Sanmanhan",2025-09-27,238546,14,false,313szxy7vswousphfmoumend57fe,2026-02-05T06:09:50Z,"한국 록","Sanmanhan",0.68,0.26,0,-15.144,1,0.0277,0.828,0.0384,0.106,0.412,103.906,4
spotify:track:3M4X4ahOUSx9eyOXt2JhpT,"지우는 날","산만한시선 2","Sanmanhan",2025-09-27,257546,11,false,313szxy7vswousphfmoumend57fe,2026-02-05T06:09:50Z,"한국 록","Sanmanhan",0.764,0.322,9,-13.236,1,0.0415,0.677,0,0.289,0.298,117.825,4
spotify:track:2cadwrYWM0P5Z3b3GWtIav,"은십자가","산만한시선 2","Sanmanhan",2025-09-27,232240,12,false,313szxy7vswousphfmoumend57fe,2026-02-05T06:09:50Z,"한국 록","Sanmanhan",0.722,0.259,7,-12.418,0,0.0362,0.399,0.0168,0.301,0.553,113.938,4
spotify:track:1Zwr8WPXgZsmxvXvBlmypr,"짐승의 끝","산만한시선 2","Sanmanhan",2025-09-27,270853,12,false,313szxy7vswousphfmoumend57fe,2026-02-05T06:09:50Z,"한국 록","Sanmanhan",0.712,0.29,7,-9.605,1,0.0412,0.668,0,0.116,0.496,107.563,4
spotify:track:6RXB593ausLllb3mSIP3jC,"차이나타운","산만한시선 2","Sanmanhan",2025-09-27,256840,11,false,313szxy7vswousphfmoumend57fe,2026-02-05T06:09:50Z,"한국 록","Sanmanhan",0.645,0.232,5,-13.189,1,0.0308,0.679,0.0255,0.113,0.314,111.472,4
spotify:track:4xGh8fMxZv5QhZXmb7ehzr,"아는여자","산만한시선 2","Sanmanhan",2025-09-27,212493,17,false,313szxy7vswousphfmoumend57fe,2026-02-05T06:09:50Z,"한국 록","Sanmanhan",0.564,0.196,10,-15.617,1,0.0317,0.842,0.426,0.0995,0.4,103.387,4
spotify:track:4GrBDECAySOeexNestcktJ,"외갓집","산만한시선 2","Sanmanhan",2025-09-27,236280,9,false,313szxy7vswousphfmoumend57fe,2026-02-05T06:09:50Z,"한국 록","Sanmanhan",0.418,0.455,10,-11.871,1,0.0299,0.829,0.171,0.119,0.538,87.515,4
spotify:track:5qyZkJqWxl4QUffhFgYSC3,"읽는사람","산만한시선 2","Sanmanhan",2025-09-27,179613,10,false,313szxy7vswousphfmoumend57fe,2026-02-05T06:09:50Z,"한국 록","Sanmanhan",0.684,0.221,8,-10.403,1,0.0343,0.819,0,0.162,0.523,113.702,4
spotify:track:00nWZWI7qI7OIOzElvDwsF,"튀밥을 먹는 아저씨","산만한시선 2","Sanmanhan",2025-09-27,178186,10,false,313szxy7vswousphfmoumend57fe,2026-02-05T06:09:50Z,"한국 록","Sanmanhan",0.4,0.229,3,-11.869,1,0.0343,0.822,0.00016,0.0888,0.341,80.983,4
spotify:track:4UXunfpHkEQLy74so1FSAB,"개의 심장","산만한시선 2","Sanmanhan",2025-09-27,213053,18,false,313szxy7vswousphfmoumend57fe,2026-02-05T06:09:50Z,"한국 록","Sanmanhan",0.66,0.301,11,-11.708,0,0.039,0.529,0.0000325,0.0875,0.572,118.18,4
spotify:track:51LZ2Q67H0GjcZxThMDD4k,"도망가는 사람","산만한시선 2","Sanmanhan",2025-09-27,333613,9,false,313szxy7vswousphfmoumend57fe,2026-02-05T06:09:50Z,"한국 록","Sanmanhan",0.33,0.134,0,-12.895,1,0.0354,0.653,0.00000459,0.121,0.217,79.385,4
spotify:track:4G8dseSBIfQFGIbDzm7COX,"개","산만한시선 2","Sanmanhan",2025-09-27,302373,8,false,313szxy7vswousphfmoumend57fe,2026-02-05T06:09:50Z,"한국 록","Sanmanhan",0.482,0.0618,4,-16.592,1,0.0439,0.95,0.000945,0.113,0.125,99.489,4
spotify:track:0wPXkMXgh8LF7gqCTnHYyN,"오아시스","산만한시선 2","Sanmanhan",2025-09-27,327786,8,false,313szxy7vswousphfmoumend57fe,2026-02-05T06:09:50Z,"한국 록","Sanmanhan",0.535,0.0514,4,-18.885,1,0.0381,0.861,0.268,0.111,0.103,102.699,4
spotify:track:1Hk1DpKYhQ9iOq0AiinvrJ,"사랑","산만한시선 2","Sanmanhan",2025-09-27,268560,8,false,313szxy7vswousphfmoumend57fe,2026-02-05T06:09:50Z,"한국 록","Sanmanhan",0.634,0.114,0,-17.754,1,0.0541,0.866,0.00926,0.0998,0.166,120.794,4
spotify:track:4wU8lSlq8cBQ7ovRAyJTPp,"노래","산만한시선 2","Sanmanhan",2025-09-27,235693,15,false,313szxy7vswousphfmoumend57fe,2026-02-05T06:09:50Z,"한국 록","Sanmanhan",0.405,0.276,2,-13.641,1,0.0376,0.851,0.0000916,0.14,0.689,164.832,4
spotify:track:5MJ0oQgPmFMRbrS0rV0D43,"Geese","Between Hard Rain","정태춘",2025-05-02,246013,5,false,313szxy7vswousphfmoumend57fe,2026-02-05T06:10:17Z,"전통 포크,K-발라드","Universal Music Ltd.",0.437,0.297,9,-12.41,0,0.0402,0.867,0.135,0.112,0.117,76.864,4
spotify:track:7K6WN6UzgpLuUh6R5spI69,"At The Dori Riverside","Between Hard Rain","정태춘",2025-05-02,200320,6,false,313szxy7vswousphfmoumend57fe,2026-02-05T06:10:17Z,"전통 포크,K-발라드","Universal Music Ltd.",0.499,0.41,11,-10.669,0,0.0515,0.8,0.129,0.126,0.293,179.381,3
spotify:track:4wa6T0KGb7O9qttFtyvOD1,"My Sailboats Left The City","Between Hard Rain","정태춘",2025-05-02,224680,5,false,313szxy7vswousphfmoumend57fe,2026-02-05T06:10:17Z,"전통 포크,K-발라드","Universal Music Ltd.",0.459,0.459,9,-9.119,0,0.0489,0.701,0.0591,0.115,0.429,81.855,4
spotify:track:0FiYsRHmzEfmGi4T5en3oC,"Poetry Book Of Dandelion","Between Hard Rain","Park Eun Ohk",2025-05-02,216813,6,false,313szxy7vswousphfmoumend57fe,2026-02-05T06:10:17Z,"K-발라드","Universal Music Ltd.",0.387,0.299,9,-9.364,1,0.0327,0.833,0.0000201,0.102,0.242,128.129,4
spotify:track:5aL3xao9c7u8zOUOMAW2LL,"The Days At Solmi","Between Hard Rain","정태춘",2025-05-02,273653,4,false,313szxy7vswousphfmoumend57fe,2026-02-05T06:10:17Z,"전통 포크,K-발라드","Universal Music Ltd.",0.501,0.264,9,-12.901,0,0.0718,0.908,0.0329,0.115,0.0794,74.347,4
spotify:track:4P6vyqz8s72CKuP1NeNwvi,"Where Is Eldorado","Between Hard Rain","정태춘",2025-05-02,244333,7,false,313szxy7vswousphfmoumend57fe,2026-02-05T06:10:17Z,"전통 포크,K-발라드","Universal Music Ltd.",0.393,0.511,11,-7.318,0,0.0679,0.739,0.000211,0.0999,0.205,77.792,4
spotify:track:3N5wmsjU1PHTOyKFWpgBik,"Between Hard Rain","Between Hard Rain","정태춘",2025-05-02,216000,7,false,313szxy7vswousphfmoumend57fe,2026-02-05T06:10:17Z,"전통 포크,K-발라드","Universal Music Ltd.",0.384,0.418,9,-10.001,0,0.0458,0.883,0.01,0.322,0.189,135.29,4
spotify:track:2lQrkMtUbC86uq27zS6bOO,"Snowstrom, The Song Of Camellia Flower","Between Hard Rain","Park Eun Ohk",2025-05-02,222013,3,false,313szxy7vswousphfmoumend57fe,2026-02-05T06:10:17Z,"K-발라드","Universal Music Ltd.",0.338,0.396,11,-10.9,0,0.0341,0.737,0.00106,0.107,0.174,132.021,4
spotify:track:5TiigfEvUxQ493ZyE5Otqw,"The Love Song Of Jeongsan-Ri","Between Hard Rain","정태춘",2025-05-02,178653,17,false,313szxy7vswousphfmoumend57fe,2026-02-05T06:10:17Z,"전통 포크,K-발라드","Universal Music Ltd.",0.528,0.338,2,-10.924,0,0.0326,0.812,0.0137,0.187,0.306,84.996,4
spotify:track:2MgJsppuhZNA0MEEv1lrcZ,"Apricot Flower Play On Hadong Hill","Between Hard Rain","정태춘",2025-05-02,165053,4,false,313szxy7vswousphfmoumend57fe,2026-02-05T06:10:17Z,"전통 포크,K-발라드","Universal Music Ltd.",0.78,0.753,8,-6.646,1,0.0577,0.263,0.0000969,0.467,0.964,103.984,4
spotify:track:68wcwjbCqTj43MD6kLvJr0,"그렇게, 나도 모르게","삶의 향기","권나무",2025-09-03,398677,22,false,313szxy7vswousphfmoumend57fe,2026-02-05T06:10:34Z,"한국 록","권나무 KwonTree",0.608,0.326,4,-9.971,1,0.0303,0.877,0.0000152,0.105,0.262,120.875,4
spotify:track:45GLeEhvFe4tGirZ2SDG75,"하루","하루","Kim Chang-Wan",2025-11-27,221013,10,false,313szxy7vswousphfmoumend57fe,2026-02-05T06:10:48Z,"","Ecole de Gorae",0.527,0.167,2,-13.834,1,0.0345,0.789,0.443,0.119,0.322,126.046,3
spotify:track:5TrfTDNQI3oLN4dTc2DCf5,"남은 숲","남은 숲","Kim Hwal Sung",2025-03-28,185053,8,false,313szxy7vswousphfmoumend57fe,2026-02-05T06:11:02Z,"한국 록","꼬마들CoMaDL",0.549,0.165,7,-12.754,1,0.0349,0.863,0.243,0.163,0.2,109.771,4
spotify:track:4UXunfpHkEQLy74so1FSAB,"개의 심장","산만한시선 2","Sanmanhan",2025-09-27,213053,18,false,313szxy7vswousphfmoumend57fe,2026-02-05T06:11:13Z,"한국 록","Sanmanhan",0.66,0.301,11,-11.708,0,0.039,0.529,0.0000325,0.0875,0.572,118.18,4
spotify:track:3N5wmsjU1PHTOyKFWpgBik,"Between Hard Rain","Between Hard Rain","정태춘",2025-05-02,216000,7,false,313szxy7vswousphfmoumend57fe,2026-02-05T06:11:31Z,"전통 포크,K-발라드","Universal Music Ltd.",0.384,0.418,9,-10.001,0,0.0458,0.883,0.01,0.322,0.189,135.29,4
spotify:track:4uxYCfkyiooq3pJyvi9f8g,"Prelude to a Kiss","A TImeless Place","Kang Yunmi;John Stowell;Irving Mills;Duke Ellington",2025-08-23,204581,2,false,313szxy7vswousphfmoumend57fe,2026-02-05T06:11:55Z,"앰비언트 재즈,재즈 발라드","Laura Records",0.391,0.0364,5,-19.224,0,0.042,0.972,0.00304,0.333,0.099,94.36,4
spotify:track:2lGCIWZawgnEiOTnOMEcxy,"East of the Sun","A TImeless Place","Kang Yunmi;John Stowell;Brooks Bowman",2025-08-23,513682,1,false,313szxy7vswousphfmoumend57fe,2026-02-05T06:11:55Z,"앰비언트 재즈,재즈 발라드","Laura Records",0.429,0.0212,9,-21.757,0,0.0502,0.988,0.0962,0.0835,0.162,57.945,4
spotify:track:6q9sErjNsvxlOa8wMkcx2x,"A Timeless Place (the Peacocks)","A TImeless Place","Kang Yunmi;John Stowell;Norma Winstone;Jimmy Rowles",2025-08-23,512317,3,false,313szxy7vswousphfmoumend57fe,2026-02-05T06:11:55Z,"앰비언트 재즈,재즈 발라드,보컬 재즈,재즈","Laura Records",0.426,0.0436,5,-19.373,0,0.0414,0.984,0.0396,0.139,0.0854,138.732,4
spotify:track:5RpiprypqRa6bQfM6l83RH,"I Thought about You","A TImeless Place","Kang Yunmi;John Stowell;Johnny Mercer;Jimmy Van Heusen;Hoagy Carmichael",2025-08-23,260058,3,false,313szxy7vswousphfmoumend57fe,2026-02-05T06:11:55Z,"앰비언트 재즈,재즈 발라드,빅 밴드,스윙 음악","Laura Records",0.556,0.0359,9,-21.688,0,0.0473,0.988,0.13,0.112,0.218,113.241,4
spotify:track:21QEZ4neIXcGK0BWxmtdhS,"Skylark","A TImeless Place","Kang Yunmi;John Stowell",2025-08-23,381689,1,false,313szxy7vswousphfmoumend57fe,2026-02-05T06:11:55Z,"앰비언트 재즈,재즈 발라드","Laura Records",0.415,0.0235,8,-21.07,1,0.0401,0.985,0.0501,0.12,0.101,84.089,4
spotify:track:1ip39bPTK8GgQVQQ9vdVlB,"How Deep Is the Ocean","A TImeless Place","Kang Yunmi;John Stowell;Irving Berlin",2025-08-23,315318,0,false,313szxy7vswousphfmoumend57fe,2026-02-05T06:11:55Z,"앰비언트 재즈,재즈 발라드","Laura Records",0.595,0.0421,7,-20.212,0,0.0431,0.99,0.173,0.126,0.235,132.504,4
spotify:track:3gJLKuWv6bVF9d4wkl7lRC,"Like Someone in Love","A TImeless Place","Kang Yunmi;John Stowell;Johnny Burke",2025-08-23,361956,0,false,313szxy7vswousphfmoumend57fe,2026-02-05T06:11:55Z,"앰비언트 재즈,재즈 발라드","Laura Records",0.534,0.036,7,-18.243,1,0.0398,0.988,0.0172,0.123,0.112,97.01,4
spotify:track:5zmuYcoLZgCK4hG6vD3zhL,"Never Say Yes","Love Letters","Maria Kim",2025-05-09,212133,10,false,313szxy7vswousphfmoumend57fe,2026-02-05T06:12:10Z,"보컬 재즈,스무스 재즈","La Reserve Records",0.603,0.461,8,-11.786,1,0.0373,0.16,0.00000261,0.13,0.759,96.332,4
spotify:track:1iPYk6YLhanhHHECAqLvUt,"Love Me or Leave Me","Love Letters","Maria Kim",2025-05-09,298933,12,false,313szxy7vswousphfmoumend57fe,2026-02-05T06:12:10Z,"보컬 재즈,스무스 재즈","La Reserve Records",0.422,0.427,5,-12.217,0,0.0596,0.258,0.000199,0.145,0.479,185.682,3
spotify:track:2M3prmukSED40qqGLqJEXP,"Love Letters","Love Letters","Maria Kim",2025-05-09,402166,7,false,313szxy7vswousphfmoumend57fe,2026-02-05T06:12:10Z,"보컬 재즈,스무스 재즈","La Reserve Records",0.588,0.191,0,-16.058,1,0.0417,0.652,0.0301,0.085,0.249,79.419,4
spotify:track:0JQtOJkm9JJH7psMoYJpjI,"All or Nothing at All","Love Letters","Maria Kim",2025-05-09,309666,24,false,313szxy7vswousphfmoumend57fe,2026-02-05T06:12:10Z,"보컬 재즈,스무스 재즈","La Reserve Records",0.642,0.413,0,-13.056,1,0.0655,0.387,0.000102,0.197,0.57,95.439,4
spotify:track:2f6h3Y0YsYUblVjNVE7DAu,"Don't Be on the Outside","Love Letters","Maria Kim",2025-05-09,247366,5,false,313szxy7vswousphfmoumend57fe,2026-02-05T06:12:10Z,"보컬 재즈,스무스 재즈","La Reserve Records",0.727,0.144,4,-17.296,0,0.126,0.517,0.000102,0.109,0.195,105.121,4
spotify:track:50RZwTHa4tqHzs79O1gTb5,"You Can Only Hear","Love Letters","Maria Kim",2025-05-09,320900,3,false,313szxy7vswousphfmoumend57fe,2026-02-05T06:12:10Z,"보컬 재즈,스무스 재즈","La Reserve Records",0.486,0.37,1,-15.062,1,0.0365,0.299,0.531,0.137,0.379,84.451,4
spotify:track:6K2JrK6g1zvRJ6XjdakO3T,"Heart's Desire","Love Letters","Maria Kim",2025-05-09,254766,4,false,313szxy7vswousphfmoumend57fe,2026-02-05T06:12:10Z,"보컬 재즈,스무스 재즈","La Reserve Records",0.508,0.183,0,-16.18,1,0.04,0.803,0.000797,0.113,0.159,108.638,3
spotify:track:2KjB4JAPH9iNZ7A6BjDLYs,"Letter to Mother","Love Letters","Maria Kim",2025-05-09,337000,11,false,313szxy7vswousphfmoumend57fe,2026-02-05T06:12:10Z,"보컬 재즈,스무스 재즈","La Reserve Records",0.459,0.383,5,-14.344,0,0.0409,0.191,0.00243,0.112,0.568,163.066,5
spotify:track:2FnKNT3xKLSNaneZKK9jbN,"Please Send Me Someone to Love","Love Letters","Maria Kim",2025-05-09,325166,7,false,313szxy7vswousphfmoumend57fe,2026-02-05T06:12:10Z,"보컬 재즈,스무스 재즈","La Reserve Records",0.519,0.135,7,-13.265,1,0.0715,0.801,0.00000386,0.141,0.141,181.725,3
spotify:track:0FT7rkIBqCifI0UC8sThN0,"Sometime ago","MALO LIVE AT MUDDY","Malo",2025-07-24,439213,5,false,313szxy7vswousphfmoumend57fe,2026-02-05T06:12:22Z,"재즈 팝,보컬 재즈","Universal Music Ltd.",0.379,0.625,7,-12.921,1,0.0622,0.46,0.00277,0.978,0.417,112.344,4
spotify:track:4mCb34zYqpWpZYoPG02Wp3,"Tight","MALO LIVE AT MUDDY","Malo",2025-07-24,257440,4,false,313szxy7vswousphfmoumend57fe,2026-02-05T06:12:22Z,"재즈 팝,보컬 재즈","Universal Music Ltd.",0.526,0.411,0,-11.786,1,0.176,0.688,0,0.946,0.573,137.533,4
spotify:track:7ouzQ9VtfwA19zkvQ7Lbwo,"Black Orpheus","MALO LIVE AT MUDDY","Malo",2025-07-24,352453,4,false,313szxy7vswousphfmoumend57fe,2026-02-05T06:12:22Z,"재즈 팝,보컬 재즈","Universal Music Ltd.",0.497,0.612,4,-12.091,0,0.0862,0.356,0.0654,0.962,0.528,114.355,4
spotify:track:4fUvB1fq1u8zFAqSksm4lT,"A time to love, a time to cry (Florzinha)","MALO LIVE AT MUDDY","Malo",2025-07-24,454000,5,false,313szxy7vswousphfmoumend57fe,2026-02-05T06:12:22Z,"재즈 팝,보컬 재즈","Universal Music Ltd.",0.451,0.597,9,-10.3,0,0.0601,0.484,0.00449,0.698,0.414,92.682,4
spotify:track:5DljieZgD7CHgChhQLG6tQ,"Willow weep for me","MALO LIVE AT MUDDY","Malo",2025-07-24,429973,3,false,313szxy7vswousphfmoumend57fe,2026-02-05T06:12:22Z,"재즈 팝,보컬 재즈","Universal Music Ltd.",0.39,0.32,5,-12.253,0,0.0461,0.873,0.0000126,0.724,0.162,158.142,3
spotify:track:7jW5nfUuiqdAmfr77AT1cl,"Memoria e fado","MALO LIVE AT MUDDY","Malo",2025-07-24,340600,3,false,313szxy7vswousphfmoumend57fe,2026-02-05T06:12:22Z,"재즈 팝,보컬 재즈","Universal Music Ltd.",0.266,0.0774,11,-20.952,0,0.0446,0.981,0.487,0.706,0.08,90.115,4
spotify:track:7pY3zY7USczxPUr1tQrloz,"Charade","MALO LIVE AT MUDDY","Malo",2025-07-24,444733,2,false,313szxy7vswousphfmoumend57fe,2026-02-05T06:12:22Z,"재즈 팝,보컬 재즈","Universal Music Ltd.",0.452,0.257,4,-13.062,0,0.039,0.964,0.0566,0.673,0.145,132.991,4
spotify:track:0iWZ3BfDP4fOjX0VoOhbB6,"Retrato em branco e preto","MALO LIVE AT MUDDY","Malo",2025-07-24,511653,2,false,313szxy7vswousphfmoumend57fe,2026-02-05T06:12:22Z,"재즈 팝,보컬 재즈","Universal Music Ltd.",0.666,0.384,0,-16.961,0,0.0427,0.923,0.866,0.694,0.346,119.767,4
spotify:track:36cESTabZHfIWJhLuwCWUp,"What a wonderful world","MALO LIVE AT MUDDY","Malo",2025-07-24,427840,3,false,313szxy7vswousphfmoumend57fe,2026-02-05T06:12:22Z,"재즈 팝,보컬 재즈","Universal Music Ltd.",0.398,0.251,10,-13.695,1,0.0338,0.84,0.0000649,0.739,0.073,106.229,4
spotify:track:7aB8x3eSPs4TqsCusAq3cm,"Somewhere in the hills (Favela)","MALO LIVE AT MUDDY","Malo",2025-07-24,371053,2,false,313szxy7vswousphfmoumend57fe,2026-02-05T06:12:22Z,"재즈 팝,보컬 재즈","Universal Music Ltd.",0.573,0.702,0,-9.442,1,0.0727,0.482,0.000916,0.726,0.617,90.754,4
spotify:track:2GfxQzaIACeyASPz0XeYCh,"Armando’s rhumba","MALO LIVE AT MUDDY","Malo",2025-07-24,431386,1,false,313szxy7vswousphfmoumend57fe,2026-02-05T06:12:22Z,"재즈 팝,보컬 재즈","Universal Music Ltd.",0.458,0.653,1,-10.389,1,0.0642,0.591,0.00455,0.977,0.146,113.16,4
spotify:track:4Yu4JGYSMTxBJ5qhBmNaG2,"No more blues","MALO LIVE AT MUDDY","Malo",2025-07-24,436120,2,false,313szxy7vswousphfmoumend57fe,2026-02-05T06:12:22Z,"재즈 팝,보컬 재즈","Universal Music Ltd.",0.46,0.604,10,-10.091,0,0.143,0.728,0.000643,0.976,0.449,108.44,4
spotify:track:2ZPMeIXXpYr4UoFzGH59Tz,"Cherry Blossoms Are Gone (Encore)","MALO LIVE AT MUDDY","Malo",2025-07-24,445280,3,false,313szxy7vswousphfmoumend57fe,2026-02-05T06:12:22Z,"재즈 팝,보컬 재즈","Universal Music Ltd.",0.437,0.342,5,-14.817,0,0.0611,0.896,0.00464,0.831,0.111,129.677,4
spotify:track:0yllTMrIp2bx1fM9kxd54c,"Good Ol’days","Oldie but Goodie","올디 벗 구디",2025-04-30,281280,4,false,313szxy7vswousphfmoumend57fe,2026-02-05T06:12:38Z,"","올디 벗 구디",0.576,0.182,5,-15.274,1,0.0424,0.925,0.000453,0.106,0.164,114.864,4
spotify:track:3TFjvIZIR77ySPvFu719Ky,"Let us swim in the Swing !","Oldie but Goodie","올디 벗 구디",2025-04-30,296040,4,false,313szxy7vswousphfmoumend57fe,2026-02-05T06:12:38Z,"","올디 벗 구디",0.637,0.297,11,-12.929,0,0.0366,0.909,0.000498,0.107,0.482,100.67,4
spotify:track:6eRtHXZspwip6jIMG7HOJc,"In the closet, I saw","Oldie but Goodie","올디 벗 구디",2025-04-30,223720,3,false,313szxy7vswousphfmoumend57fe,2026-02-05T06:12:38Z,"","올디 벗 구디",0.436,0.107,8,-15.859,1,0.038,0.944,0.00000516,0.231,0.187,94.631,3
spotify:track:5AgQMeUEtajdbtEV6ttQjy,"Hug it out","Oldie but Goodie","올디 벗 구디",2025-04-30,279720,4,false,313szxy7vswousphfmoumend57fe,2026-02-05T06:12:38Z,"","올디 벗 구디",0.664,0.366,7,-12.728,0,0.0465,0.764,0.0274,0.0916,0.499,112.447,4
spotify:track:3UjacD1Uvwu4AmwsiapW5d,"Take me to the movies","Oldie but Goodie","올디 벗 구디",2025-04-30,250053,3,false,313szxy7vswousphfmoumend57fe,2026-02-05T06:12:38Z,"","올디 벗 구디",0.548,0.187,5,-13.393,0,0.0553,0.906,0.00000938,0.105,0.372,148.155,4
spotify:track:3JNyTBS5mznAothR3S7V7y,"Just as though you were with me","Oldie but Goodie","올디 벗 구디",2025-04-30,372000,3,false,313szxy7vswousphfmoumend57fe,2026-02-05T06:12:38Z,"","올디 벗 구디",0.487,0.105,8,-14.333,1,0.0427,0.951,0.000383,0.109,0.307,100.067,4
spotify:track:637iBmXJ3ezFo57U4TsWJ6,"(This is) What love feels like","Oldie but Goodie","올디 벗 구디",2025-04-30,251880,4,false,313szxy7vswousphfmoumend57fe,2026-02-05T06:12:38Z,"","올디 벗 구디",0.504,0.253,8,-14.223,1,0.05,0.921,0.000146,0.0985,0.48,92.506,4
spotify:track:0R01eLTZsYGrzvr0g5QAAY,"Jazzberry pie","Oldie but Goodie","올디 벗 구디",2025-04-30,228106,3,false,313szxy7vswousphfmoumend57fe,2026-02-05T06:12:38Z,"","올디 벗 구디",0.682,0.228,10,-15.369,1,0.0466,0.937,0.0000237,0.0858,0.28,106.211,4
spotify:track:5ZVuT4x12AQp5jDNc0dMPs,"Three little words","Oldie but Goodie","올디 벗 구디",2025-04-30,251266,3,false,313szxy7vswousphfmoumend57fe,2026-02-05T06:12:38Z,"","올디 벗 구디",0.432,0.127,3,-14.89,1,0.0372,0.95,0.00000208,0.144,0.247,117.754,3
spotify:track:41MFI2F5fS3GtXO6TGRARB,"BARELY AWAKE","BREATHING IN","Hakyung",2025-06-08,300077,2,false,313szxy7vswousphfmoumend57fe,2026-02-05T06:12:51Z,"재즈 팝","p!nk",0.663,0.327,10,-12.289,0,0.0545,0.556,0.784,0.0726,0.562,86.771,4
spotify:track:5zcMWK47JGyQKFkGgPCsgU,"HOW SWEET WOULD IT BE","BREATHING IN","Hakyung",2025-06-08,306094,1,false,313szxy7vswousphfmoumend57fe,2026-02-05T06:12:51Z,"재즈 팝","p!nk",0.404,0.365,2,-13.348,0,0.0308,0.776,0.0448,0.246,0.337,92.052,3
spotify:track:5Nc9oggFbAAKosv0z1Dlb0,"시간을 달리는 소년","BREATHING IN","Hakyung",2025-06-08,225461,1,false,313szxy7vswousphfmoumend57fe,2026-02-05T06:12:51Z,"재즈 팝","p!nk",0.633,0.394,0,-11.908,0,0.0428,0.861,0.125,0.0668,0.683,91.545,4
spotify:track:2ydARUKIXzQJX9WZpwKs5U,"SIMPLE BOND","BREATHING IN","Hakyung",2025-06-08,286454,1,false,313szxy7vswousphfmoumend57fe,2026-02-05T06:12:51Z,"재즈 팝","p!nk",0.578,0.242,3,-14.234,0,0.035,0.922,0.0364,0.12,0.24,119.616,4
spotify:track:23bYBgA1GRtEkfajeIzSGA,"SEE ME HERE","BREATHING IN","Hakyung",2025-06-08,313711,16,false,313szxy7vswousphfmoumend57fe,2026-02-05T06:12:51Z,"재즈 팝","p!nk",0.719,0.352,0,-11.833,1,0.0697,0.635,0.000509,0.0872,0.654,97.993,4
spotify:track:0aiHY1fiopypMWfuJJeRTr,"STATUS QUO","BREATHING IN","Hakyung",2025-06-08,145272,1,false,313szxy7vswousphfmoumend57fe,2026-02-05T06:12:51Z,"재즈 팝","p!nk",0.685,0.0978,0,-17.755,1,0.0542,0.982,0.000168,0.136,0.229,116.982,4
spotify:track:5HHPCLF06RisIko2tJcYDE,"ANOTHER WAY OF LIVING","BREATHING IN","Hakyung",2025-06-08,187285,1,false,313szxy7vswousphfmoumend57fe,2026-02-05T06:12:51Z,"재즈 팝","p!nk",0.656,0.135,7,-14.05,0,0.138,0.852,0.188,0.107,0.356,175.939,4
spotify:track:5gNHKhpV0ZVnV0ioLWxTpF,"To My Youth (Intro)","비움프로젝트 II : After BIUM","SHIN AHRAM",2025-04-25,67585,0,false,313szxy7vswousphfmoumend57fe,2026-02-05T06:13:07Z,"","SORI-E NAITE MUSIC COMPANY",0.374,0.023,6,-25.143,1,0.0461,0.603,0.79,0.0979,0.322,126.996,5
spotify:track:2VoWr76vBueKf4EKA1Ziaf,"To My Youth","비움프로젝트 II : After BIUM","SHIN AHRAM",2025-04-25,454928,1,false,313szxy7vswousphfmoumend57fe,2026-02-05T06:13:07Z,"","SORI-E NAITE MUSIC COMPANY",0.399,0.147,1,-14.135,0,0.0465,0.959,0.821,0.088,0.211,100.226,4
spotify:track:0qd290IsbVCcMg0cO3LjUq,"The Farewell","비움프로젝트 II : After BIUM","SHIN AHRAM",2025-04-25,249210,1,false,313szxy7vswousphfmoumend57fe,2026-02-05T06:13:07Z,"","SORI-E NAITE MUSIC COMPANY",0.375,0.0663,11,-16.825,0,0.0497,0.989,0.215,0.108,0.203,113.612,4
spotify:track:2lBYSh80EvuqG56VPnlbYC,"Hometown Reverie","비움프로젝트 II : After BIUM","SHIN AHRAM",2025-04-25,382067,0,false,313szxy7vswousphfmoumend57fe,2026-02-05T06:13:07Z,"","SORI-E NAITE MUSIC COMPANY",0.395,0.26,1,-12.254,1,0.0335,0.953,0.827,0.113,0.143,79.5,4
spotify:track:5kbJhPXIUxAeamBy0rPysl,"밤고양이","비움프로젝트 II : After BIUM","SHIN AHRAM",2025-04-25,499793,0,false,313szxy7vswousphfmoumend57fe,2026-02-05T06:13:07Z,"","SORI-E NAITE MUSIC COMPANY",0.419,0.186,4,-16.18,0,0.0394,0.962,0.692,0.129,0.113,89.453,4
spotify:track:5ngNGKPVgmSTevhQv5Mn1I,"자유로운 보폭","비움프로젝트 II : After BIUM","SHIN AHRAM",2025-04-25,479793,2,false,313szxy7vswousphfmoumend57fe,2026-02-05T06:13:07Z,"","SORI-E NAITE MUSIC COMPANY",0.455,0.505,3,-11.458,0,0.0849,0.835,0.304,0.0933,0.371,86.714,4
spotify:track:6qAnDBgWNYTgSQfThL6a0q,"May All Be Peaceful","비움프로젝트 II : After BIUM","SHIN AHRAM",2025-04-25,474937,0,false,313szxy7vswousphfmoumend57fe,2026-02-05T06:13:07Z,"","SORI-E NAITE MUSIC COMPANY",0.306,0.142,7,-16.529,1,0.034,0.898,0.111,0.326,0.0617,89.071,4
spotify:track:62QSLGGhLrfTzijx5ExXnP,"엄마의 정원","비움프로젝트 II : After BIUM","SHIN AHRAM",2025-04-25,391313,0,false,313szxy7vswousphfmoumend57fe,2026-02-05T06:13:07Z,"","SORI-E NAITE MUSIC COMPANY",0.304,0.0904,4,-15.582,1,0.0369,0.97,0.834,0.0967,0.0732,82.921,4
spotify:track:1HFGzS45uO8vL4uc31jwHS,"Journey Unbound (Intro)","비움프로젝트 II : After BIUM","SHIN AHRAM",2025-04-25,71759,0,false,313szxy7vswousphfmoumend57fe,2026-02-05T06:13:07Z,"","SORI-E NAITE MUSIC COMPANY",0.322,0.00874,2,-24.022,1,0.0543,0.991,0.000854,0.142,0.343,81.237,3
spotify:track:3bXIIwiro4RuPSf30JyAmh,"Journey Unbound","비움프로젝트 II : After BIUM","SHIN AHRAM",2025-04-25,402641,0,false,313szxy7vswousphfmoumend57fe,2026-02-05T06:13:07Z,"","SORI-E NAITE MUSIC COMPANY",0.515,0.424,7,-11.278,1,0.0327,0.637,0.695,0.0729,0.358,97.791,4
spotify:track:3hDcMulPtvj322c2Lq1OvN,"S50und P61ant7","Invisible Worker","yonglee & the DOLTANG;Youngwoo Lee",2025-05-01,64613,2,false,313szxy7vswousphfmoumend57fe,2026-02-05T06:13:58Z,"","u n i t",0.287,0.0381,5,-29.785,0,0.0516,0.922,0.941,0.272,0.428,82.252,5
spotify:track:22Pc6lESzsoOqKGIx8cWyr,"Pay Day","Invisible Worker","yonglee & the DOLTANG;Yechan Jo;Youngwoo Lee;Hwansu Kang;Dayeon Seok",2025-05-01,321880,3,false,313szxy7vswousphfmoumend57fe,2026-02-05T06:13:58Z,"","u n i t",0.405,0.608,8,-14.453,1,0.0419,0.794,0.926,0.113,0.479,119.016,4
spotify:track:1Z6cb8JuQHLikBHW1dhzxE,"Shell","Invisible Worker","yonglee & the DOLTANG;Yechan Jo;Youngwoo Lee;Hwansu Kang;Dayeon Seok",2025-05-01,292746,5,false,313szxy7vswousphfmoumend57fe,2026-02-05T06:13:58Z,"","u n i t",0.347,0.507,11,-13.732,1,0.0361,0.759,0.881,0.279,0.549,172.473,4
spotify:track:6OAk31I5oHpV4pIHN2TzqO,"Fluorescent Light","Invisible Worker","yonglee & the DOLTANG;Yechan Jo;Youngwoo Lee;Hwansu Kang;Dayeon Seok;Song Yi Jeon",2025-05-01,272760,3,false,313szxy7vswousphfmoumend57fe,2026-02-05T06:13:58Z,"브라질 재즈","u n i t",0.255,0.537,1,-11.464,1,0.0335,0.359,0.42,0.0775,0.39,169.976,4
spotify:track:00Xs0bpcP0jffU7jyVihfb,"Drops","Invisible Worker","yonglee & the DOLTANG;Yechan Jo;Youngwoo Lee;Hwansu Kang;Dayeon Seok",2025-05-01,245293,2,false,313szxy7vswousphfmoumend57fe,2026-02-05T06:13:58Z,"","u n i t",0.316,0.522,1,-15.022,1,0.0552,0.769,0.723,0.0759,0.347,79.179,3
spotify:track:627Ud5SZXvaeuLv3OnAisc,"Do Plastic Bags Dream About Sunset","Invisible Worker","yonglee & the DOLTANG;Yechan Jo;Youngwoo Lee;Hwansu Kang;Dayeon Seok",2025-05-01,358760,2,false,313szxy7vswousphfmoumend57fe,2026-02-05T06:13:58Z,"","u n i t",0.509,0.326,5,-14.444,1,0.029,0.73,0.881,0.0967,0.383,82.14,4
spotify:track:5SjUXaJOfFUT5RFoSj51Yy,"Dopamine Rush","Invisible Worker","yonglee & the DOLTANG;Yechan Jo;Youngwoo Lee;Hwansu Kang;Dayeon Seok;Song Yi Joen",2025-05-01,194826,1,false,313szxy7vswousphfmoumend57fe,2026-02-05T06:13:58Z,"","u n i t",0.337,0.515,2,-14.42,1,0.0765,0.654,0.789,0.105,0.368,83.409,4
spotify:track:4nedRuFrxsX9p8VVs5yCMD,"March of the Invisibles","Invisible Worker","yonglee & the DOLTANG;Yechan Jo;Youngwoo Lee;Hwansu Kang;Dayeon Seok",2025-05-01,274626,6,false,313szxy7vswousphfmoumend57fe,2026-02-05T06:13:58Z,"","u n i t",0.437,0.362,3,-16.052,0,0.0273,0.914,0.909,0.11,0.313,88.255,4
spotify:track:2MuklHgN66TP1kDmpLPfAq,"Chit-Kong","Invisible Worker","yonglee & the DOLTANG;Yechan Jo;Youngwoo Lee;Hwansu Kang;Dayeon Seok",2025-05-01,345213,1,false,313szxy7vswousphfmoumend57fe,2026-02-05T06:13:58Z,"","u n i t",0.334,0.621,8,-13.782,1,0.0511,0.805,0.927,0.13,0.426,120.446,4
spotify:track:2j8N5Jqp57oFggEjYw7cvF,"Impromptu","Impromptu","임미정",2025-11-26,449122,6,false,313szxy7vswousphfmoumend57fe,2026-02-05T06:14:13Z,"","SORI-E NAITE MUSIC COMPANY",0.456,0.472,1,-14.813,1,0.0451,0.296,0.82,0.0781,0.372,122.334,4
spotify:track:5COt1hfy8ozbt1JrjbFlPp,"Sketches of Spring","Impromptu","임미정",2025-11-26,450404,4,false,313szxy7vswousphfmoumend57fe,2026-02-05T06:14:13Z,"","SORI-E NAITE MUSIC COMPANY",0.432,0.2,8,-17.792,1,0.0368,0.929,0.9,0.12,0.176,111.792,4
spotify:track:0hZg85GHNgKSfnRyMeR8xN,"Subtle Notice","Impromptu","임미정",2025-11-26,560954,3,false,313szxy7vswousphfmoumend57fe,2026-02-05T06:14:13Z,"","SORI-E NAITE MUSIC COMPANY",0.542,0.462,10,-13.446,0,0.0418,0.158,0.831,0.0742,0.278,106.532,3
spotify:track:2twEwqxqZW8rXWHEW3psM6,"Impromptu Part 2","Impromptu","임미정",2025-11-26,527616,3,false,313szxy7vswousphfmoumend57fe,2026-02-05T06:14:13Z,"","SORI-E NAITE MUSIC COMPANY",0.51,0.517,7,-13.506,1,0.0408,0.248,0.823,0.104,0.353,112.865,4
spotify:track:0s4gr3oCznJs7ttiT9W7dC,"Sarangha","Impromptu","임미정",2025-11-26,361516,2,false,313szxy7vswousphfmoumend57fe,2026-02-05T06:14:13Z,"","SORI-E NAITE MUSIC COMPANY",0.385,0.376,5,-15.426,1,0.0286,0.602,0.647,0.142,0.234,86.84,3
spotify:track:4ebir5kqq3kzaLMj1ofJA9,"Portrait of Strayhorn","Impromptu","임미정",2025-11-26,434073,2,false,313szxy7vswousphfmoumend57fe,2026-02-05T06:14:13Z,"","SORI-E NAITE MUSIC COMPANY",0.441,0.212,1,-20.065,1,0.0338,0.599,0.479,0.0949,0.0787,77.652,4
spotify:track:0X5e54h1af8smEN0Y3fRp8,"Light","Impromptu","임미정",2025-11-26,446871,2,false,313szxy7vswousphfmoumend57fe,2026-02-05T06:14:13Z,"","SORI-E NAITE MUSIC COMPANY",0.43,0.482,6,-14.593,0,0.0425,0.208,0.863,0.114,0.371,95.167,4
spotify:track:3cTpRdZSkzCviEVeQLMFRX,"Still Movement","Impromptu","임미정",2025-11-26,413478,2,false,313szxy7vswousphfmoumend57fe,2026-02-05T06:14:13Z,"","SORI-E NAITE MUSIC COMPANY",0.657,0.329,8,-16.978,1,0.0385,0.576,0.862,0.0979,0.28,127.386,4
spotify:track:6l0ZlSIGOygmIA5qZAawzC,"사라진 자리 (feat. 해파)","잔해","Jung Sumin;Haepa",2025-10-14,238002,7,false,313szxy7vswousphfmoumend57fe,2026-02-05T06:14:27Z,"","Studio OWA",0.539,0.0436,7,-19.488,1,0.0455,0.963,0.000229,0.31,0.0944,115.797,4
spotify:track:5ajzHe0MVWRXNtjiQ7jCLP,"머물던 온기","잔해","Jung Sumin",2025-10-14,290457,6,false,313szxy7vswousphfmoumend57fe,2026-02-05T06:14:27Z,"","Studio OWA",0.416,0.0362,8,-26.705,1,0.0544,0.971,0.956,0.0955,0.109,173.167,3
spotify:track:4aNtCvtF1nIad6oGJiDicO,"문 앞에서","잔해","Jung Sumin",2025-10-14,424944,5,false,313szxy7vswousphfmoumend57fe,2026-02-05T06:14:27Z,"","Studio OWA",0.444,0.0857,5,-19.011,1,0.0428,0.97,0.955,0.106,0.124,109.098,4
spotify:track:4edGHRffZJvnpKT1jq2apa,"겨울이었나 여름이었나","잔해","Jung Sumin",2025-10-14,282574,7,false,313szxy7vswousphfmoumend57fe,2026-02-05T06:14:27Z,"","Studio OWA",0.566,0.266,0,-16.098,1,0.0443,0.949,0.918,0.0804,0.205,119.36,4
spotify:track:0udRKFpSgdbDRdlVLR9LhF,"폐허","잔해","Jung Sumin",2025-10-14,136100,4,false,313szxy7vswousphfmoumend57fe,2026-02-05T06:14:27Z,"","Studio OWA",0.56,0.0715,7,-29.2,0,0.0884,0.956,0.961,0.111,0.435,109.841,4
spotify:track:5WKowKwlMXY36Ctg04bXMF,"남아 있는 것은 (feat. 김일두)","잔해","Jung Sumin;김일두",2025-10-14,295956,6,false,313szxy7vswousphfmoumend57fe,2026-02-05T06:14:27Z,"","Studio OWA",0.498,0.0562,0,-17.137,1,0.0453,0.945,0.0000602,0.107,0.391,114.599,4
spotify:track:0gNueu2o2w3al3xWPXiexl,"오래 머물렀다","잔해","Jung Sumin",2025-10-14,350848,5,false,313szxy7vswousphfmoumend57fe,2026-02-05T06:14:27Z,"","Studio OWA",0.529,0.0247,2,-23.238,0,0.0529,0.986,0.959,0.0861,0.04,104.105,4
spotify:track:4eTV1a50GhG28YwYs5cg75,"잔해","잔해","Jung Sumin",2025-10-14,253650,7,false,313szxy7vswousphfmoumend57fe,2026-02-05T06:14:27Z,"","Studio OWA",0.347,0.167,0,-15.791,0,0.0324,0.966,0.925,0.056,0.0864,143.107,4
spotify:track:0UVWQx6wESqoyZbymFtIOu,"데모 1","잔해","Jung Sumin",2025-10-14,309041,4,false,313szxy7vswousphfmoumend57fe,2026-02-05T06:14:27Z,"","Studio OWA",0.649,0.0177,5,-28.92,1,0.0608,0.98,0.862,0.339,0.206,106.435,4
spotify:track:1qfp1Q1TYpPPuoFeNZ0C47,"Meaning of a Nest I: Finding","Fourth Page: Meaning of a Nest","Sun-Mi Hong",2025-03-14,330560,9,false,313szxy7vswousphfmoumend57fe,2026-02-05T06:14:51Z,"프리 재즈","Edition Records",0.402,0.407,5,-15.018,0,0.0466,0.892,0.911,0.0853,0.271,149.874,4
spotify:track:3xgDzD7ahBErqnKfO5K5k2,"Meaning of a Nest II: Perpetuating","Fourth Page: Meaning of a Nest","Sun-Mi Hong",2025-03-14,262600,7,false,313szxy7vswousphfmoumend57fe,2026-02-05T06:14:51Z,"프리 재즈","Edition Records",0.38,0.418,1,-15.537,1,0.0369,0.877,0.873,0.123,0.147,108.458,4
spotify:track:2Ht8Kg8dumrm8bJbzTCNNs,"Escapism","Fourth Page: Meaning of a Nest","Sun-Mi Hong",2025-03-14,172533,10,false,313szxy7vswousphfmoumend57fe,2026-02-05T06:14:51Z,"프리 재즈","Edition Records",0.2,0.133,1,-16.115,1,0.0364,0.917,0.892,0.262,0.0828,130.676,5
spotify:track:58UZxsiYOWyiVt5KiseXtR,"Toddler's Eye","Fourth Page: Meaning of a Nest","Sun-Mi Hong",2025-03-14,236480,13,false,313szxy7vswousphfmoumend57fe,2026-02-05T06:14:51Z,"프리 재즈","Edition Records",0.404,0.262,1,-16.101,1,0.0403,0.857,0.901,0.0966,0.492,112.416,4
spotify:track:6ck2d8azfQLfIpiSkp1aj0,"A Never-Wilting Petal I: Journey","Fourth Page: Meaning of a Nest","Sun-Mi Hong",2025-03-14,222600,5,false,313szxy7vswousphfmoumend57fe,2026-02-05T06:14:51Z,"프리 재즈","Edition Records",0.258,0.164,9,-19.426,0,0.0331,0.943,0.857,0.145,0.164,84.591,4
spotify:track:2qegKxAefL3zusnj6Uzobo,"A Never-Wilting Petal II: Loneliness","Fourth Page: Meaning of a Nest","Sun-Mi Hong",2025-03-14,359146,5,false,313szxy7vswousphfmoumend57fe,2026-02-05T06:14:51Z,"프리 재즈","Edition Records",0.381,0.251,9,-17.769,0,0.0322,0.882,0.907,0.17,0.0752,106.807,3
spotify:track:4RsG1Opg9Zbfi2l36WprJR,"A Never-Wilting Petal III: Blossom","Fourth Page: Meaning of a Nest","Sun-Mi Hong",2025-03-14,296320,5,false,313szxy7vswousphfmoumend57fe,2026-02-05T06:14:51Z,"프리 재즈","Edition Records",0.236,0.208,5,-16.315,1,0.042,0.951,0.0581,0.101,0.259,83.123,4
spotify:track:4BAhwBVAOyr3MSiQDGbzOu,"Heart Stone","Fourth Page: Meaning of a Nest","Sun-Mi Hong",2025-03-14,515840,5,false,313szxy7vswousphfmoumend57fe,2026-02-05T06:14:51Z,"프리 재즈","Edition Records",0.26,0.125,6,-22.371,1,0.0348,0.916,0.745,0.107,0.173,83.388,4
spotify:track:0tGKGBm7rHn3SbxI55djTr,"Daseureum 3","Time Of Tree","GRAY BY SILVER",2025-11-18,484000,4,false,313szxy7vswousphfmoumend57fe,2026-02-05T06:15:54Z,"한국 록","Pop-Up Music Uk Limited",0.177,0.152,1,-20.891,1,0.0488,0.919,0.685,0.118,0.0424,175.008,4
spotify:track:3vTwSMjwYObatSTQo6YCof,"System","Time Of Tree","GRAY BY SILVER",2025-11-18,280000,2,false,313szxy7vswousphfmoumend57fe,2026-02-05T06:15:54Z,"한국 록","Pop-Up Music Uk Limited",0.21,0.253,8,-15.049,1,0.0371,0.973,0.923,0.118,0.0385,121.331,4
spotify:track:4DJpwms9wy9vqkC7G0tD6m,"Day and Night","Time Of Tree","GRAY BY SILVER",2025-11-18,193880,1,false,313szxy7vswousphfmoumend57fe,2026-02-05T06:15:54Z,"한국 록","Pop-Up Music Uk Limited",0.564,0.0933,1,-29.794,0,0.04,0.838,0.919,0.111,0.22,82.85,4
spotify:track:5DWh5JNcr4hb3rckcLn0Kb,"Wetlands","Time Of Tree","GRAY BY SILVER",2025-11-18,404333,1,false,313szxy7vswousphfmoumend57fe,2026-02-05T06:15:54Z,"한국 록","Pop-Up Music Uk Limited",0.239,0.0608,3,-23.056,1,0.0326,0.928,0.843,0.065,0.038,78.976,4
spotify:track:6BUPMGhX5v74xuVfUC7x5K,"Cicada","Time Of Tree","GRAY BY SILVER",2025-11-18,780000,3,false,313szxy7vswousphfmoumend57fe,2026-02-05T06:15:54Z,"한국 록","Pop-Up Music Uk Limited",0.285,0.392,2,-11.769,1,0.0364,0.858,0.408,0.104,0.0538,111.61,3
spotify:track:1mcWCsgNUlL63hUqRUPzwp,"Succession","Time Of Tree","GRAY BY SILVER",2025-11-18,340626,1,false,313szxy7vswousphfmoumend57fe,2026-02-05T06:15:54Z,"한국 록","Pop-Up Music Uk Limited",0.347,0.000259,4,-27.889,1,0.361,0.982,0.575,0.081,0.0857,72.084,4
spotify:track:3Kuvubm3tGLEkH79y5JcTF,"Daseureum 4","Time Of Tree","GRAY BY SILVER",2025-11-18,474000,0,false,313szxy7vswousphfmoumend57fe,2026-02-05T06:15:54Z,"한국 록","Pop-Up Music Uk Limited",0.322,0.157,5,-20,1,0.0378,0.91,0.452,0.0714,0.139,125.378,4
spotify:track:7pN68jrraqaHxmo19WxKq6,"Time Of Tree","Time Of Tree","GRAY BY SILVER",2025-11-18,356133,1,false,313szxy7vswousphfmoumend57fe,2026-02-05T06:15:54Z,"한국 록","Pop-Up Music Uk Limited",0.133,0.0197,8,-20.056,0,0.0448,0.99,0.529,0.0965,0.0374,58.616,4
spotify:track:4eWe8eYbTPXjbEJoyyCnZr,"Circulation","Time Of Tree","GRAY BY SILVER",2025-11-18,288500,1,false,313szxy7vswousphfmoumend57fe,2026-02-05T06:15:54Z,"한국 록","Pop-Up Music Uk Limited",0.375,0.0971,10,-14.548,1,0.042,0.918,0.00028,0.0515,0.112,143.665,3
spotify:track:0Uh3vClbzTg6UrXm7SbPdW,"Red-headed Tit and Cuckoo","Time Of Tree","GRAY BY SILVER",2025-11-18,355375,1,false,313szxy7vswousphfmoumend57fe,2026-02-05T06:15:54Z,"한국 록","Pop-Up Music Uk Limited",0.338,0.0517,1,-16.758,1,0.0416,0.986,0.00164,0.19,0.0499,130.487,3
spotify:track:3LqJ4sSqqXRJRddEgZj9oV,"Ancient Tree","Time Of Tree","GRAY BY SILVER",2025-11-18,768000,1,false,313szxy7vswousphfmoumend57fe,2026-02-05T06:15:54Z,"한국 록","Pop-Up Music Uk Limited",0.259,0.46,0,-9.401,1,0.0345,0.612,0.316,0.0901,0.159,140.469,3
spotify:track:1eDHzc9Vf6BZupACzzDrgR,"Noehwansun Hwahansun","Time Of Tree","GRAY BY SILVER",2025-11-18,409226,0,false,313szxy7vswousphfmoumend57fe,2026-02-05T06:15:54Z,"한국 록","Pop-Up Music Uk Limited",0.175,0.204,8,-13.15,1,0.039,0.973,0.958,0.114,0.0364,78.772,4
spotify:track:72lTErKqtcutK5FHAheVyU,"First Buds","All Living Things","박지하",2025-02-14,212858,7,false,313szxy7vswousphfmoumend57fe,2026-02-05T06:16:13Z,"전통 포크,미니멀리즘,일렉트로어쿠스틱,아방가르드,익스페리멘탈","tak:til/Glitterbeat Records",0.17,0.198,1,-9.79,1,0.0349,0.651,0.712,0.124,0.0477,69.118,4
spotify:track:5AGlWaMCB8XPihmigYr4o1,"Grounding","All Living Things","박지하",2025-02-14,275365,3,false,313szxy7vswousphfmoumend57fe,2026-02-05T06:16:13Z,"전통 포크,미니멀리즘,일렉트로어쿠스틱,아방가르드,익스페리멘탈","tak:til/Glitterbeat Records",0.214,0.446,10,-9.075,0,0.0319,0.799,0.864,0.116,0.112,204.433,3
spotify:track:1YvEzGBbIcI1U27EpJkrQo,"Bloom","All Living Things","박지하",2025-02-14,351275,2,false,313szxy7vswousphfmoumend57fe,2026-02-05T06:16:13Z,"전통 포크,미니멀리즘,일렉트로어쿠스틱,아방가르드,익스페리멘탈","tak:til/Glitterbeat Records",0.154,0.22,0,-9.917,0,0.0367,0.524,0.895,0.0641,0.0763,98.676,5
spotify:track:3gu1sS5UHC06OanUIk13sz,"A Story of Little Birds","All Living Things","박지하",2025-02-14,367953,3,false,313szxy7vswousphfmoumend57fe,2026-02-05T06:16:13Z,"전통 포크,미니멀리즘,일렉트로어쿠스틱,아방가르드,익스페리멘탈","tak:til/Glitterbeat Records",0.434,0.645,5,-6.977,0,0.0349,0.678,0.322,0.141,0.145,122.878,4
spotify:track:0vHeaPfsII15lkZ80oKSvQ,"Growth Ring","All Living Things","박지하",2025-02-14,228130,2,false,313szxy7vswousphfmoumend57fe,2026-02-05T06:16:13Z,"전통 포크,미니멀리즘,일렉트로어쿠스틱,아방가르드,익스페리멘탈","tak:til/Glitterbeat Records",0.0892,0.457,10,-8.119,0,0.0341,0.0491,0.244,0.099,0.0298,81.82,3
spotify:track:12wtHDriVCZc8lGbg3fifg,"Blown Leaves","All Living Things","박지하",2025-02-14,293108,2,false,313szxy7vswousphfmoumend57fe,2026-02-05T06:16:13Z,"전통 포크,미니멀리즘,일렉트로어쿠스틱,아방가르드,익스페리멘탈","tak:til/Glitterbeat Records",0.222,0.474,5,-9.505,0,0.0345,0.341,0.0565,0.459,0.0572,150.198,3
spotify:track:3CqviTNdIMvScTXiBq29lY,"Breathe Again","All Living Things","박지하",2025-02-14,411329,1,false,313szxy7vswousphfmoumend57fe,2026-02-05T06:16:13Z,"전통 포크,미니멀리즘,일렉트로어쿠스틱,아방가르드,익스페리멘탈","tak:til/Glitterbeat Records",0.172,0.327,10,-8.849,0,0.0328,0.804,0.186,0.0723,0.0356,174.335,3
spotify:track:05tb1l0flBTBEgSuzyiBVR,"Eternal Path","All Living Things","박지하",2025-02-14,379684,1,false,313szxy7vswousphfmoumend57fe,2026-02-05T06:16:13Z,"전통 포크,미니멀리즘,일렉트로어쿠스틱,아방가르드,익스페리멘탈","tak:til/Glitterbeat Records",0.39,0.152,1,-9.612,1,0.0326,0.721,0.847,0.0808,0.0358,68.458,3
spotify:track:2GoFKodBMqTuBgXCSaaqhO,"Water Moon","All Living Things","박지하",2025-02-14,267817,1,false,313szxy7vswousphfmoumend57fe,2026-02-05T06:16:13Z,"전통 포크,미니멀리즘,일렉트로어쿠스틱,아방가르드,익스페리멘탈","tak:til/Glitterbeat Records",0.198,0.165,8,-13.579,1,0.0354,0.798,0.88,0.0866,0.0365,61.877,4
spotify:track:4grE0Hug77bHHskXmk2q2R,"But spring will always come","雨後 uuhu","Jeon Jin Hee",2025-06-11,203773,22,false,313szxy7vswousphfmoumend57fe,2026-02-05T06:16:25Z,"","Jeon Jin Hee / ADA",0.193,0.124,9,-14.339,0,0.0473,0.969,0.376,0.0772,0.0571,173.839,4
spotify:track:2CkOBIEyg8hdGLaj12uQgZ,"after rain","雨後 uuhu","Jeon Jin Hee",2025-06-11,211813,20,false,313szxy7vswousphfmoumend57fe,2026-02-05T06:16:25Z,"","Jeon Jin Hee / ADA",0.336,0.131,5,-14.14,0,0.0424,0.971,0.92,0.112,0.0387,106.564,4
spotify:track:3ik7WTxxsWAYUbg4X3kegi,"summer to fall","雨後 uuhu","Jeon Jin Hee",2025-06-11,140213,19,false,313szxy7vswousphfmoumend57fe,2026-02-05T06:16:25Z,"","Jeon Jin Hee / ADA",0.554,0.00746,9,-22.083,0,0.141,0.994,0.904,0.107,0.116,135.296,5
spotify:track:6BVnNfkItU3rnXaYML5NH7,"light","雨後 uuhu","Jeon Jin Hee",2025-06-11,221026,27,false,313szxy7vswousphfmoumend57fe,2026-02-05T06:16:25Z,"","Jeon Jin Hee / ADA",0.289,0.207,5,-14.17,1,0.0397,0.967,0.00415,0.0923,0.276,184.149,4
spotify:track:0uogBek6YybBDAgFvdQmza,"dawn snow","雨後 uuhu","Jeon Jin Hee",2025-06-11,126720,17,false,313szxy7vswousphfmoumend57fe,2026-02-05T06:16:25Z,"","Jeon Jin Hee / ADA",0.526,0.0514,5,-23.777,1,0.0388,0.993,0.957,0.11,0.16,93.479,4
spotify:track:2YCYKzI5Uh1aITBiB7qGaD,"Is it okay","雨後 uuhu","Jeon Jin Hee",2025-06-11,261560,20,false,313szxy7vswousphfmoumend57fe,2026-02-05T06:16:25Z,"","Jeon Jin Hee / ADA",0.404,0.129,7,-17.425,1,0.0412,0.968,0.0162,0.132,0.0969,129.531,4
spotify:track:6yGfhdu4eQez95inyKU40k,"after rain - piano solo","雨後 uuhu","Jeon Jin Hee",2025-06-11,213293,14,false,313szxy7vswousphfmoumend57fe,2026-02-05T06:16:25Z,"","Jeon Jin Hee / ADA",0.333,0.0659,3,-21.915,1,0.0648,0.991,0.93,0.127,0.0388,72.576,5
spotify:track:7Ap10fMtK5up63lA00u639,"20250511 Intro - Live","雨後 uuhu","Jeon Jin Hee",2025-06-11,317920,14,false,313szxy7vswousphfmoumend57fe,2026-02-05T06:16:25Z,"","Jeon Jin Hee / ADA",0.463,0.027,0,-19.903,1,0.085,0.993,0.942,0.106,0.0846,75.025,3
spotify:track:2r2r4q2Nq8CiSBl8YGGTu1,"Breathing in june - Live","雨後 uuhu","Jeon Jin Hee",2025-06-11,190173,13,false,313szxy7vswousphfmoumend57fe,2026-02-05T06:16:25Z,"","Jeon Jin Hee / ADA",0.193,0.0885,0,-15.339,1,0.0367,0.957,0.896,0.111,0.068,84.535,3
spotify:track:6qZ7VWXsDQSPOehnEdeDKu,"모두가 아는 곳","NAMDO CALLING","Jung Eunhye;CADEJO;Yechan Kim",2025-10-03,341982,7,false,313szxy7vswousphfmoumend57fe,2026-02-05T06:16:40Z,"한국 록,한국 랩","BIRDS IN PARADISE RECORD",0.591,0.56,2,-9.838,0,0.103,0.422,0.461,0.238,0.697,108.157,4
spotify:track:46VrR758gbjEtpxnWY7ah5,"팔도유랑","NAMDO CALLING","Jung Eunhye;CADEJO;Yechan Kim",2025-10-03,276500,4,false,313szxy7vswousphfmoumend57fe,2026-02-05T06:16:40Z,"한국 록,한국 랩","BIRDS IN PARADISE RECORD",0.66,0.549,11,-9.551,0,0.0807,0.617,0.00151,0.171,0.751,179.898,4
spotify:track:2IQEf8vv6Ye53dvGAsnb7b,"극락조","NAMDO CALLING","Jung Eunhye;CADEJO;Yechan Kim",2025-10-03,277627,4,false,313szxy7vswousphfmoumend57fe,2026-02-05T06:16:40Z,"한국 록,한국 랩","BIRDS IN PARADISE RECORD",0.796,0.623,5,-9.054,0,0.199,0.539,0.0247,0.0829,0.961,123.623,4
spotify:track:4tlXi57sjuarvsn2oo91tp,"흙으로 만든 집 pt. 1","NAMDO CALLING","Jung Eunhye;CADEJO;Yechan Kim",2025-10-03,230351,4,false,313szxy7vswousphfmoumend57fe,2026-02-05T06:16:40Z,"한국 록,한국 랩","BIRDS IN PARADISE RECORD",0.327,0.391,2,-15.908,1,0.0402,0.825,0.808,0.104,0.261,128.136,4
spotify:track:1RLnGXiWReW1KOgrx3hwsJ,"흙으로 만든 집 pt. 2","NAMDO CALLING","Jung Eunhye;CADEJO;Yechan Kim",2025-10-03,225246,5,false,313szxy7vswousphfmoumend57fe,2026-02-05T06:16:40Z,"한국 록,한국 랩","BIRDS IN PARADISE RECORD",0.326,0.032,6,-19.645,0,0.0436,0.991,0.734,0.0997,0.0488,134.379,4
spotify:track:0MbKke9aLV9FbMzd5luOqv,"푸른 물결","NAMDO CALLING","Jung Eunhye;CADEJO;Yechan Kim",2025-10-03,351839,3,false,313szxy7vswousphfmoumend57fe,2026-02-05T06:16:40Z,"한국 록,한국 랩","BIRDS IN PARADISE RECORD",0.567,0.324,8,-13.023,1,0.0285,0.894,0.848,0.222,0.158,105.296,3
spotify:track:53OtY49vDJH0M1141iog3w,"정처없이 흐르는","NAMDO CALLING","Jung Eunhye;CADEJO;Yechan Kim",2025-10-03,568000,2,false,313szxy7vswousphfmoumend57fe,2026-02-05T06:16:40Z,"한국 록,한국 랩","BIRDS IN PARADISE RECORD",0.54,0.649,9,-11.319,0,0.129,0.252,0.104,0.137,0.761,114.23,4
spotify:track:2iNd5SQgClspCnsWBV29Sy,"돌파","NAMDO CALLING","Jung Eunhye;CADEJO;Yechan Kim",2025-10-03,273500,2,false,313szxy7vswousphfmoumend57fe,2026-02-05T06:16:40Z,"한국 록,한국 랩","BIRDS IN PARADISE RECORD",0.502,0.973,11,-6.459,0,0.119,0.21,0,0.155,0.418,127.41,4
spotify:track:5okCGhPUbu6wi70UCo10Yw,"섬 위의 바람","NAMDO CALLING","Jung Eunhye;CADEJO;Yechan Kim",2025-10-03,257500,2,false,313szxy7vswousphfmoumend57fe,2026-02-05T06:16:40Z,"한국 록,한국 랩","BIRDS IN PARADISE RECORD",0.583,0.358,8,-13.482,0,0.0372,0.732,0.307,0.124,0.663,141.664,3
spotify:track:2Dgx4vP98hJoWRTtEUwqOO,"구름 위의 삶","NAMDO CALLING","Jung Eunhye;CADEJO;Yechan Kim",2025-10-03,408375,7,false,313szxy7vswousphfmoumend57fe,2026-02-05T06:16:40Z,"한국 록,한국 랩","BIRDS IN PARADISE RECORD",0.572,0.319,2,-12.82,1,0.0355,0.813,0.0804,0.106,0.327,171.35,4
spotify:track:5jNv48GT1zaWWpqBnbBQly,"BINARI","NAMDO CALLING","Jung Eunhye;CADEJO;Yechan Kim",2025-10-03,213500,2,false,313szxy7vswousphfmoumend57fe,2026-02-05T06:16:40Z,"한국 록,한국 랩","BIRDS IN PARADISE RECORD",0.727,0.683,11,-10.508,0,0.0528,0.141,0.000109,0.162,0.775,126.915,4
spotify:track:02QOTKiwKlEE5lqE44Dvn8,"Who is 'Donna Lee'","Baroque in Blue","Jisu Jung & Baroque in Blue",2025-04-11,325257,2,false,313szxy7vswousphfmoumend57fe,2026-02-05T06:16:51Z,"","Artbus Company",0.398,0.32,3,-13.83,0,0.036,0.99,0.909,0.114,0.396,108.622,4
spotify:track:35XpNDdF10JUwwXNYVb8ol,"Billie's Bounce","Baroque in Blue","Jisu Jung & Baroque in Blue",2025-04-11,311693,1,false,313szxy7vswousphfmoumend57fe,2026-02-05T06:16:51Z,"","Artbus Company",0.49,0.129,5,-15.136,1,0.059,0.988,0.886,0.116,0.63,88.939,3
spotify:track:6svY1GZx85R03v6Q2fQe3X,"Class ends too late","Baroque in Blue","Jisu Jung & Baroque in Blue",2025-04-11,441211,1,false,313szxy7vswousphfmoumend57fe,2026-02-05T06:16:51Z,"","Artbus Company",0.392,0.202,9,-15.151,0,0.0401,0.969,0.824,0.139,0.0745,150.706,4
spotify:track:0yjd3TAqhljFzIA8LYfzuT,"Intro' of Baroque in Blue","Baroque in Blue","Jisu Jung & Baroque in Blue",2025-04-11,113069,1,false,313szxy7vswousphfmoumend57fe,2026-02-05T06:16:51Z,"","Artbus Company",0.173,0.0431,2,-22.917,0,0.0427,0.992,0.925,0.332,0.0761,150.347,3
spotify:track:2RfMBzppBbABu5xhxB03JH,"Baroque in Blue","Baroque in Blue","Jisu Jung & Baroque in Blue",2025-04-11,404281,1,false,313szxy7vswousphfmoumend57fe,2026-02-05T06:16:51Z,"","Artbus Company",0.451,0.256,7,-13.944,0,0.0488,0.985,0.899,0.108,0.401,94.175,4
spotify:track:6L0eE0Fvv1MWFNX2rqtvd5,"Ugly reflects Beauty","Baroque in Blue","Jisu Jung & Baroque in Blue",2025-04-11,296581,1,false,313szxy7vswousphfmoumend57fe,2026-02-05T06:16:51Z,"","Artbus Company",0.333,0.188,9,-15.177,1,0.0425,0.98,0.81,0.366,0.298,73.637,4
spotify:track:5b8HAwc4PoqYrfhZ5a4a2w,"White Prayer","Baroque in Blue","Jisu Jung & Baroque in Blue",2025-04-11,652805,1,false,313szxy7vswousphfmoumend57fe,2026-02-05T06:16:51Z,"","Artbus Company",0.219,0.0773,0,-19.91,1,0.046,0.983,0.801,0.206,0.146,77.115,4
spotify:track:664YaAezdHodwUgPjh8ncS,"INTRO - Live","송골매 콘서트 : 열망 LIVE EDITION","Songolmae",2023-07-10,80918,1,false,313szxy7vswousphfmoumend57fe,2026-02-05T06:21:38Z,"한국 록","DREAM MAKER ENTERTAINMENT LIMITED",0.215,0.403,7,-10.691,1,0.0335,0.059,0.00311,0.397,0.0769,108.141,4
spotify:track:2Va9mhlmVi5CgkTMK4NIPs,"어쩌다 마주친 그대 - Live","송골매 콘서트 : 열망 LIVE EDITION","Songolmae",2023-07-10,190048,15,false,313szxy7vswousphfmoumend57fe,2026-02-05T06:21:38Z,"한국 록","DREAM MAKER ENTERTAINMENT LIMITED",0.628,0.822,2,-8.069,0,0.0508,0.124,0,0.255,0.475,122.028,4
spotify:track:4clSFQyHeclbZPt5uAgK8r,"모여라 - Live","송골매 콘서트 : 열망 LIVE EDITION","Songolmae",2023-07-10,216298,1,false,313szxy7vswousphfmoumend57fe,2026-02-05T06:21:38Z,"한국 록","DREAM MAKER ENTERTAINMENT LIMITED",0.668,0.863,7,-6.984,1,0.0713,0.187,0,0.3,0.436,112.001,4
spotify:track:1tQwbGx9m6Tyhgo6EaItkd,"구름과 나 - Live","송골매 콘서트 : 열망 LIVE EDITION","Songolmae",2023-07-10,277701,2,false,313szxy7vswousphfmoumend57fe,2026-02-05T06:21:38Z,"한국 록","DREAM MAKER ENTERTAINMENT LIMITED",0.558,0.813,8,-8.008,0,0.0644,0.0567,0.0000527,0.412,0.481,112.97,4
spotify:track:3n1D5Qu2ILCZds7k1Lko5N,"세상 모르고 살았노라 - Live","송골매 콘서트 : 열망 LIVE EDITION","Songolmae",2023-07-10,232287,3,false,313szxy7vswousphfmoumend57fe,2026-02-05T06:21:38Z,"한국 록","DREAM MAKER ENTERTAINMENT LIMITED",0.58,0.891,7,-8.525,1,0.0451,0.0258,0.0296,0.199,0.625,144.042,4
spotify:track:6OUEjvMTRj60Pe1MBqaJ4P,"처음 본 순간 - Live","송골매 콘서트 : 열망 LIVE EDITION","Songolmae",2023-07-10,187248,3,false,313szxy7vswousphfmoumend57fe,2026-02-05T06:21:38Z,"한국 록","DREAM MAKER ENTERTAINMENT LIMITED",0.694,0.832,1,-8.043,1,0.0715,0.135,0.00000399,0.172,0.888,141.925,4
spotify:track:195Fl9F4A9pVQGseNeq5FS,"한줄기 빛 - Live","송골매 콘서트 : 열망 LIVE EDITION","Songolmae",2023-07-10,144274,1,false,313szxy7vswousphfmoumend57fe,2026-02-05T06:21:38Z,"한국 록","DREAM MAKER ENTERTAINMENT LIMITED",0.623,0.92,11,-6.195,0,0.0825,0.258,0.000112,0.622,0.509,142.018,4
spotify:track:40e5x9mFSdAgJ0i3yhbcei,"방황 - Live","송골매 콘서트 : 열망 LIVE EDITION","Songolmae",2023-07-10,238885,3,false,313szxy7vswousphfmoumend57fe,2026-02-05T06:21:38Z,"한국 록","DREAM MAKER ENTERTAINMENT LIMITED",0.423,0.817,4,-7.194,0,0.063,0.027,0,0.261,0.466,156.766,4
spotify:track:6j06DjLzX69j3OkxXQB1ZP,"사랑하는 이여 내 죽으면 - Live","송골매 콘서트 : 열망 LIVE EDITION","Songolmae",2023-07-10,230119,7,false,313szxy7vswousphfmoumend57fe,2026-02-05T06:21:38Z,"한국 록","DREAM MAKER ENTERTAINMENT LIMITED",0.548,0.278,4,-12.929,0,0.0293,0.728,0.00326,0.167,0.149,71.902,4
spotify:track:3iE6LEJu3WtwHbLRMRubBk,"아가에게 - Live","송골매 콘서트 : 열망 LIVE EDITION","Songolmae",2023-07-10,191265,16,false,313szxy7vswousphfmoumend57fe,2026-02-05T06:21:38Z,"한국 록","DREAM MAKER ENTERTAINMENT LIMITED",0.526,0.645,10,-8.195,0,0.0361,0.234,0,0.136,0.268,99.963,4
spotify:track:2PsgnUeOGmsjwsqXM2OKqW,"빗물 - Live","송골매 콘서트 : 열망 LIVE EDITION","Songolmae",2023-07-10,247135,5,false,313szxy7vswousphfmoumend57fe,2026-02-05T06:21:38Z,"한국 록","DREAM MAKER ENTERTAINMENT LIMITED",0.591,0.441,9,-10.715,1,0.0279,0.35,0.00704,0.223,0.306,81.029,4
spotify:track:0Pk8Bx1KlMDfxDaBhNXq8i,"그대는 나는 - Live","송골매 콘서트 : 열망 LIVE EDITION","Songolmae",2023-07-10,308468,3,false,313szxy7vswousphfmoumend57fe,2026-02-05T06:21:38Z,"한국 록","DREAM MAKER ENTERTAINMENT LIMITED",0.626,0.358,9,-12.865,1,0.0336,0.462,0.00309,0.363,0.154,137.839,4
spotify:track:4DNuhYtpTjRChws2lobCur,"희나리 - Live","송골매 콘서트 : 열망 LIVE EDITION","Songolmae",2023-07-10,238294,3,false,313szxy7vswousphfmoumend57fe,2026-02-05T06:21:38Z,"한국 록","DREAM MAKER ENTERTAINMENT LIMITED",0.434,0.466,2,-9.501,0,0.0332,0.519,0.0000027,0.12,0.153,76.042,4
spotify:track:50NlOASAVB6RmIsmasmFfp,"외로워 외로워 - Live","송골매 콘서트 : 열망 LIVE EDITION","Songolmae",2023-07-10,239431,2,false,313szxy7vswousphfmoumend57fe,2026-02-05T06:21:38Z,"한국 록","DREAM MAKER ENTERTAINMENT LIMITED",0.325,0.501,7,-10.45,0,0.0339,0.359,0.0000993,0.157,0.18,99.121,4
spotify:track:71BJX8p6zm6756qrKYt7zx,"아픈만큼 성숙해지고 - Live","송골매 콘서트 : 열망 LIVE EDITION","Songolmae",2023-07-10,244772,2,false,313szxy7vswousphfmoumend57fe,2026-02-05T06:21:38Z,"한국 록","DREAM MAKER ENTERTAINMENT LIMITED",0.388,0.321,7,-11.726,0,0.0307,0.581,0.00000432,0.125,0.127,134.111,4
spotify:track:322NhYYRic9MytjCC1KQ2P,"이빠진 동그라미 - Live","송골매 콘서트 : 열망 LIVE EDITION","Songolmae",2023-07-10,237325,2,false,313szxy7vswousphfmoumend57fe,2026-02-05T06:21:38Z,"한국 록","DREAM MAKER ENTERTAINMENT LIMITED",0.626,0.39,9,-16.923,0,0.0565,0.682,0,0.677,0.539,108.539,3
spotify:track:5Xj4xIcKfPYhGfiAmlFJED,"사랑 그 아름답고 소중한 얘기들 - Live","송골매 콘서트 : 열망 LIVE EDITION","Songolmae",2023-07-10,208149,1,false,313szxy7vswousphfmoumend57fe,2026-02-05T06:21:38Z,"한국 록","DREAM MAKER ENTERTAINMENT LIMITED",0.669,0.4,0,-16.106,1,0.0509,0.6,0,0.595,0.609,107.888,4
spotify:track:0OKtimA12aM6bmicRiHoQ7,"하늘나라 우리님 - Live","송골매 콘서트 : 열망 LIVE EDITION","Songolmae",2023-07-10,260907,1,false,313szxy7vswousphfmoumend57fe,2026-02-05T06:21:38Z,"한국 록","DREAM MAKER ENTERTAINMENT LIMITED",0.497,0.673,6,-9.168,0,0.0873,0.0895,0.000855,0.36,0.229,159.889,4
spotify:track:4m1OTfiTSVx17ui23Pxp9c,"탈춤 - Live","송골매 콘서트 : 열망 LIVE EDITION","Songolmae",2023-07-10,209574,1,false,313szxy7vswousphfmoumend57fe,2026-02-05T06:21:38Z,"한국 록","DREAM MAKER ENTERTAINMENT LIMITED",0.621,0.828,5,-7.322,0,0.0372,0.0701,0.00757,0.102,0.626,130.022,4
spotify:track:6OI1G3fXMV4RzbuWwMHU2F,"세상만사 - Live","송골매 콘서트 : 열망 LIVE EDITION","Songolmae",2023-07-10,241901,1,false,313szxy7vswousphfmoumend57fe,2026-02-05T06:21:38Z,"한국 록","DREAM MAKER ENTERTAINMENT LIMITED",0.542,0.878,1,-6.974,0,0.0648,0.0416,0.00346,0.37,0.477,138.847,4
spotify:track:46YJz0gJUZJpjNJkptMunh,"새가 되어 날으리 - Live","송골매 콘서트 : 열망 LIVE EDITION","Songolmae",2023-07-10,234288,7,false,313szxy7vswousphfmoumend57fe,2026-02-05T06:21:38Z,"한국 록","DREAM MAKER ENTERTAINMENT LIMITED",0.229,0.796,2,-6.551,0,0.0577,0.0821,0.00328,0.347,0.0993,167.74,4
spotify:track:2fPaA2xAmaVaW9IRVZnr79,"모두 다 사랑하리 - Live","송골매 콘서트 : 열망 LIVE EDITION","Songolmae",2023-07-10,352738,3,false,313szxy7vswousphfmoumend57fe,2026-02-05T06:21:38Z,"한국 록","DREAM MAKER ENTERTAINMENT LIMITED",0.474,0.57,4,-8.526,0,0.0415,0.371,0,0.709,0.388,133.71,4
