Track URI,Track Name,Album Name,Artist Name(s),Release Date,Duration (ms),Popularity,Explicit,Added By,Added At,Genres,Record Label,Danceability,Energy,Key,Loudness,Mode,Speechiness,Acousticness,Instrumentalness,Liveness,Valence,Tempo,Time Signature
spotify:track:3r8RuvgbX9s7ammBn07D3W,"Ditto","Ditto","NewJeans",2022-12-19,185506,80,false,11156981936,2023-03-29T10:59:14Z,"케이팝","ADOR",0.814,0.641,6,-5.957,0,0.111,0.027,0,0.0993,0.183,133.854,4
spotify:track:4dKa5ZzlGqUy3Wo0yaXKNI,"Cupid","The Beginning: Cupid","FIFTY FIFTY",2023-02-24,174253,0,false,11156981936,2023-03-29T10:59:14Z,"케이팝","ATTRAKT",0.77,0.661,2,-8.199,1,0.0336,0.652,0,0.383,0.943,120.053,4
spotify:track:5oH4DQAuu1J1800RzUsBWa,"That That (prod. & feat. SUGA of BTS)","싸다9","싸이;SUGA",2022-04-29,174646,0,false,11156981936,2022-08-30T03:22:09Z,"케이팝","P NATION",0.905,0.962,4,-3.197,1,0.0856,0.0299,0,0.0272,0.906,129.969,4
spotify:track:2gYj9lubBorOPIVWsTXugG,"After LIKE","After LIKE","IVE",2022-08-22,176973,73,false,11156981936,2022-08-30T03:22:09Z,"케이팝","Starship Entertainment",0.68,0.922,0,-1.215,1,0.121,0.103,0,0.0877,0.799,125.014,4
spotify:track:65FftemJ1DbbZ45DUfHJXE,"OMG","NewJeans 'OMG'","NewJeans",2023-01-02,212253,79,false,11156981936,2023-03-29T10:59:14Z,"케이팝","ADOR",0.804,0.771,9,-4.067,0,0.0433,0.357,0.00000307,0.108,0.739,126.956,4
spotify:track:5rJ7bdPmr8nfmm2JQ8xHOz,"POP!","IM NAYEON","나연",2022-06-24,168106,57,false,11156981936,2022-08-30T03:22:09Z,"케이팝","WM Japan",0.793,0.859,2,-2.998,1,0.0544,0.0356,0,0.0343,0.392,97.001,4
spotify:track:0skYUMpS0AcbpjcGsAbRGj,"Pink Venom","Pink Venom","BLACKPINK",2022-08-19,186964,66,false,11156981936,2022-08-30T03:22:09Z,"케이팝","YG Entertainment/Interscope Records",0.798,0.697,0,-7.139,1,0.0891,0.0202,0,0.259,0.745,90.031,4
spotify:track:69CrOS7vEHIrhC2ILyEi0s,"FLOWER","ME","지수",2023-03-31,173134,69,false,11156981936,2023-06-13T23:12:18Z,"케이팝","YG Entertainment/Interscope Records",0.843,0.389,9,-7.669,0,0.036,0.0316,0.0000062,0.0982,0.639,123.956,4
spotify:track:3Ua0m0YmEjrMi9XErKcNiR,"Like Crazy","FACE","지민",2023-03-24,212241,76,false,11156981936,2023-06-13T23:12:18Z,"케이팝","BIGHIT MUSIC",0.629,0.733,7,-5.445,1,0.0419,0.0025,0,0.357,0.362,120.001,4
spotify:track:4uOBL4DDWWVx4RhYKlPbPC,"Queencard","I feel","i-dle",2023-05-15,161240,6,false,11156981936,2023-06-13T23:12:18Z,"케이팝","Cube Entertainment",0.815,0.834,4,-2.828,0,0.0475,0.0327,0.000268,0.27,0.692,129.989,4
spotify:track:51vRumtqbkNW9wrKfESwfu,"UNFORGIVEN (feat. Nile Rodgers)","UNFORGIVEN","LE SSERAFIM;Nile Rodgers",2023-05-01,182148,70,false,11156981936,2023-06-13T23:12:18Z,"케이팝","SOURCE MUSIC",0.795,0.875,4,-4.079,0,0.0525,0.111,0.0000894,0.107,0.375,104.008,4
spotify:track:1ULdASrNy5rurl1TZfFaMP,"Spicy","MY WORLD - The 3rd Mini Album","aespa",2023-05-08,197040,62,false,11156981936,2023-06-13T23:12:18Z,"케이팝","SM Entertainment / Warner Records",0.757,0.898,11,-1.247,0,0.0667,0.0138,0,0.0703,0.842,114.949,4
spotify:track:2pIUpMhHL6L9Z5lnKxJJr9,"Attention","NewJeans 1st EP 'New Jeans'","NewJeans",2022-08-01,180066,77,false,11156981936,2022-08-30T03:22:09Z,"케이팝","ADOR",0.811,0.648,10,-3.684,0,0.0368,0.236,0,0.0761,0.695,104.988,4
spotify:track:6m3NDw2ZJW1lmwu6dG7ApW,"vibe.","vibe.","will hyde;dori",2024-09-27,127541,36,false,11156981936,2025-06-04T09:57:39Z,"K-발라드","WILLIAMO THE COLLECTIVE LLC",0.737,0.836,9,-5.347,0,0.0791,0.296,0,0.325,0.779,146.986,4
spotify:track:70t7Q6AYG6ZgTYmJWcnkUM,"I AM","I've IVE","IVE",2023-04-10,183853,75,false,11156981936,2023-06-13T23:12:18Z,"케이팝","Starship Entertainment",0.683,0.875,4,-4.866,0,0.0549,0.0115,0,0.084,0.384,122.002,4
spotify:track:3AOf6YEpxQ894FmrwI9k96,"Super","SEVENTEEN 10th Mini Album 'FML'","세븐틴",2023-04-24,200386,69,false,11156981936,2023-06-13T23:12:18Z,"케이팝","PLEDIS Entertainment",0.771,0.88,8,-4.091,1,0.0857,0.162,0.00000141,0.167,0.347,137.018,4
spotify:track:3gTQwwDNJ42CCLo3Sf4JDd,"S-Class","5-STAR","Stray Kids",2023-06-02,195688,76,false,11156981936,2023-06-13T23:12:18Z,"케이팝,노이즈 음악","Republic Records - Stray Kids",0.886,0.781,5,-1.837,0,0.333,0.0895,0,0.0715,0.672,104.996,4
spotify:track:7mpdNiaQvygj2rHoxkzMfa,"Bite Me","DARK BLOOD","ENHYPEN",2023-05-22,157531,80,false,11156981936,2023-06-13T23:12:18Z,"케이팝","BELIFT LAB",0.795,0.781,1,-4.647,1,0.141,0.285,0,0.108,0.687,104.972,4
spotify:track:7x9aauaA9cu6tyfpHnqDLo,"Seven (feat. Latto)","Seven (feat. Latto)","정국;Latto",2023-07-14,184400,79,true,11156981936,2024-01-03T20:23:45Z,"케이팝","BIGHIT MUSIC",0.788,0.841,11,-3.955,1,0.0432,0.301,0,0.0772,0.904,124.986,4
spotify:track:5sdQOyqq2IDhvmx2lHOpwd,"Super Shy","NewJeans 'Super Shy'","NewJeans",2023-07-07,154666,80,false,11156981936,2024-01-03T20:23:45Z,"케이팝","ADOR",0.776,0.817,5,-6.018,0,0.0748,0.18,0.0000344,0.146,0.515,149.921,4
spotify:track:74X2u8JMVooG2QbjRxXwR8,"Perfect Night","Perfect Night","LE SSERAFIM",2023-10-27,159080,77,false,11156981936,2024-01-03T20:23:45Z,"케이팝","SOURCE MUSIC",0.697,0.82,5,-4.502,1,0.0308,0.1,0,0.0631,0.502,136.054,4
spotify:track:6gcuJpHu0Ey30D5WR76y98,"You & Me","JENNIE Special Single [You & Me]","제니",2023-10-06,179164,68,false,11156981936,2024-01-03T20:23:45Z,"케이팝","YG Entertainment/Interscope Records",0.789,0.572,9,-6.227,1,0.0566,0.0155,0.0000206,0.0955,0.561,112.01,4
spotify:track:3VBj0lzjmhTzVFPEDOjNCG,"BATTER UP","BATTER UP","BABYMONSTER",2023-11-27,188179,73,false,11156981936,2024-01-03T20:23:45Z,"케이팝","YG Entertainment",0.903,0.685,11,-4.772,0,0.105,0.069,0.0000112,0.127,0.873,130.01,4
spotify:track:5XWlyfo0kZ8LF7VSyfS4Ew,"Drama","Drama - The 4th Mini Album","aespa",2023-11-10,214973,78,false,11156981936,2024-01-03T20:23:45Z,"케이팝","SM Entertainment / Warner Records",0.644,0.872,6,-1.54,0,0.0417,0.164,0,0.363,0.378,131.016,4
spotify:track:2KoeSRTm9cRulYnkaEyUaP,"Crazy Form","THE WORLD EP.FIN : WILL","ATEEZ",2023-12-01,198365,67,false,11156981936,2024-01-03T20:23:45Z,"케이팝,노이즈 음악","KQ Entertainment",0.83,0.791,5,-5.185,0,0.049,0.027,0,0.343,0.466,119.024,4
spotify:track:2YmfV4lAjrAQvuggKCUX6m,"Sweet Venom","ORANGE BLOOD","ENHYPEN",2023-11-17,148753,72,false,11156981936,2024-01-03T20:23:45Z,"케이팝","BELIFT LAB",0.84,0.673,10,-3.685,1,0.0427,0.0426,0,0.0971,0.911,115.004,4
spotify:track:1OG1NoKpZZLrMqMYCk9m84,"LALALALA","ROCK-STAR","Stray Kids",2023-11-10,182224,78,false,11156981936,2024-01-03T20:23:45Z,"케이팝,노이즈 음악","Republic Records - Stray Kids",0.705,0.849,0,-2.595,1,0.0493,0.0647,0,0.653,0.609,125.976,4
spotify:track:618OKP1lBkNJL8uZdNSvQE,"MANIAC","The 4th Mini Album 'VERSUS'","VIVIZ",2023-11-02,195520,2,false,11156981936,2024-01-03T20:23:45Z,"케이팝","BIGPLANETMADE",0.753,0.579,9,-4.514,1,0.071,0.19,0,0.0931,0.818,114.961,4
spotify:track:2KslE17cAJNHTsI2MI0jb2,"Standing Next to You","GOLDEN","정국",2023-11-03,206019,83,false,11156981936,2024-01-03T20:23:45Z,"케이팝","BIGHIT MUSIC",0.711,0.809,2,-4.389,0,0.0955,0.0447,0,0.339,0.816,106.017,4
spotify:track:7uyeEbG6hyApgXuEypGcsZ,"Baddie","I'VE MINE","IVE",2023-10-13,154360,64,false,11156981936,2024-01-03T20:23:45Z,"케이팝","Starship Entertainment",0.736,0.678,5,-4.503,1,0.0464,0.0459,0.00000546,0.104,0.757,160.045,4
spotify:track:0ZPjVmof45INEERgYfadtv,"Chasing That Feeling","The Name Chapter: FREEFALL","투모로우바이투게더",2023-10-13,182670,64,false,11156981936,2024-01-03T20:23:45Z,"케이팝","Republic Records - TXT",0.69,0.842,10,-4.288,0,0.0739,0.0153,0,0.0639,0.626,141.994,4
spotify:track:1qosh64U6CR5ki1g1Rf2dZ,"Love Lee","Love Lee","AKMU",2023-08-21,179683,62,false,11156981936,2024-01-03T20:23:45Z,"K-발라드,케이팝","YG Entertainment",0.914,0.532,5,-6.6,0,0.0734,0.453,0.00000457,0.169,0.706,100.029,4
spotify:track:7jzOZuWgZ5gaMet9V5Ix1d,"Fast Forward","GAME PLAN","전소미",2023-08-07,160578,57,false,11156981936,2024-01-03T20:23:45Z,"케이팝","THEBLACKLABEL/Interscope Records",0.733,0.599,9,-5.747,1,0.0494,0.000929,0.000304,0.116,0.766,123.991,4
spotify:track:6ehWdR7cGDXnT7aKEASJxE,"3D (feat. Jack Harlow)","3D (feat. Jack Harlow)","정국;Jack Harlow",2023-09-29,201812,73,true,11156981936,2024-01-03T20:23:45Z,"케이팝","BIGHIT MUSIC",0.853,0.824,1,-3.287,1,0.103,0.0322,0,0.0859,0.888,108.044,4
spotify:track:6uTPA1xlcsk6dbchB2dhzl,"Back for More (with Anitta)","Back for More (with Anitta)","투모로우바이투게더;Anitta",2023-09-15,131037,62,false,11156981936,2024-01-03T20:23:45Z,"케이팝,브라질 팝,펑크(Funk) 팝,브라질 펑키 (Funk),펑크 카리오카","Republic Records - TXT",0.785,0.897,4,-3.447,0,0.158,0.0452,0,0.222,0.891,115.916,4
spotify:track:56v8WEnGzLByGsDAXDiv4d,"ETA","NewJeans 2nd EP 'Get Up'","NewJeans",2023-07-21,151373,77,false,11156981936,2024-01-03T20:23:45Z,"케이팝","ADOR",0.812,0.749,10,-6.389,0,0.0397,0.108,0,0.0599,0.841,134.971,4
spotify:track:4QhnNyKDsAkXPwHkSnuc89,"Eve, Psyche & The Bluebeard’s wife","UNFORGIVEN","LE SSERAFIM",2023-05-01,185538,73,false,11156981936,2024-01-03T20:23:45Z,"케이팝","SOURCE MUSIC",0.663,0.872,11,-5.056,1,0.2,0.0153,0,0.0519,0.626,142.951,4
spotify:track:42h7yc9Rda1IOMYLACVgld,"Cream Soda","EXIST – The 7th Album","EXO",2023-07-10,185320,57,false,11156981936,2024-01-03T20:23:45Z,"케이팝","SM Entertainment",0.623,0.838,4,-2.454,0,0.15,0.0849,0,0.186,0.684,155.617,4
spotify:track:3F4lHPNHlvr3RpO4tpVOIs,"In Bloom","YOUTH IN THE SHADE","ZEROBASEONE",2023-07-10,180988,61,false,11156981936,2024-01-03T20:23:45Z,"케이팝","Genie Music Corporation, Stone Music Entertainment",0.551,0.886,6,-3.843,1,0.0699,0.111,0,0.112,0.383,82.034,4
spotify:track:5KyOUICJIvO0z71MBdPGiX,"BOUNCY (K-HOT CHILLI PEPPERS)","THE WORLD EP.2 : OUTLAW","ATEEZ",2023-06-16,187310,72,false,11156981936,2024-01-03T20:23:45Z,"케이팝,노이즈 음악","KQ Entertainment",0.532,0.896,8,-4.356,1,0.184,0.00869,0,0.106,0.479,150.06,4
spotify:track:6KiEF5zqzHiFjzdm8gChz7,"KNOCK","Over The Moon","이채연",2023-04-12,173080,55,false,11156981936,2024-01-03T20:23:45Z,"케이팝","Genie Music Corporation, Stone Music Entertainment",0.81,0.734,9,-1.784,1,0.035,0.000545,0.00000625,0.055,0.935,138.945,4
spotify:track:4fsQ0K37TOXa3hEQfjEic1,"ANTIFRAGILE","ANTIFRAGILE","LE SSERAFIM",2022-10-17,184444,69,false,11156981936,2022-12-04T03:12:52Z,"케이팝","SOURCE MUSIC",0.882,0.797,10,-3.299,0,0.0819,0.0821,0,0.113,0.824,105.025,4
spotify:track:0IGUXY4JbK18bu9oD4mPIm,"TOMBOY","I NEVER DIE","i-dle",2022-03-14,174386,4,false,11156981936,2022-08-30T03:22:09Z,"케이팝","Cube Entertainment",0.755,0.87,1,-2.414,0,0.0936,0.00988,0,0.0917,0.645,124.032,4
spotify:track:07fqC2Puj13frv9iYtlcri,"Girls","Girls - The 2nd Mini Album","aespa",2022-07-08,240440,42,false,11156981936,2022-08-30T03:22:09Z,"케이팝","Warner Records",0.57,0.974,3,-0.173,0,0.325,0.115,0.000594,0.125,0.65,171.958,4
spotify:track:0RDqNCRBGrSegk16Avfzuq,"Talk that Talk","BETWEEN 1&2","TWICE",2022-08-26,177466,68,false,11156981936,2022-08-30T03:22:09Z,"케이팝","Republic Records - TWICE",0.772,0.907,3,-2.438,0,0.124,0.136,0,0.334,0.783,119.973,4
spotify:track:69xohKu8C1fsflYAiSNbwM,"Run BTS","Proof","방탄소년단",2022-06-10,204939,80,false,11156981936,2022-08-30T03:22:09Z,"케이팝","BIGHIT MUSIC",0.724,0.818,8,-3.747,1,0.168,0.0201,0,0.0358,0.696,77.004,4
spotify:track:7nthiiDfS9WHNHDMwmAz98,"BTBT","BTBT","B.I;Soulja Boy;DeVita",2022-05-13,219549,0,false,11156981936,2022-08-30T03:22:09Z,"케이팝,한국 랩","IOK x Transparent Arts",0.766,0.663,9,-6.932,0,0.175,0.334,0,0.117,0.509,109.967,4
spotify:track:4LJgBT9yo0beHlaBesCFEv,"Birthday","‘The ReVe Festival 2022 - Birthday’","Red Velvet",2022-11-28,216440,49,false,11156981936,2022-12-04T03:12:52Z,"케이팝","SM Entertainment",0.645,0.864,10,-2.065,0,0.0538,0.0486,0,0.0491,0.673,149.949,4
spotify:track:3o3bRIOKDwGOdqL9HBUNrO,"Love Me Like This","expérgo","NMIXX",2023-03-20,188718,0,false,11156981936,2023-03-29T10:59:14Z,"케이팝","JYP Entertainment",0.803,0.805,8,-4.167,0,0.064,0.00805,0,0.0641,0.652,97.031,4
spotify:track:4OtVQ2ZxS7yigIjGz5yKg1,"SET ME FREE","READY TO BE","TWICE",2023-03-10,181680,66,false,11156981936,2023-03-29T10:59:14Z,"케이팝","Republic Records - TWICE",0.756,0.831,5,-2.536,0,0.141,0.0966,0,0.0499,0.703,113.025,4
spotify:track:3WUyu94psXrYV6HZbXgcFA,"Rover","Rover - The 3rd Mini Album","카이",2023-03-13,174506,66,false,11156981936,2023-03-29T10:59:14Z,"케이팝","SM Entertainment",0.629,0.806,1,-2.034,0,0.201,0.0212,0.000487,0.0955,0.545,186.022,4
spotify:track:3IelG5zYpWWCZIH4cqWlPV,"SHOOTING STAR","SHOOTING STAR","XG",2023-01-25,203556,69,false,11156981936,2023-03-29T10:59:14Z,"케이팝","XGALX",0.625,0.712,2,-5.996,1,0.0539,0.0229,0,0.252,0.398,163.015,4
spotify:track:7eBpUuPnDTfbeP1P4P93CS,"Fighting (Feat. Lee Young Ji)","BSS 1st Single Album 'SECOND WIND'","부석순;이영지",2023-02-06,204466,66,false,11156981936,2023-03-29T10:59:14Z,"케이팝,한국 랩","PLEDIS Entertainment",0.707,0.86,11,-2.935,0,0.191,0.103,0,0.0989,0.922,152.026,4
spotify:track:4kSDi21MeOoSvpZs6MveI9,"Teddy Bear","Teddy Bear","STAYC",2023-02-14,189773,55,false,11156981936,2023-03-29T10:59:14Z,"케이팝","High Up Entertainment",0.757,0.91,7,-3.953,1,0.0524,0.105,0,0.387,0.686,119.04,4
spotify:track:0rhI6gvOeCKA502RdJAbfs,"Sugar Rush Ride","The Name Chapter: TEMPTATION","투모로우바이투게더",2023-01-27,186570,68,false,11156981936,2023-03-29T10:59:14Z,"케이팝","Republic Records - TXT",0.712,0.893,10,-3.995,0,0.0851,0.00788,0,0.169,0.828,125.022,4
spotify:track:5NcLyVjUgG0yfwHgr5t81w,"MOONLIGHT SUNRISE","MOONLIGHT SUNRISE","TWICE",2023-01-20,180320,62,false,11156981936,2023-03-29T10:59:14Z,"케이팝","Republic Records - TWICE",0.749,0.781,1,-3.265,1,0.0578,0.392,0.00000212,0.086,0.606,125.09,4
spotify:track:70yszWsLJvNZuZwaHNMROf,"PANDORA","PANDORA'S BOX","MAVE:",2023-01-25,196826,56,false,11156981936,2023-03-29T10:59:14Z,"케이팝","Metaverse Entertainment Inc.",0.644,0.945,9,-2.436,1,0.123,0.0204,0.000133,0.328,0.759,149.986,4
spotify:track:2KwOuFfwQyT9mZqjvchd81,"Ay-Yo","Ay-Yo - The 4th Album Repackage","NCT 127",2023-01-30,221493,0,false,11156981936,2023-03-29T10:59:14Z,"케이팝,노이즈 음악","SM Entertainment",0.753,0.845,8,-2.751,0,0.121,0.00629,0,0.317,0.413,90.002,4
spotify:track:0mlxHb4jbPr1PUBUv0WHRS,"Stamp On It","Stamp On It - The 1st Mini Album","GOT the beat",2023-01-16,232813,53,false,11156981936,2023-03-29T10:59:14Z,"케이팝","SM Entertainment",0.632,0.849,5,-1.462,0,0.0408,0.0309,0.000142,0.182,0.393,142.959,4
spotify:track:61AZsmFB3VoJdmraMk5ZSn,"VIBE (feat. Jimin of BTS)","VIBE (feat. Jimin of BTS)","태양;지민",2023-01-13,175775,55,false,11156981936,2023-03-29T10:59:14Z,"케이팝","THEBLACKLABEL/Interscope Records",0.786,0.676,0,-5.304,1,0.0424,0.0676,0,0.263,0.598,100.066,4
spotify:track:1F6qqwgyBjcIMzen8RrOXQ,"Beautiful Liar","REASON","몬스타엑스",2023-01-09,183120,53,false,11156981936,2023-03-29T10:59:14Z,"케이팝,노이즈 음악","Starship Entertainment",0.736,0.879,10,-4.359,0,0.186,0.0592,0,0.339,0.574,129.947,4
spotify:track:5cTnKClHyczcUhFT8MKBZe,"HALAZIA","SPIN OFF : FROM THE WITNESS","ATEEZ",2022-12-30,197025,66,false,11156981936,2023-03-29T10:59:14Z,"케이팝,노이즈 음악","KQ Entertainment",0.482,0.884,6,-4.538,0,0.0668,0.000677,0.000575,0.0883,0.377,171.915,4
spotify:track:27bIik73QCu8Xzt3xpG1bI,"Candy","Candy - Winter Special Mini Album","NCT DREAM",2022-12-16,217066,65,false,11156981936,2023-03-29T10:59:14Z,"케이팝,노이즈 음악","SM Entertainment",0.65,0.964,1,-1.329,1,0.0348,0.0538,0,0.245,0.836,120.008,4
spotify:track:63irPUP3xB74fHdw1Aw9zR,"MANIAC","ODDINARY","Stray Kids",2022-03-18,182757,77,false,11156981936,2022-08-30T03:22:09Z,"케이팝,노이즈 음악","Republic Records - Stray Kids",0.581,0.8,1,-2.613,1,0.411,0.154,0,0.0697,0.709,119.872,5
spotify:track:5uFqjHOo3Sh0bVPCKf3DdH,"Illusion","Illusion","aespa",2022-06-01,195053,55,false,11156981936,2022-08-30T03:22:09Z,"케이팝","Warner Records",0.75,0.718,2,-2.817,0,0.0468,0.0814,0.0000175,0.322,0.592,90.027,4
spotify:track:7xNCacksfUkYXsXuSW4vNF,"PS5 (with TOMORROW X TOGETHER & Alan Walker)","PS5 (with TOMORROW X TOGETHER & Alan Walker)","salem ilese;투모로우바이투게더;Alan Walker",2022-02-23,152214,1,false,11156981936,2022-12-04T03:12:52Z,"케이팝","HomeMade Projects / 10K Projects",0.602,0.642,2,-5.404,0,0.211,0.0131,0.00000533,0.0668,0.54,175.978,4
spotify:track:7ixVW7RobslvMrvlzHYLha,"Cheshire","CHESHIRE","ITZY",2022-11-30,182453,59,false,11156981936,2022-12-04T03:12:52Z,"케이팝","Republic Records - ITZY",0.79,0.838,7,-3.183,1,0.0501,0.332,0.00000707,0.357,0.738,98.966,4
spotify:track:5p8ThxM2OhJ0igfxkz0Z1q,"Wild Flower (with youjeen)","Indigo","RM",2022-12-02,273499,0,false,11156981936,2022-12-04T03:12:52Z,"케이팝,한국 랩","BIGHIT MUSIC",0.486,0.766,8,-5.821,1,0.0938,0.0282,0,0.123,0.417,154.992,4
spotify:track:6NnCWIWV740gP7DQ8kqdIE,"Nxde","I love","i-dle",2022-10-17,178453,3,false,11156981936,2022-12-04T03:12:52Z,"케이팝","Cube Entertainment",0.726,0.91,4,-1.948,0,0.179,0.0413,0.00000781,0.479,0.648,135.966,4
spotify:track:6vq6B6ENjap5Ea1T4GkrFA,"BIBI Vengeance","Lowlife Princess: Noir","비비",2022-11-18,165135,0,false,11156981936,2022-12-04T03:12:52Z,"케이팝,한국 랩","Feel Ghood Music/88risingMusic",0.442,0.748,11,-4.718,0,0.0895,0.0272,0.000128,0.0642,0.408,99.981,4
spotify:track:0h7QMc9ZRzA9QJrbEHytn2,"The Astronaut","The Astronaut","진",2022-10-28,282463,69,false,11156981936,2022-12-04T03:12:52Z,"케이팝","BIGHIT MUSIC",0.54,0.761,5,-5.356,1,0.0311,0.00446,0.0000025,0.137,0.215,124.988,4
spotify:track:3O8G8eVrhfXTGttyQ1xVuq,"CASE 143","MAXIDENT","Stray Kids",2022-10-07,191964,73,false,11156981936,2022-12-04T03:12:52Z,"케이팝,노이즈 음악","Republic Records - Stray Kids",0.812,0.89,6,-2.661,0,0.209,0.0961,0,0.0222,0.69,100.006,4
spotify:track:0oeVHAgY8Q7Mdce5Quj2G4,"ILLELLA (일낼라)","MIC ON","마마무",2022-10-11,166053,52,false,11156981936,2022-12-04T03:12:52Z,"케이팝","RBW Inc.",0.523,0.83,11,-2.089,1,0.167,0.00359,0,0.0806,0.812,173.931,4
spotify:track:1ex8euBuzVyqjThnYfwY2k,"HELLO","THE SECOND STEP : CHAPTER TWO","TREASURE",2022-10-04,181432,58,false,11156981936,2022-12-04T03:12:52Z,"케이팝","YG Entertainment",0.653,0.575,2,-5.432,1,0.0571,0.0315,0,0.0764,0.528,135.015,4
spotify:track:1nmc8ngLcvccw7Lay5v5SP,"VISION","[Apocalypse : Follow us]","드림캐쳐",2022-10-11,189173,0,false,11156981936,2022-12-04T03:12:52Z,"한국 록,케이팝","DREAMCATCHER COMPANY",0.582,0.855,11,-4.168,1,0.0561,0.0308,0,0.144,0.355,94.958,4
spotify:track:1QpwvWMQGdOgA8MXXfgs4H,"DICE","ENTWURF","NMIXX",2022-09-19,165746,0,false,11156981936,2022-12-04T03:12:52Z,"케이팝","JYP Entertainment",0.556,0.798,7,-3.331,1,0.254,0.0848,0,0.33,0.628,131.096,4
spotify:track:0ARKW62l9uWIDYMZTUmJHF,"Shut Down","BORN PINK","BLACKPINK",2022-09-16,175889,68,false,11156981936,2022-12-04T03:12:52Z,"케이팝","YG Entertainment/Interscope Records",0.814,0.704,0,-5.146,1,0.036,0.00291,0,0.182,0.621,110.056,3
spotify:track:1dfsPqH09vnzUWEOsN98Ex,"28 Reasons","28 Reasons - The 1st Mini Album","슬기",2022-10-04,189413,59,false,11156981936,2022-12-04T03:12:52Z,"케이팝","SM Entertainment",0.766,0.651,5,-3.546,0,0.0952,0.211,0.00000251,0.144,0.488,121.995,4
spotify:track:7IkuRNVAjwXpZ2DheQHL4L,"FIRE","X","EXID",2022-09-29,207013,43,false,11156981936,2022-12-04T03:12:52Z,"케이팝","SME Korea Inc.",0.75,0.941,8,-1.759,1,0.0609,0.0111,0.00000211,0.228,0.867,129.978,4
spotify:track:7F0MuIk5glqtowCUjbn9es,"Impurities","ANTIFRAGILE","LE SSERAFIM",2022-10-17,196365,62,false,11156981936,2022-12-04T03:12:52Z,"케이팝","SOURCE MUSIC",0.715,0.757,9,-4.746,0,0.0373,0.231,0,0.0656,0.464,90.065,4
spotify:track:4OelNEcxPGoCOU29fchcsv,"MASCARA","MASCARA","XG",2022-06-29,191439,64,false,11156981936,2022-12-04T03:12:52Z,"케이팝","XGALX",0.794,0.877,9,-3.608,0,0.0827,0.0482,0.00000199,0.241,0.506,119.013,4
spotify:track:1pdFdv8R6ezIAUUNkn785b,"CHEERS","SEVENTEEN 4th Album Repackage 'SECTOR 17'","세븐틴",2022-07-18,181466,61,false,11156981936,2022-12-04T03:12:52Z,"케이팝","PLEDIS Entertainment",0.74,0.848,2,-4.697,1,0.097,0.306,0,0.193,0.881,159.991,4
spotify:track:0L8LOav65XwLjCLS11gNPD,"Typa Girl","BORN PINK","BLACKPINK",2022-09-16,179172,68,true,11156981936,2022-12-04T03:12:52Z,"케이팝","YG Entertainment/Interscope Records",0.918,0.628,2,-6.471,1,0.0841,0.0596,0,0.639,0.518,131.965,4
spotify:track:1oen3GpTcA486fTHaT7neg,"FOREVER 1","FOREVER 1 - The 7th Album","소녀시대",2022-08-05,202533,59,false,11156981936,2022-08-30T03:22:09Z,"케이팝","SM Entertainment",0.615,0.871,9,-1.248,1,0.0516,0.0427,0,0.254,0.297,123.915,4
spotify:track:0a4MMyCrzT0En247IhqZbD,"Hype Boy","NewJeans 1st EP 'New Jeans'","NewJeans",2022-08-01,179026,78,false,11156981936,2022-08-30T03:22:09Z,"케이팝","ADOR",0.593,0.935,4,-3.43,0,0.225,0.268,0,0.286,0.783,99.976,4
spotify:track:3QwiidVHfeE9y5jl4n2MTC,"_WORLD","SEVENTEEN 4th Album Repackage 'SECTOR 17'","세븐틴",2022-07-18,178453,64,false,11156981936,2022-08-30T03:22:09Z,"케이팝","PLEDIS Entertainment",0.709,0.809,2,-3.198,0,0.0541,0.312,0,0.0899,0.788,111.01,4
spotify:track:6PRy17C5LiiN7VCLS6IA98,"Future Perfect (Pass the MIC)","MANIFESTO : DAY 1","ENHYPEN",2022-07-04,180750,68,false,11156981936,2022-08-30T03:22:09Z,"케이팝","BELIFT LAB",0.658,0.9,9,-3.479,0,0.264,0.0364,0,0.0771,0.526,156.096,4
spotify:track:56s2s5e8WuBsWVKnmz6J9L,"BEAUTIFUL MONSTER","WE NEED LOVE","STAYC",2022-07-19,180000,53,false,11156981936,2022-08-30T03:22:09Z,"케이팝","High Up Entertainment",0.594,0.647,6,-4.347,1,0.0834,0.121,0,0.352,0.511,82.321,4
spotify:track:3XZAvh2NCDQYHgJei35VQ1,"Up!","DOUBLAST","Kep1er",2022-06-20,192026,51,false,11156981936,2022-08-30T03:22:09Z,"케이팝","Genie Music Corporation, Stone Music Entertainment",0.753,0.932,6,-2.706,1,0.119,0.0205,0.00000431,0.0326,0.918,124.006,4
spotify:track:2QWEMqQMJR1KDf6hDjJOs6,"Arson","Jack In The Box","j-hope",2022-07-15,159761,67,true,11156981936,2022-08-30T03:22:09Z,"케이팝,한국 랩","BIGHIT MUSIC",0.938,0.798,1,-3.998,1,0.103,0.00813,0.0000703,0.146,0.265,99.992,4
spotify:track:0Q5VnK2DYzRyfqQRJuUtvi,"LOVE DIVE","LOVE DIVE","IVE",2022-04-05,177186,72,false,11156981936,2022-08-30T03:22:09Z,"케이팝","STARSHIP Entertainment",0.703,0.709,1,-4.169,0,0.0433,0.00379,0.0000543,0.333,0.538,117.941,4
spotify:track:4XKXphKH76W4zNpkgFS5o2,"MORE","MORE","j-hope",2022-07-01,180022,59,false,11156981936,2022-08-30T03:22:09Z,"케이팝,한국 랩","BIGHIT MUSIC",0.783,0.722,2,-4.864,1,0.0357,0.00537,0.00209,0.105,0.306,97.031,4
spotify:track:10SRMwb9EuVS1K9rYsBfHQ,"Yet To Come","Proof","방탄소년단",2022-06-10,193593,74,false,11156981936,2022-08-30T03:22:09Z,"케이팝","BIGHIT MUSIC",0.559,0.885,1,-4.515,1,0.189,0.0432,0,0.333,0.683,172.029,4
spotify:track:296nXCOv97WJNRWzIBQnoj,"FEARLESS","FEARLESS","LE SSERAFIM",2022-05-02,168437,73,false,11156981936,2022-08-30T03:22:09Z,"케이팝","SOURCE MUSIC",0.863,0.62,7,-7.167,1,0.135,0.0508,0.00324,0.129,0.432,103.971,4
spotify:track:6I2tqFhk8tq69iursYxuxd,"HOT","SEVENTEEN 4th Album 'Face the Sun'","세븐틴",2022-05-27,197586,69,false,11156981936,2022-08-30T03:22:09Z,"케이팝","PLEDIS Entertainment",0.765,0.777,5,-4.376,0,0.0399,0.0539,0.00000258,0.338,0.64,111.944,4
spotify:track:4IaxDf2FixiQXq0mW7key9,"ZOOM","ZOOM","제시",2022-04-13,174840,63,false,11156981936,2022-08-30T03:22:09Z,"케이팝,한국 랩","P NATION",0.874,0.6,6,-6.064,1,0.158,0.00942,0,0.126,0.457,100.012,4
spotify:track:0CatzXH85XWyBqqdB6qPMB,"Beatbox","Beatbox - The 2nd Album Repackage","NCT DREAM",2022-05-30,205133,56,false,11156981936,2022-08-30T03:22:09Z,"케이팝,노이즈 음악","SM Entertainment",0.857,0.7,4,-4.189,0,0.074,0.0411,0,0.0334,0.773,93.997,4
spotify:track:1fdlTXD7obDyqOpx96BEL9,"MAISON","[Apocalypse : Save us]","드림캐쳐",2022-04-12,185733,0,false,11156981936,2022-08-30T03:22:09Z,"한국 록,케이팝","DREAMCATCHER COMPANY",0.686,0.955,3,-2.297,0,0.159,0.129,0,0.0782,0.496,120.007,4
spotify:track:1HsSIPLTQT354yJcQGfEY3,"Good Boy Gone Bad","minisode 2: Thursday's Child","투모로우바이투게더",2022-05-09,191038,65,false,11156981936,2022-08-30T03:22:09Z,"케이팝","Republic Records - TXT",0.475,0.695,1,-5.919,1,0.102,0.0159,0,0.125,0.552,100.009,4
spotify:track:6vo0dV9t7PCQZKsLFwVwZ5,"Darl+ing","Darl+ing","세븐틴",2022-04-15,176546,61,false,11156981936,2022-08-30T03:22:09Z,"케이팝","PLEDIS Entertainment",0.71,0.686,0,-4.926,1,0.0713,0.296,0,0.492,0.483,96.06,4
spotify:track:2oBMZYteeO8DyXV9gDx6Za,"Feel My Rhythm","‘The ReVe Festival 2022 - Feel My Rhythm’","Red Velvet",2022-03-21,210253,63,false,11156981936,2022-08-30T03:22:09Z,"케이팝","SM Entertainment",0.412,0.94,1,-2.171,1,0.215,0.0648,0,0.358,0.423,157.964,4
spotify:track:3TSLqZssCoCdDlMhCJ08XW,"봄여름가을겨울 (Still Life)","봄여름가을겨울 (Still Life)","BIGBANG",2022-04-05,188369,60,false,11156981936,2022-08-30T03:22:09Z,"케이팝","YG Entertainment",0.68,0.584,8,-4.457,1,0.034,0.443,0,0.0628,0.239,118.06,4
spotify:track:5quFr5s5PXYfUX5jV2EBZ1,"GANADARA (Feat. 아이유)","GANADARA","박재범;아이유",2022-03-11,203727,54,false,11156981936,2022-08-30T03:22:09Z,"한국 랩,케이팝,K-발라드","MORE VISION",0.492,0.615,2,-6.663,1,0.244,0.196,0,0.0772,0.458,90.081,4
spotify:track:37YoRLUu1qId0ewavgvnkG,"Blue Flame","FEARLESS","LE SSERAFIM",2022-05-02,201894,67,false,11156981936,2022-08-30T03:22:09Z,"케이팝","SOURCE MUSIC",0.781,0.725,4,-3.571,0,0.0452,0.0281,0,0.0761,0.765,112.045,4
spotify:track:3gFcGnU4kTdMYLXDjH1TK8,"RUN2U","YOUNG-LUV.COM","STAYC",2022-02-21,213426,59,false,11156981936,2022-08-30T03:22:09Z,"케이팝","High Up Entertainment",0.722,0.676,11,-5.885,0,0.0829,0.000835,0.000012,0.321,0.362,129.943,4
spotify:track:7rXcCpIAoOUCydkVDMcoPV,"INVU","INVU - The 3rd Album","태연",2022-02-14,204973,64,false,11156981936,2022-08-30T03:22:09Z,"케이팝,K-발라드","SM Entertainment",0.599,0.816,11,-3.412,0,0.0556,0.0911,0.00000217,0.0961,0.399,106.962,4
spotify:track:3lrNsPdn98i6rxO142pLT6,"O.O","AD MARE","NMIXX",2022-02-22,172936,0,false,11156981936,2022-08-30T03:22:09Z,"케이팝","JYP Entertainment",0.39,0.767,11,-3.918,0,0.293,0.0354,0.00000426,0.0601,0.285,200.263,4
spotify:track:0dcnrLo8s1rhjm8euGjI4n,"다라리 (DARARI)","THE SECOND STEP : CHAPTER ONE","TREASURE",2022-02-15,220716,65,false,11156981936,2022-08-30T03:22:09Z,"케이팝","YG Entertainment",0.716,0.638,0,-6.87,1,0.0392,0.486,0,0.0702,0.552,84.955,4
spotify:track:5elW2CKSoqjYoJ32AGDxf1,"Polaroid Love","DIMENSION : ANSWER","ENHYPEN",2022-01-10,184601,72,false,11156981936,2022-08-30T03:22:09Z,"케이팝","BELIFT LAB",0.738,0.67,7,-3.766,0,0.0439,0.458,0,0.361,0.651,138.055,4
spotify:track:3FNuG1PjKcOu7tAqZKB4kZ,"BOP BOP!","The 1st Mini Album 'Beam Of Prism'","VIVIZ",2022-02-09,219933,0,false,11156981936,2022-08-30T03:22:09Z,"케이팝","BIGPLANETMADE, SWING ENTERTAINMENT",0.688,0.831,0,-2.857,1,0.0962,0.0697,0,0.13,0.707,126.118,4
spotify:track:2bnJ8IxZnVc2YmUaX0sZap,"직진 (JIKJIN)","THE SECOND STEP : CHAPTER ONE","TREASURE",2022-02-15,184117,61,false,11156981936,2022-08-30T03:22:09Z,"케이팝","YG Entertainment",0.819,0.55,0,-6.57,1,0.0434,0.0367,0,0.0945,0.573,130.077,4
spotify:track:7B9W7Qsy5M2kyUNjQYIEG8,"DM","Midnight Guest","프로미스나인",2022-01-17,204293,62,false,11156981936,2022-01-22T14:12:53Z,"케이팝,버블검 팝","PLEDIS Entertainment",0.649,0.898,11,-3.291,0,0.11,0.0213,0,0.0576,0.663,122.028,4
spotify:track:3LCwQoTrdQgHsGJE5gGVqx,"Step Back","Step Back","GOT the beat",2022-01-03,228613,60,false,11156981936,2022-01-05T00:24:22Z,"케이팝","SM Entertainment",0.636,0.81,1,-2.035,1,0.101,0.0205,0.0000104,0.596,0.611,161.897,4
spotify:track:4gdiCHNbwugojBqr5Jt3pq,"WA DA DA","FIRST IMPACT","Kep1er",2022-01-03,183693,57,false,11156981936,2022-01-05T00:24:22Z,"케이팝","Genie Music Corporation, Stone Music Entertainment",0.785,0.907,10,-2.657,1,0.0938,0.00122,0.00000311,0.213,0.685,126.004,4
spotify:track:7n2FZQsaLb7ZRfRPfEeIvr,"ELEVEN","ELEVEN","IVE",2021-12-01,178453,70,false,11156981936,2022-01-05T00:24:22Z,"케이팝","STARSHIP Entertainment",0.828,0.731,9,-3.033,1,0.111,0.0617,0,0.048,0.587,119.978,4
spotify:track:1AToLLvWghQgiBFef1iGuR,"I'm a 빛","Guilty Pleasure","화사",2021-11-24,167333,55,false,11156981936,2022-01-05T00:24:22Z,"케이팝","RBW Inc.",0.711,0.77,10,-4.724,0,0.0826,0.135,0.0000089,0.18,0.927,139.968,4
spotify:track:0Vu5tjvXZX3qtzRiezxLi1,"Pirate","Return of The Girl","EVERGLOW",2021-12-01,210013,56,false,11156981936,2022-01-05T00:24:22Z,"케이팝,노이즈 음악","Genie Music Corporation, Stone Music Entertainment",0.683,0.685,7,-5.381,1,0.0425,0.00195,0,0.0582,0.381,129.993,4
spotify:track:6rVCUwfnuYTAsX4P9fIdIu,"Dreams Come True","Dreams Come True - SM STATION","aespa",2021-12-20,204933,57,false,11156981936,2022-01-05T00:24:22Z,"케이팝","SM Entertainment",0.686,0.901,0,-0.21,1,0.0614,0.0699,0,0.306,0.571,98.977,4
spotify:track:2J0TRU2EDG29qlmxdGa4xa,"SCIENTIST","Formula of Love: O+T=<3","TWICE",2021-11-12,194600,48,false,11156981936,2022-01-05T00:24:22Z,"케이팝","WM Japan",0.786,0.858,11,-3.74,1,0.0675,0.0487,0,0.126,0.649,112.999,4
spotify:track:4r34Yi0eltsu1tp6z4lq3x,"XOXO","XOXO","전소미",2021-10-29,207650,55,false,11156981936,2022-01-05T00:24:22Z,"케이팝","THE BLACK LABEL/Interscope Records",0.704,0.608,9,-6.339,1,0.0314,0.0717,0,0.13,0.527,144.959,4
spotify:track:237OjBs3wvamAFpHp0yItw,"Peaches","Peaches - The 2nd Mini Album","카이",2021-11-30,198080,56,false,11156981936,2022-01-05T00:24:22Z,"케이팝","SM Entertainment",0.633,0.775,6,-3.747,1,0.0413,0.348,0,0.612,0.486,134.093,4
spotify:track:3dbLT62Cvs46Ju7a8gpr36,"Savage","Savage - The 1st Mini Album","aespa",2021-10-05,238143,66,false,11156981936,2022-01-05T00:24:22Z,"케이팝","SM Entertainment",0.727,0.879,9,-1.167,1,0.129,0.124,0.0000117,0.244,0.671,146.959,4
spotify:track:7ifLrhXBoQ5MDFTRpIYkfA,"MONEY","LALISA","LISA",2021-09-10,168227,0,true,11156981936,2022-01-05T00:24:22Z,"케이팝","Universal Music LLC",0.826,0.553,1,-10.121,0,0.234,0.163,0.0000412,0.135,0.4,140.037,4
spotify:track:7ecbsiAQ6PNdiAq0hplVZo,"Blessed-Cursed","DIMENSION : ANSWER","ENHYPEN",2022-01-10,170805,66,false,11156981936,2022-01-22T14:12:53Z,"케이팝","BELIFT LAB",0.604,0.886,4,-3.523,0,0.061,0.0925,0,0.596,0.401,127.098,4
spotify:track:5b8FtevTVz8xVF6E208xeV,"LOCO","CRAZY IN LOVE","ITZY",2021-09-24,191462,0,false,11156981936,2022-01-05T00:24:22Z,"케이팝","JYP Entertainment",0.764,0.886,1,-3.067,1,0.177,0.0109,0.0000221,0.325,0.497,102.012,4
spotify:track:1zoyteFQmeUUqyOl2Xznpy,"Tamed-Dashed","DIMENSION : DILEMMA","ENHYPEN",2021-10-12,196170,65,false,11156981936,2022-01-05T00:24:22Z,"케이팝","BELIFT LAB",0.568,0.809,11,-3.869,0,0.0517,0.000253,0.0000333,0.151,0.709,155.029,4
spotify:track:5q3LwAHTqo9d3rET2EA9Nq,"The Weekend","The Weekend","88rising;비비",2021-10-14,167661,0,true,11156981936,2022-01-05T00:24:22Z,"케이팝,한국 랩","88rising Music/Warner Records",0.784,0.521,1,-5.701,1,0.0322,0.062,0.00000475,0.0995,0.817,101.491,4
spotify:track:6LnEoRQKMcaFTR5UvaKuBy,"Rock with you","SEVENTEEN 9th Mini Album 'Attacca'","세븐틴",2021-10-22,180360,69,false,11156981936,2022-01-05T00:24:22Z,"케이팝","PLEDIS Entertainment",0.621,0.816,11,-5.242,1,0.104,0.0966,0,0.134,0.694,163.966,4
spotify:track:1XyzcGhmO7iUamSS94XfqY,"The Feels","The Feels","TWICE",2021-10-01,198053,2,false,11156981936,2022-01-05T00:24:22Z,"케이팝","Republic Records - TWICE",0.808,0.903,9,-2.179,1,0.0729,0.0899,0,0.0816,0.922,120.044,4
spotify:track:3zmrdOtnOogqLllz26WLZ3,"Deja Vu","ZERO : FEVER Part.3","ATEEZ",2021-09-13,196670,63,false,11156981936,2022-01-05T00:24:22Z,"케이팝,노이즈 음악","KQ Entertainment",0.692,0.835,6,-4.978,0,0.0628,0.0517,0,0.134,0.566,80.017,4
spotify:track:2bZIDMpzVooosmPHn0tHnd,"색안경 (STEREOTYPE)","STEREOTYPE","STAYC",2021-09-06,191695,60,false,11156981936,2022-01-05T00:24:22Z,"케이팝","High Up Entertainment",0.605,0.805,6,-3.212,1,0.0641,0.313,0,0.659,0.738,148.298,4
spotify:track:10BfqdiV5PhV1UYsMEyou1,"LALISA","LALISA","LISA",2021-09-10,200689,0,false,11156981936,2022-01-05T00:24:22Z,"케이팝","Universal Music LLC",0.804,0.652,8,-6.282,1,0.0898,0.0267,0.000782,0.118,0.854,150.076,4
spotify:track:34JfHOd0fcefm4FSPSrIhF,"Cold Blooded","Cold Blooded","제시",2021-10-12,150053,54,false,11156981936,2022-01-05T00:24:22Z,"케이팝,한국 랩","Genie Music Corporation, Stone Music Entertainment",0.961,0.739,9,-6.665,1,0.224,0.0794,0,0.0372,0.759,119.96,4
spotify:track:0Z99Xe1lGBmq60RwJ5YU18,"PING PONG","1+1=1","HyunA&DAWN",2021-09-09,158253,55,false,11156981936,2022-01-05T00:24:22Z,"케이팝","P NATION",0.855,0.87,10,-2.059,0,0.0826,0.0122,0.000675,0.0202,0.863,103.028,4
spotify:track:6TBJkXHPhu3EsMk1bshwuI,"ONLY","4 ONLY","이하이",2021-09-09,240906,77,false,11156981936,2022-01-05T00:24:22Z,"K-발라드,케이팝","Genie Music Corporation, Stone Music Entertainment",0.536,0.296,5,-7.451,1,0.0346,0.892,0,0.0873,0.151,122.907,3
spotify:track:3rR9kTA6mD9LbmsCE0QWEY,"Favorite (Vampire)","Favorite - The 3rd Album Repackage","NCT 127",2021-10-25,215586,54,false,11156981936,2022-01-05T00:24:22Z,"케이팝,노이즈 음악","SM Entertainment",0.561,0.758,5,-3.87,0,0.0478,0.000831,0.00000308,0.15,0.178,149.944,4
spotify:track:4d79iPe88TzFewhFk2vrcy,"인생은 나쁜X","인생은 나쁜X","비비",2021-04-28,156741,49,false,11156981936,2022-01-05T00:24:22Z,"케이팝,한국 랩","FeelGhoodMusic",0.722,0.501,10,-6.113,0,0.0625,0.255,0,0.0857,0.541,144.076,4
spotify:track:6SpPr7K4YQ2wp8jU6uOTmQ,"Queendom","Queendom - The 6th Mini Album","Red Velvet",2021-08-16,181760,60,false,11156981936,2021-09-01T12:42:55Z,"케이팝","SM Entertainment",0.695,0.896,5,-1.24,1,0.0847,0.179,0,0.0626,0.508,119.959,4
spotify:track:21aOLk12MksET8AsbU0SI6,"LO$ER=LO♡ER","The Chaos Chapter: FIGHT OR ESCAPE","투모로우바이투게더",2021-08-17,199919,69,false,11156981936,2021-09-01T12:42:55Z,"케이팝","Republic Records - TXT",0.644,0.867,11,-4.18,0,0.0383,0.001,0,0.105,0.687,124.997,4
spotify:track:3ihf9gTcRUz7EvkFnoh5TW,"Thunderous","NOEASY","Stray Kids",2021-08-23,183266,0,false,11156981936,2021-09-01T12:42:55Z,"케이팝,노이즈 음악","JYP Entertainment",0.613,0.785,1,-3.706,1,0.253,0.214,0,0.209,0.787,172.194,4
spotify:track:0dnkOK5hGUCmIJ7FDF0yHz,"DUMB DUMB","DUMB DUMB","전소미",2021-08-02,149446,44,false,11156981936,2021-09-01T12:42:55Z,"케이팝","THE BLACK LABEL/Interscope Records",0.851,0.749,2,-6.233,1,0.0496,0.0182,0.000149,0.0885,0.424,103.053,4
spotify:track:0LThjFY2iTtNdd4wviwVV2,"Permission to Dance","Butter / Permission to Dance","방탄소년단",2021-07-09,187585,2,false,11156981936,2021-09-01T12:42:55Z,"케이팝","BIGHIT MUSIC",0.702,0.741,9,-5.33,1,0.0427,0.00544,0,0.337,0.646,124.925,4
spotify:track:6cqH1q7g5GeRVQVMK1Vc7f,"Weekend","Weekend","태연",2021-07-06,233413,51,false,11156981936,2021-09-01T12:42:55Z,"케이팝,K-발라드","SM Entertainment",0.74,0.854,8,-2.209,1,0.0525,0.0783,0.000532,0.253,0.856,114.029,4
spotify:track:6HTwoo4dUOvePNqMsTarPA,"Alcohol-Free","Alcohol-Free","TWICE",2021-06-09,210573,0,false,11156981936,2021-09-01T12:42:55Z,"케이팝","Republic Records - TWICE",0.688,0.909,8,-1.992,1,0.0624,0.0474,0.00000135,0.0674,0.702,97.097,4
spotify:track:1Z8TPHiKeCUyClxV6WTTIf,"0X1=LOVESONG (I Know I Love You) feat. Seori","The Chaos Chapter: FREEZE","투모로우바이투게더;서리",2021-05-31,202203,70,false,11156981936,2021-09-01T12:42:55Z,"케이팝","Republic Records - TXT",0.584,0.836,0,-4.925,1,0.079,0.0558,0,0.0663,0.484,104.973,4
spotify:track:2FymmKBuog0loCuNXMwQID,"Ready to love","SEVENTEEN 8th Mini Album 'Your Choice'","세븐틴",2021-06-18,186760,61,false,11156981936,2021-09-01T12:42:55Z,"케이팝","PLEDIS Entertainment",0.668,0.705,9,-5.731,0,0.0356,0.0274,0,0.215,0.549,129.984,4
spotify:track:42fR3oINF3KfXCDtheoNiY,"Don't fight the feeling","DON'T FIGHT THE FEELING - Special Album","EXO",2021-06-07,176546,52,false,11156981936,2021-09-01T12:42:55Z,"케이팝","SM Entertainment",0.707,0.838,9,-2.983,0,0.117,0.0585,0,0.095,0.832,128.007,4
spotify:track:3VqeTFIvhxu3DIe4eZVzGq,"Butter","Butter","방탄소년단",2021-05-21,164441,2,false,11156981936,2021-09-01T12:42:55Z,"케이팝","BIGHIT MUSIC / HYBE",0.759,0.459,8,-5.187,1,0.0948,0.00323,0,0.0906,0.695,109.997,4
spotify:track:44tTqUi3xi7E28QLzHVdUA,"Anti-Romantic","The Chaos Chapter: FREEZE","투모로우바이투게더",2021-05-31,215188,62,false,11156981936,2021-09-01T12:42:55Z,"케이팝","Republic Records - TXT",0.641,0.489,0,-8.668,0,0.11,0.0509,0,0.071,0.206,142.977,4
spotify:track:021L6LlBBtr34BmFRHd9Ic,"FIRST","Last Melody","EVERGLOW",2021-05-25,212280,55,false,11156981936,2021-09-01T12:42:55Z,"케이팝,노이즈 음악","Genie Music Corporation, Stone Music Entertainment",0.611,0.864,6,-2.345,0,0.0654,0.00852,0.00000168,0.136,0.455,152.02,4
spotify:track:332GJ8ykVuEt3jOT1sy7j6,"Hello Future","Hello Future - The 1st Album Repackage","NCT DREAM",2021-06-28,220920,63,false,11156981936,2021-09-01T12:42:55Z,"케이팝,노이즈 음악","SM Entertainment",0.545,0.803,1,-2.283,1,0.0526,0.0261,0,0.114,0.5,170.006,4
spotify:track:0UzymivvUH5s8z4PeWZJaK,"FEVER","BORDER : CARNIVAL","ENHYPEN",2021-04-26,172106,76,false,11156981936,2021-09-01T12:42:55Z,"케이팝","BELIFT LAB",0.6,0.713,6,-5.079,0,0.0592,0.0642,0,0.142,0.471,72.999,4
spotify:track:4rOODw637hsmsq0uzT0DN3,"Advice","Advice - The 3rd Mini Album","태민",2021-05-18,191640,60,false,11156981936,2021-09-01T12:42:55Z,"케이팝","SM Entertainment",0.659,0.821,9,-2.215,0,0.0468,0.406,0,0.114,0.353,161.983,4
spotify:track:2pn8dNVSpYnAtlKFC8Q0DJ,"On The Ground","R","ROSÉ",2021-03-12,168085,67,false,11156981936,2021-03-13T13:19:29Z,"케이팝","YG Entertainment/Interscope Records",0.311,0.607,1,-6.578,1,0.11,0.0174,0,0.131,0.286,188.7,4
spotify:track:2zrhoHlFKxFTRF5aMyxMoQ,"Next Level","Next Level","aespa",2021-05-17,221573,68,false,11156981936,2021-05-18T21:36:14Z,"케이팝","SM Entertainment",0.82,0.852,11,-2.567,0,0.166,0.488,0.00000594,0.0907,0.82,109.036,4
spotify:track:2QdH0rKlV3d9Y6lWzcnlBH,"In the morning","GUESS WHO","ITZY",2021-04-30,172358,0,false,11156981936,2021-05-18T21:36:14Z,"케이팝","JYP Entertainment",0.847,0.814,11,-4.668,0,0.152,0.0825,0.000507,0.0948,0.711,140.057,4
spotify:track:1wcr8DjnN59Awev8nnKpQ4,"Drunk-Dazed","BORDER : CARNIVAL","ENHYPEN",2021-04-26,193260,77,false,11156981936,2021-05-18T21:36:14Z,"케이팝","BELIFT LAB",0.599,0.869,5,-5.174,0,0.0618,0.000707,0,0.0911,0.453,132.889,4
spotify:track:6B8MM3PVQtUbZLay7tP7er,"맛 (Hot Sauce)","맛 (Hot Sauce) - The 1st Album","NCT DREAM",2021-05-10,195813,61,false,11156981936,2021-05-18T21:36:14Z,"케이팝,노이즈 음악","SM Entertainment",0.769,0.926,6,-1.627,1,0.0788,0.0127,0,0.285,0.551,100.034,4
spotify:track:54HsCR7lJJdwxmEnTY1JfF,"Dun Dun Dance","Dear OHMYGIRL","오마이걸",2021-05-10,220560,0,false,11156981936,2021-05-18T21:36:14Z,"케이팝","WM Entertainment",0.647,0.957,1,-0.384,0,0.0819,0.169,0,0.234,0.764,114.968,4
spotify:track:5BXr7hYZQOeRttkeWYTq5S,"ASAP","STAYDOM","STAYC",2021-04-08,194080,61,false,11156981936,2021-05-18T21:36:14Z,"케이팝","High Up Entertainment",0.764,0.802,0,-4.217,1,0.0351,0.102,0,0.189,0.323,132.02,4
spotify:track:52CBUrIdyf8tbZaUY9iawE,"After School","We play","Weeekly",2021-03-17,205373,62,false,11156981936,2021-05-18T21:36:14Z,"케이팝","Above Music",0.634,0.928,1,-1.609,1,0.0514,0.00719,0.00000255,0.0626,0.738,164.007,4
spotify:track:5xrtzzzikpG3BLbo4q1Yul,"라일락","IU 5th Album 'LILAC'","아이유",2021-03-25,214253,65,false,11156981936,2021-05-18T21:36:14Z,"케이팝,K-발라드","EDAM Entertainment",0.738,0.89,2,-2.275,0,0.0748,0.0895,0.00000189,0.213,0.75,114.942,4
spotify:track:2VJOpzv5sBpstCX9venJr5,"Rollin'","Rollin'","브레이브걸스",2017-03-07,197693,0,false,11156981936,2021-05-18T21:36:14Z,"케이팝","브레이브엔터테인먼트",0.69,0.878,1,-3.908,1,0.0917,0.0312,0,0.188,0.548,124.948,4
spotify:track:60VaORSJ5x1D4ZPSc0g2En,"Bambi","Bambi - The 3rd Mini Album","백현",2021-03-30,213053,61,false,11156981936,2021-05-18T21:36:14Z,"케이팝","SM Entertainment",0.438,0.632,7,-4.447,0,0.0417,0.434,0,0.214,0.386,61.45,4
spotify:track:0LweQRsfJ3pRAJJFy6DrR1,"어떤X (What Type of X)","어떤X (What Type of X)","제시",2021-03-17,198173,49,false,11156981936,2021-05-18T21:36:14Z,"케이팝,한국 랩","P NATION",0.776,0.692,2,-3.834,1,0.0555,0.0075,0,0.0588,0.543,95.972,4
spotify:track:2dHoVW9AxJVSRebPRyV2aA,"Gone","R","ROSÉ",2021-03-12,207163,67,false,11156981936,2021-05-18T21:36:14Z,"케이팝","YG Entertainment/Interscope Records",0.647,0.377,6,-6.003,1,0.0375,0.594,0,0.0768,0.653,79.936,4
spotify:track:0rNLaGUleZ91DXMxmZNq5v,"Fireworks (I'm The One)","ZERO : FEVER Part.2","ATEEZ",2021-03-01,209574,61,false,11156981936,2021-03-03T02:37:56Z,"케이팝,노이즈 음악","KQ Entertainment",0.724,0.904,0,-3.815,1,0.0872,0.0419,0.00000479,0.163,0.728,130.036,4
spotify:track:7muTXW7kGytN3zdomku6FV,"TAIL","TAIL","선미",2021-02-23,190960,0,false,11156981936,2021-03-03T02:37:56Z,"케이팝","Abyss Company",0.515,0.858,9,-3.136,1,0.19,0.0435,0.000018,0.0796,0.428,125.07,4
spotify:track:7wDVvxMUdW5MtJUqFtuXUz,"Bicycle","Querencia","청하",2021-02-15,179156,0,false,11156981936,2021-03-03T02:37:56Z,"케이팝","MNH ENTERTAINMENT",0.625,0.903,4,-2.519,1,0.0594,0.006,0,0.235,0.825,145.97,4
spotify:track:462OPOKW0VMbvW9H7HIb0U,"Don't Call Me","Don't Call Me - The 7th Album","SHINee",2021-02-22,220173,57,false,11156981936,2021-03-03T02:37:56Z,"케이팝","SM Entertainment",0.69,0.783,2,-2.076,1,0.0641,0.0127,0,0.0962,0.306,82.026,4
spotify:track:4RewTiGEGoO7FWNZUmp1f4,"Celebrity","Celebrity","아이유",2021-01-27,195546,55,false,11156981936,2021-03-03T02:37:56Z,"케이팝,K-발라드","EDAM Entertainment",0.73,0.784,9,-2.62,1,0.0691,0.191,0,0.0956,0.673,99.995,4
spotify:track:7xTOqnsOV6qHBPWoCWpzGM,"I'm Not Cool","I’m Not Cool","현아",2021-01-28,174173,0,false,11156981936,2021-03-03T02:37:56Z,"케이팝","P NATION",0.883,0.845,11,-2.069,1,0.0585,0.0161,0.00157,0.29,0.656,116.004,4
spotify:track:5FiXhM80sP4yg6tEnHkZZn,"HWAA","I burn","i-dle",2021-01-11,197320,61,false,11156981936,2021-03-03T02:37:56Z,"케이팝","Universal Music LLC",0.384,0.868,6,-3.226,0,0.0711,0.0458,0.00000582,0.0797,0.233,95.027,4
spotify:track:0v1x6rN6JHRapa03JElljE,"Dynamite","Dynamite","방탄소년단",2020-08-21,199053,2,false,11156981936,2021-03-03T02:37:56Z,"케이팝","2020 BigHit Entertainment",0.746,0.765,6,-4.41,0,0.0993,0.0112,0,0.0936,0.737,114.044,4
spotify:track:28Jwll1H52Hr4JzQ6vMoul,"Odd Eye","［Dystopia : Road to Utopia］","드림캐쳐",2021-01-26,184413,0,false,11156981936,2021-03-03T02:37:56Z,"한국 록,케이팝","DREAMCATCHER COMPANY",0.534,0.933,6,-1.826,0,0.11,0.049,0,0.195,0.529,160.061,4
spotify:track:4Dq2FjRkOTHcssggMdYK8J,"MY TREASURE","THE FIRST STEP : TREASURE EFFECT","TREASURE",2021-01-11,195982,49,false,11156981936,2021-03-03T02:37:56Z,"케이팝","YG Entertainment",0.727,0.75,6,-5.532,1,0.0813,0.114,0,0.137,0.536,107.932,4
spotify:track:249gnXrbfmV8NG6jTEMSwD,"Life Goes On","BE","방탄소년단",2020-11-20,207481,1,false,11156981936,2021-03-03T02:37:56Z,"케이팝","BIGHIT MUSIC / HYBE",0.566,0.716,1,-5.733,1,0.0424,0.00691,0,0.37,0.45,81.068,4
spotify:track:4Vhvlhomv8fTp2e6I4XTpe,"Lovesick Girls","THE ALBUM","BLACKPINK",2020-10-02,192765,0,false,11156981936,2021-03-03T02:37:56Z,"케이팝","Universal Music LLC",0.658,0.732,6,-4.762,1,0.0654,0.00513,0,0.13,0.409,127.995,4
spotify:track:2xtP8RNbo2BEMzLX7tK7aq,"CRY FOR ME","CRY FOR ME","TWICE",2020-12-18,204167,69,false,11156981936,2021-03-03T02:37:56Z,"케이팝","Republic Records - TWICE",0.702,0.692,10,-5.405,1,0.0539,0.0542,0,0.0877,0.419,144.896,4
spotify:track:3vAn0qZzdyuHamcrpkfiX3,"How You Like That","How You Like That","BLACKPINK",2020-06-26,181263,0,false,11156981936,2021-03-03T02:37:56Z,"케이팝","YG Entertainment/Interscope Records",0.828,0.782,11,-4.014,1,0.0918,0.0694,0.0000341,0.0544,0.351,130.013,4
spotify:track:0CnpSTdL9l5vQM4YnzXtyo,"Panorama","One-reeler / Act IV","IZ*ONE",2020-12-07,222853,64,false,11156981936,2021-03-03T02:37:56Z,"케이팝","OFF THE RECORD Entertainment, SWING Entertainment",0.726,0.963,9,-1.111,0,0.0916,0.0429,0.00157,0.128,0.769,126.062,4
spotify:track:4eOcd47wPU3ixxYw0spREl,"Let Me In (20 CUBE)","BORDER : DAY ONE","ENHYPEN",2020-11-30,189858,63,false,11156981936,2021-03-03T02:37:56Z,"케이팝","BELIFT LAB",0.483,0.795,8,-4.338,0,0.181,0.00258,0,0.0912,0.685,171.853,4
spotify:track:2QyuXBcV1LJ2rq01KhreMF,"ON","MAP OF THE SOUL : 7","방탄소년단",2020-02-21,246380,1,false,11156981936,2021-03-03T02:37:56Z,"케이팝","BIGHIT MUSIC / HYBE",0.583,0.817,9,-5.146,0,0.0987,0.118,0,0.338,0.438,105.936,4
spotify:track:37ZtpRBkHcaq6hHy0X98zn,"I CAN'T STOP ME","Eyes Wide Open","TWICE",2020-10-26,205493,74,false,11156981936,2021-03-03T02:37:56Z,"케이팝","Republic Records - TWICE",0.657,0.88,10,-3.672,0,0.102,0.121,0,0.463,0.769,150.084,4
spotify:track:3CYH422oy1cZNoo0GTG1TK,"Psycho","‘The ReVe Festival’ Finale","Red Velvet",2019-12-23,210560,73,false,11156981936,2021-03-03T02:37:56Z,"케이팝","SM Entertainment",0.664,0.666,8,-2.203,1,0.0446,0.193,0,0.0854,0.405,139.987,4
spotify:track:5dntGTbUtmUO239wQ0k3yM,"음","KAI - The 1st Mini Album","카이",2020-11-30,192346,64,false,11156981936,2021-03-03T02:37:56Z,"케이팝","SM Entertainment",0.659,0.718,7,-5.607,0,0.0507,0.202,0.00000101,0.2,0.297,136.96,4
spotify:track:6juLaduD4STCUDWT0AYun4,"MORE","MORE","K/DA;Madison Beer;i-dle;Lexie Liu;Jaira Burns;Seraphine;League of Legends",2020-10-28,217088,10,false,11156981936,2021-03-03T02:37:56Z,"케이팝,차이나팝,중국 힙합,중국 R&B,만도팝(Mandopop)","Riot Games",0.66,0.787,1,-4.592,0,0.032,0.00257,0,0.323,0.199,142.018,4
spotify:track:1t2qYCAjUAoGfeFeoBlK51,"Black Mamba","Black Mamba","aespa",2020-11-17,174933,61,false,11156981936,2021-03-03T02:37:56Z,"케이팝","SM Entertainment",0.52,0.915,2,-2.862,1,0.103,0.0618,0.000946,0.0856,0.5,90.069,4
spotify:track:0ZeGfEAL5Rl4pd5LZBGuEK,"마리아 (Maria)","María","화사",2020-06-29,199026,69,false,11156981936,2021-03-03T02:37:56Z,"케이팝","RBW, Inc",0.658,0.749,9,-2.967,0,0.0634,0.238,0.00000203,0.272,0.442,128.909,4
spotify:track:0pYacDCZuRhcrwGUA5nTBe,"에잇(Prod.&Feat. SUGA of BTS)","에잇","아이유;SUGA",2020-05-06,167573,67,false,11156981936,2021-03-03T02:37:56Z,"케이팝,K-발라드","EDAM Entertainment",0.676,0.869,1,-1.573,1,0.0423,0.115,0,0.132,0.594,120.029,4
spotify:track:6tCssnvTUREcperDOUTqvA,"WANNABE","It'z Me","ITZY",2020-03-09,191242,0,false,11156981936,2021-03-03T02:37:56Z,"케이팝","JYP Entertainment",0.809,0.911,6,-4.41,0,0.0617,0.00795,0.000179,0.181,0.64,122.035,4
spotify:track:2k0e6dy1tx7fE6m126Ydfw,"Ice Cream (with Selena Gomez)","Ice Cream (with Selena Gomez)","BLACKPINK;Selena Gomez",2020-08-28,175813,0,false,11156981936,2021-03-03T02:37:56Z,"케이팝","Universal Music LLC",0.791,0.733,9,-3.852,1,0.35,0.0305,0.000169,0.0423,0.913,159.974,4
spotify:track:0JQHGu03YJikcND4SENdiW,"Blue Hour","minisode1 : Blue Hour","투모로우바이투게더",2020-10-26,209105,49,false,11156981936,2021-03-03T02:37:56Z,"케이팝","Universal Music LLC",0.71,0.82,3,-4.362,0,0.0836,0.00962,0,0.0871,0.746,112.005,4
spotify:track:0bDYceyQd1jnJO4sK47YxU,"딩가딩가 (Dingga)","딩가딩가 (Dingga)","마마무",2020-10-20,179080,54,false,11156981936,2021-03-03T02:37:56Z,"케이팝","RBW, Inc",0.772,0.925,9,-2.788,0,0.108,0.0549,0,0.201,0.795,119.963,4
spotify:track:0RzT9tBLcQhofW2TNiHP9B,"God’s Menu","GO LIVE","Stray Kids",2020-06-17,167922,1,false,11156981936,2021-03-03T02:37:56Z,"케이팝,노이즈 음악","JYP Entertainment",0.689,0.771,5,-3.618,1,0.0548,0.00776,0,0.521,0.482,157.052,4
spotify:track:69WpV0U7OMNFGyq8I63dcC,"Given-Taken","BORDER : DAY ONE","ENHYPEN",2020-11-30,183090,72,false,11156981936,2021-03-03T02:37:56Z,"케이팝","BELIFT LAB",0.631,0.649,8,-4.939,0,0.0377,0.17,0,0.321,0.459,108.07,4
spotify:track:6FdShjf7nA2cqEnpv1tIia,"Make A Wish (Birthday Song)","NCT RESONANCE Pt. 1 - The 2nd Album","NCT U",2020-10-12,229400,0,false,11156981936,2021-03-03T02:37:56Z,"케이팝,노이즈 음악","SM Entertainment",0.732,0.795,8,-2.263,1,0.1,0.0632,0,0.0569,0.693,100.954,4
spotify:track:24NuEDgyRIljwSyY0lsr7b,"Black Swan","Black Swan","방탄소년단",2020-01-17,198260,1,false,11156981936,2021-03-03T02:37:56Z,"케이팝","BIGHIT MUSIC / HYBE",0.719,0.758,2,-5.167,0,0.0851,0.137,0,0.129,0.49,147.023,4
spotify:track:4ecVWqbtW6phQGpZMAyqIU,"Not Shy","Not Shy","ITZY",2020-08-17,177728,1,false,11156981936,2021-03-03T02:37:56Z,"케이팝","JYP Entertainment",0.776,0.911,2,-3.08,0,0.131,0.155,0.00000259,0.268,0.56,101.027,4
spotify:track:2V4Fx72svQRxrFvNT1eq5f,"THE BADDEST","THE BADDEST","K/DA;i-dle;Wolftyla;Bea Miller;League of Legends",2020-08-27,162600,9,false,11156981936,2021-03-03T02:37:56Z,"케이팝","Riot Games",0.676,0.857,10,-4.368,0,0.0438,0.0215,0,0.254,0.717,149.981,4
spotify:track:7I0vl97TYZW86qYdgcD1qu,"Back Door","IN LIFE","Stray Kids",2020-09-14,189286,0,false,11156981936,2021-03-03T02:37:56Z,"케이팝,노이즈 음악","JYP Entertainment",0.82,0.842,7,-3.853,1,0.272,0.157,0,0.112,0.653,107.952,4
spotify:track:0H4ugk6rhnXmTl47ayy9O5,"Daechwita","D-2","Agust D",2020-05-22,225668,0,true,11156981936,2021-03-03T02:37:56Z,"케이팝,한국 랩","BIGHIT MUSIC / HYBE",0.65,0.827,8,-4.014,1,0.0599,0.0229,0,0.121,0.223,144.995,4
spotify:track:46WaBBaEHzgbN88Ew0nh50,"MAGO","回:Walpurgis Night","여자친구",2020-11-09,199133,1,false,11156981936,2021-03-03T02:37:56Z,"케이팝","SOURCE MUSIC",0.621,0.821,6,-3.662,0,0.0364,0.00548,0.000578,0.142,0.646,120.062,4
spotify:track:3omvXShuRPM3zbDpWYqf5g,"MORE & MORE","MORE & MORE","TWICE",2020-06-01,199653,63,false,11156981936,2021-03-03T02:37:56Z,"케이팝","Republic Records - TWICE",0.739,0.841,5,-4.162,1,0.06,0.0312,0,0.173,0.562,106.99,4
spotify:track:0B36SbjfDv15ji1bQEEeTN,"90's Love","NCT RESONANCE Pt. 2 - The 2nd Album","NCT U",2020-11-23,213666,57,false,11156981936,2021-03-03T02:37:56Z,"케이팝,노이즈 음악","SM Entertainment",0.743,0.924,1,-1.501,0,0.0642,0.0688,0,0.112,0.702,107.995,4
spotify:track:4Bmk7JYOquhWmSMMW4WebM,"눈누난나 (NUNU NANA)","NUNA","제시",2020-07-30,195836,0,false,11156981936,2021-03-03T02:37:56Z,"케이팝,한국 랩","P NATION",0.743,0.689,7,-2.846,1,0.0289,0.0198,0,0.708,0.504,104.936,4
spotify:track:4BZXVFYCb76Q0Klojq4piV,"AYA","TRAVEL","마마무",2020-11-03,211280,56,false,11156981936,2021-03-03T02:37:56Z,"케이팝","RBW Inc.",0.634,0.858,4,-2.226,0,0.0809,0.101,0.00000856,0.258,0.637,91.688,4
spotify:track:60M8FSYZP8MA0Wy2huOADL,"LA DI DA","-77.82x-78.29","EVERGLOW",2020-09-21,210893,0,false,11156981936,2021-03-03T02:37:56Z,"케이팝,노이즈 음악","Genie Music Corporation, Stone Music Entertainment",0.477,0.85,3,-1.486,0,0.0911,0.00108,0,0.0675,0.601,163.845,4
spotify:track:6c1QaQHdDhtFMfUkhueuXK,"Monster","Monster - The 1st Mini Album","레드벨벳-아이린&슬기",2020-07-06,178413,58,false,11156981936,2021-03-03T02:37:56Z,"케이팝","SM Entertainment",0.631,0.748,4,-2.569,0,0.0488,0.212,0,0.537,0.351,115.665,4
spotify:track:1iIhGHzzrzqQfuNkFI2qAn,"아무노래","아무노래","지코",2020-01-13,227226,63,false,11156981936,2021-03-03T02:37:56Z,"한국 랩,케이팝","KOZ ENTERTAINMENT",0.874,0.787,10,-2.416,0,0.129,0.118,0,0.11,0.896,108.007,4
spotify:track:1ayaOin9hxCtyhg4UsBTpg,"Kick It","NCT #127 Neo Zone - The 2nd Album","NCT 127",2020-03-06,233013,0,false,11156981936,2021-03-03T02:37:56Z,"케이팝,노이즈 음악","SM Entertainment",0.681,0.847,7,-2.462,1,0.0869,0.0306,0,0.0808,0.507,167.031,4
spotify:track:3CyCjgTHFzqucmECajq8QA,"DUN DUN","reminiscence","EVERGLOW",2020-02-03,192280,0,false,11156981936,2021-03-03T02:37:56Z,"케이팝,노이즈 음악","Genie Music Corporation, Stone Music Entertainment",0.692,0.881,11,-2.563,0,0.0461,0.0457,0.00000426,0.146,0.433,103.055,4
spotify:track:2tVkFxyePqB0o4Y4SYKV0Q,"Breath","Breath","GOT7",2020-11-23,187251,0,false,11156981936,2021-03-03T02:37:56Z,"케이팝","JYP Entertainment",0.724,0.846,9,-3.785,0,0.0538,0.109,0,0.0958,0.64,129.959,4
spotify:track:1Gw2MVjOeA29OIwt4k7PZ4,"What You Waiting For","What You Waiting For","전소미",2020-07-22,175327,0,false,11156981936,2021-03-03T02:37:56Z,"케이팝","THE BLACK LABEL",0.765,0.688,8,-5.072,1,0.0731,0.0164,0,0.112,0.794,121.901,4
spotify:track:2qI0Uchpdc2RkzuhbRnnZ8,"Can't You See Me?","The Dream Chapter: ETERNITY","투모로우바이투게더",2020-05-18,201445,0,false,11156981936,2021-03-03T02:37:56Z,"케이팝","Imperial Distribution",0.59,0.818,9,-2.988,0,0.0771,0.0584,0,0.205,0.664,139.925,4
spotify:track:66orj0qtDgnU6DlmllAxbq,"Left & Right","Heng:garæ","세븐틴",2020-06-22,201773,0,false,11156981936,2021-03-03T02:37:56Z,"케이팝","Genie Music Corperation, Stone Music Entertainment",0.725,0.823,6,-3.868,0,0.115,0.132,0,0.104,0.958,149.994,4
spotify:track:2DmRXiyn03tOqKgEJXlaiJ,"Oh my god","I trust","i-dle",2020-04-06,195866,64,false,11156981936,2021-03-03T02:37:56Z,"케이팝","Universal Music LLC",0.794,0.762,4,-3.525,0,0.0392,0.0358,0.00000141,0.191,0.482,109.97,4
spotify:track:2iW0q5jJJT5HKlIs25AAgv,"HOME;RUN","; [Semicolon]","세븐틴",2020-10-19,184426,58,false,11156981936,2021-03-03T02:37:56Z,"케이팝","PLEDIS Entertainment",0.687,0.942,2,-2.817,1,0.0741,0.0613,0,0.173,0.765,96.106,4
spotify:track:6kKC35sKUh2FUx4M0qAL44,"Candy","Delight - The 2nd Mini Album","백현",2020-05-25,227173,58,false,11156981936,2021-03-03T02:37:56Z,"케이팝","SM Entertainment",0.649,0.767,11,-3.838,0,0.0455,0.24,0,0.0929,0.608,149.918,4
spotify:track:4zazrdH47Bkgunb3riXVlJ,"I LOVE YOU","THE FIRST STEP : CHAPTER TWO","TREASURE",2020-09-18,181618,0,false,11156981936,2021-03-03T02:37:56Z,"케이팝","YG Entertainment",0.732,0.725,8,-5.585,1,0.0638,0.0101,0,0.163,0.411,130.024,4
spotify:track:3NfgdU9mbIVhcJF3XvC0c9,"Dolphin","NONSTOP","오마이걸",2020-04-27,176773,0,false,11156981936,2021-03-03T02:37:56Z,"케이팝","WM Entertainment",0.858,0.68,4,-4.531,1,0.0795,0.171,0,0.173,0.621,113.993,4
spotify:track:13KR2yNRDrbKwR3dOKCDl4,"SO BAD","Star To A Young Culture","STAYC",2020-11-12,212264,57,false,11156981936,2021-03-03T02:37:56Z,"케이팝","High Up Entertainment",0.557,0.906,7,-3.109,0,0.103,0.19,0,0.0616,0.616,168.978,4
spotify:track:256pafuFi3cF39hfB7cyY0,"MMM","THE FIRST STEP : CHAPTER THREE","TREASURE",2020-11-06,208053,0,false,11156981936,2021-03-03T02:37:56Z,"케이팝","YG Entertainment",0.766,0.746,1,-5.917,1,0.104,0.0518,0,0.0651,0.633,80.007,4
spotify:track:6SqOpxXMMS8axhJoqz8Nel,"BOY","THE FIRST STEP : CHAPTER ONE","TREASURE",2020-08-07,196666,0,false,11156981936,2021-03-03T02:37:56Z,"케이팝","YG Entertainment",0.757,0.791,6,-5.731,0,0.0476,0.0526,0,0.493,0.67,110.062,4
spotify:track:1IYN3VqZzehgwh5NqnavIQ,"이데아 (IDEA:理想)","Never Gonna Dance Again : Act 2 - The 3rd Album","태민",2020-11-09,193546,53,false,11156981936,2021-03-03T02:37:56Z,"케이팝","SM Entertainment",0.48,0.813,10,-5.437,0,0.0575,0.00456,0,0.229,0.7,120.888,4
spotify:track:2KXEE2MsPZLmT38XiyAOpH,"Criminal","Never Gonna Dance Again : Act 1 - The 3rd Album","태민",2020-09-07,211400,58,false,11156981936,2021-03-03T02:37:56Z,"케이팝","SM Entertainment",0.65,0.867,2,-3.332,1,0.0686,0.0287,0.000166,0.0488,0.161,115.918,4
spotify:track:5joNJn9LUvYcamWwa2iYCL,"Nonstop","NONSTOP","오마이걸",2020-04-27,202760,0,false,11156981936,2021-03-03T02:37:56Z,"케이팝","WM Entertainment",0.753,0.91,0,-2.591,1,0.0517,0.171,0,0.367,0.825,123.983,4
spotify:track:1pmfd0ohjfh1qXPWvjaC1o,"NOT BY THE MOON","DYE","GOT7",2020-04-20,204701,0,false,11156981936,2021-03-03T02:37:56Z,"케이팝","JYP Entertainment",0.549,0.813,5,-4.828,0,0.148,0.0556,0.00000444,0.207,0.544,151.813,4
spotify:track:3IdPtyJHB1WVPM4eCiCAKM,"Answer","TREASURE EPILOGUE : Action To Answer","ATEEZ",2020-01-06,219760,34,false,11156981936,2021-03-03T02:37:56Z,"케이팝,노이즈 음악","KQ Entertainment",0.565,0.903,7,-1.918,1,0.0499,0.0746,0,0.359,0.54,97.968,4
spotify:track:7Acvy2L38SCipAeMPOK8Ro,"HOLO","HOLO","이하이",2020-07-23,178520,0,false,11156981936,2021-03-03T02:37:56Z,"K-발라드,케이팝","Genie Music Corporation, Stone Music Entertainment",0.406,0.474,6,-6.349,1,0.0295,0.768,0,0.106,0.206,179.914,3
spotify:track:3FARQP8fA49bSsTWjNyWmY,"Secret Story of the Swan","Oneiric Diary","IZ*ONE",2020-06-15,192333,0,false,11156981936,2021-03-03T02:37:56Z,"케이팝","Genie Music Corporation, Stone Music Entertainment",0.703,0.941,7,-0.995,0,0.0808,0.131,0,0.319,0.758,102.969,4
spotify:track:7zC6xvBPnIC92K06pMpstY,"INCEPTION","ZERO : FEVER Part.1","ATEEZ",2020-07-29,210813,62,false,11156981936,2021-03-03T02:37:56Z,"케이팝,노이즈 음악","KQ Entertainment",0.607,0.886,4,-3.77,0,0.0847,0.108,0,0.31,0.616,149.941,4
spotify:track:1WrScpykT891CZhFThXJtj,"We Lost The Summer","minisode1 : Blue Hour","투모로우바이투게더",2020-10-26,210549,56,false,11156981936,2021-03-03T02:37:56Z,"케이팝","Republic Records - TXT",0.551,0.784,10,-3.901,0,0.0753,0.0391,0,0.0332,0.764,105.748,4
spotify:track:2fJ70dRX7J4jiVxKUQQp7C,"DUMDi DUMDi","DUMDi DUMDi","i-dle",2020-08-03,210640,53,false,11156981936,2021-03-03T02:37:56Z,"케이팝","Universal Music LLC",0.759,0.914,4,-1.072,1,0.0592,0.025,0.00000445,0.076,0.674,123.047,4
spotify:track:4Eefey3uN90Abhbr47zKmC,"WINTER FLOWER(雪中梅)(Feat.RM)","UNSTABLE MINDSET","윤하;RM",2020-01-06,221133,58,false,11156981936,2021-03-03T02:37:56Z,"K-발라드,케이팝,한국 랩","C9 ENTERTAINMENT",0.564,0.796,0,-3.698,1,0.0737,0.118,0,0.0938,0.241,95.946,4
spotify:track:7oQh96s9YemWG3A4zkIbrU,"보라빛 밤","보라빛 밤","선미",2020-06-29,206616,51,false,11156981936,2021-03-03T02:37:56Z,"케이팝","Makeus Entertainment",0.714,0.828,1,-4.68,0,0.0428,0.0513,0.0652,0.0347,0.318,120.014,4
spotify:track:71vPAjlG1x606483GTJNhY,"FIESTA","BLOOM*IZ","IZ*ONE",2020-02-17,217760,0,false,11156981936,2021-03-03T02:37:56Z,"케이팝","Genie Music Corporation, Stone Music Entertainment",0.758,0.927,7,-2.105,1,0.0537,0.062,0,0.343,0.738,122.999,4
spotify:track:2hJS7BdEaH9Jo8MeJujsHT,"HELICOPTER","HELICOPTER","CLC",2020-09-02,225720,54,false,11156981936,2021-03-03T02:37:56Z,"케이팝","Universal Music LLC",0.666,0.908,5,-2.819,0,0.056,0.0323,0,0.383,0.655,155.048,4
spotify:track:1SdLedoEjrMRu5AnvK2EYk,"PLAY","PLAY","청하;창모",2020-07-06,199524,0,false,11156981936,2021-03-03T02:37:56Z,"케이팝,한국 랩","Genie Music Corporation, Stone Music Entertainment",0.637,0.94,3,-0.792,0,0.101,0.17,0.0000267,0.152,0.884,103.934,4
spotify:track:6u0pZe0Uv7GBR0iKptfWRf,"DESSERT","DESSERT","HYO;루피;소연",2020-07-22,200706,50,false,11156981936,2021-03-03T02:37:56Z,"케이팝,노이즈 음악,한국 랩","SM Entertainment",0.713,0.927,2,-3.28,1,0.112,0.0586,0.0000354,0.373,0.618,115.072,4
spotify:track:0YXpDiXEQlRmVSAFcub7sE,"THANXX","ZERO : FEVER Part.1","ATEEZ",2020-07-29,181146,58,false,11156981936,2021-03-03T02:37:56Z,"케이팝,노이즈 음악","KQ Entertainment",0.604,0.961,4,-1.692,0,0.165,0.0395,0,0.242,0.645,164.847,4
spotify:track:37Ctz6MOHM2thzNIOMo7Z0,"BOCA","［Dystopia : Lose Myself］","드림캐쳐",2020-08-17,189546,0,false,11156981936,2021-03-03T02:37:56Z,"한국 록,케이팝","DREAMCATCHER COMPANY",0.683,0.947,8,-1.717,0,0.064,0.00632,0.0000734,0.123,0.67,100.024,4
spotify:track:0P8lbWigAHXPKxUG60xh79,"놀이 (Naughty)","놀이 (Naughty)","레드벨벳-아이린&슬기",2020-07-20,198520,55,false,11156981936,2021-03-03T02:37:56Z,"케이팝","SM Entertainment",0.693,0.759,7,-2.9,1,0.208,0.055,0.00000136,0.116,0.635,112.983,4
spotify:track:3vPHCKu5UhbGLe9rs8dBGr,"Scream","1st Album [Dystopia : The Tree of Language]","드림캐쳐",2020-02-18,204293,0,false,11156981936,2021-03-03T02:37:56Z,"한국 록,케이팝","Dreamcatcher Company",0.704,0.94,4,-2.233,0,0.158,0.0312,0,0.29,0.311,137.909,4
spotify:track:55kuHkT2CWhWKF6CoRDnJq,"덤더럼(Dumhdurum)","LOOK","Apink",2020-04-13,208053,55,false,11156981936,2021-03-03T02:37:56Z,"케이팝","Above Music",0.653,0.923,8,-2.163,0,0.0621,0.145,0,0.137,0.692,114.902,4
spotify:track:3As0OA5B06BxLfADvYyG8L,"Stay Tonight","Stay Tonight","청하",2020-04-27,217238,0,false,11156981936,2021-03-03T02:37:56Z,"케이팝","Genie Music Corporation, Stone Music Entertainment",0.625,0.831,2,-2.186,0,0.056,0.203,0.000483,0.0783,0.491,121.025,4
spotify:track:3jg1u32Pn1c2M5r6SAQBCC,"Apple","回:Song of the Sirens","여자친구",2020-07-13,207251,0,false,11156981936,2021-03-03T02:37:56Z,"케이팝","SOURCE MUSIC",0.641,0.932,9,-4.877,1,0.156,0.0156,0,0.117,0.253,119.965,4
spotify:track:59lh6XYTsfhoXXTNU8TUrz,"FANTASIA","FANTASIA X","몬스타엑스",2020-05-26,186106,49,false,11156981936,2021-03-03T02:37:56Z,"케이팝,노이즈 음악","Starship Entertainment",0.738,0.952,9,-1.95,1,0.0941,0.0221,0,0.231,0.544,125.963,4
spotify:track:7huWBxXBSizb0tftJRbJed,"RED MOON","KARD 4th Mini Album 'RED MOON'","카드",2020-02-12,172146,50,false,11156981936,2021-03-03T02:37:56Z,"케이팝","DSP Media",0.724,0.925,9,-1.393,1,0.0615,0.0202,0,0.202,0.33,100.028,4
spotify:track:39EXZNMxb4RBHlRjnRaOKp,"Sweet Night","이태원 클라쓰 (Original Television Soundtrack) Pt. 12","V",2020-03-13,214258,1,false,11156981936,2021-03-03T02:37:56Z,"케이팝","(주)블렌딩",0.462,0.339,3,-7.943,1,0.025,0.495,0.00000815,0.0893,0.149,92.106,4
spotify:track:14pjnaIqkpReO5D0tHofAS,"Daisy","WE:TH","펜타곤",2020-10-12,189000,52,false,11156981936,2021-03-03T02:37:56Z,"케이팝","Universal Music LLC",0.563,0.869,5,-2.235,1,0.0532,0.0362,0,0.138,0.48,85.016,4
spotify:track:4XdzvdvfaAozcWM2svBri5,"PUMA","The Dream Chapter: ETERNITY","투모로우바이투게더",2020-05-18,205519,0,false,11156981936,2021-03-03T02:37:56Z,"케이팝","Imperial Distribution",0.684,0.793,6,-3.156,0,0.102,0.0505,0,0.137,0.437,104.951,4
spotify:track:2z0LVG9G2SpFaT5bHyWwjK,"Dr. BeBe","Universe : The Black Hall","펜타곤",2020-02-12,191933,44,false,11156981936,2021-03-03T02:37:56Z,"케이팝","Universal Music LLC",0.574,0.881,7,-1.632,0,0.069,0.0106,0,0.36,0.576,142.079,4
spotify:track:1XnpzbOGptRwfJhZgLbmSr,"Pretty Savage","THE ALBUM","BLACKPINK",2020-10-02,201122,72,false,11156981936,2021-03-03T02:37:56Z,"케이팝","YG Entertainment/Interscope Records",0.701,0.556,9,-7.42,0,0.0414,0.00886,0.000122,0.106,0.333,152.045,4
spotify:track:5KawlOMHjWeUjQtnuRs22c,"Boy With Luv (feat. Halsey)","MAP OF THE SOUL : PERSONA","방탄소년단;Halsey",2019-04-12,229773,2,false,11156981936,2021-02-19T15:22:00Z,"케이팝","BIGHIT MUSIC / HYBE",0.645,0.862,11,-4.757,0,0.0965,0.0923,0,0.192,0.798,119.991,4
spotify:track:18PergoIrGmRyeYxnaXJN2,"Kill This Love","KILL THIS LOVE","BLACKPINK",2019-04-05,189052,2,false,11156981936,2021-02-19T15:22:00Z,"케이팝","YG Entertainment, distributed through Interscope Records",0.738,0.861,2,-4.141,1,0.237,0.318,0.00182,0.325,0.58,131.98,4
spotify:track:24nK8tW7Pt3Inh2utttuoG,"HIP","reality in BLACK","마마무",2019-11-14,195306,65,false,11156981936,2021-02-19T15:22:00Z,"케이팝","RBW, Inc",0.782,0.731,3,-4.581,0,0.143,0.0376,0.0000315,0.0956,0.824,138.032,4
spotify:track:60zxdAqWtdDu0vYsbXViA7,"FANCY","FANCY YOU","TWICE",2019-04-22,213885,1,false,11156981936,2021-02-19T15:22:00Z,"케이팝","JYP Entertainment",0.699,0.866,5,-2.138,0,0.0446,0.0132,0,0.648,0.795,132.023,4
spotify:track:4Dr2hJ3EnVh2Aaot6fRwDO,"Blueming","Love poem","아이유",2019-11-18,217053,64,false,11156981936,2021-02-19T15:22:00Z,"케이팝,K-발라드","Kakao Entertainment",0.819,0.674,0,-3.145,1,0.0587,0.0849,0,0.0667,0.682,106.032,4
spotify:track:7fK0csBoqbcgUuWGV0cpoD,"Obsession","OBSESSION – The 6th Album","EXO",2019-11-27,203520,61,false,11156981936,2021-02-19T15:22:00Z,"케이팝","SM Entertainment",0.704,0.729,7,-3.851,1,0.0624,0.0024,0,0.218,0.71,129.992,4
spotify:track:6f4wghlwYWGLqGEIKc6HDQ,"You Calling My Name","Call My Name","GOT7",2019-11-04,194707,0,false,11156981936,2021-02-19T15:22:00Z,"케이팝","JYP Entertainment",0.813,0.667,0,-4.061,0,0.0616,0.0917,0,0.0802,0.514,111.02,4
spotify:track:4TArUx34wOehwpnbXlKBQY,"LION","Queendom < FINAL Comeback >","i-dle",2019-10-25,210960,0,false,11156981936,2021-02-19T15:22:00Z,"케이팝","Genie Music Corporation",0.737,0.726,4,-5.168,0,0.0347,0.0237,0,0.124,0.182,109.991,4
spotify:track:4mtPGvoOvfqskC9M3tNZrV,"Levanter","Clé : LEVANTER","Stray Kids",2019-12-09,195656,0,false,11156981936,2021-02-19T15:22:00Z,"케이팝,노이즈 음악","JYP Entertainment",0.559,0.695,9,-4.722,1,0.0518,0.00747,0,0.545,0.349,149.964,4
spotify:track:14rWuS6yllHOdfZ8sZsZUj,"Feel Special","Feel Special","TWICE",2019-09-23,206868,60,false,11156981936,2021-02-19T15:22:00Z,"케이팝","WM Japan",0.709,0.959,1,-1.339,1,0.0603,0.0296,0.00188,0.107,0.644,128.983,4
spotify:track:2MsNSKQNQNRklkKFxxvIav,"9 and Three Quarters (Run Away)","The Dream Chapter: MAGIC","투모로우바이투게더",2019-10-21,211866,0,false,11156981936,2021-02-19T15:22:00Z,"케이팝","Imperial Distribution",0.639,0.756,1,-4.42,1,0.0608,0.0055,0,0.13,0.532,128.937,4
spotify:track:5WrEilrRI5cIW0DxMvQYPZ,"Jopping","SuperM - The 1st Mini Album","SuperM",2019-10-04,251293,60,false,11156981936,2021-02-19T15:22:00Z,"케이팝,노이즈 음악","SM Entertainment/Capitol Records",0.74,0.835,10,-3.425,0,0.0839,0.0139,0,0.857,0.535,123.024,4
spotify:track:6k67RdkVjTZj79c1cRz7IQ,"WONDERLAND","TREASURE EP.FIN : All To Action","ATEEZ",2019-10-08,199013,38,false,11156981936,2021-02-19T15:22:00Z,"케이팝,노이즈 음악","KQ Entertainment",0.571,0.964,4,-1.949,0,0.124,0.0503,0,0.356,0.519,129.997,4
spotify:track:0fToFBFypPz5XMyAdAm7Ay,"Fear","An Ode","세븐틴",2019-09-16,175213,0,false,11156981936,2021-02-19T15:22:00Z,"케이팝","Genie Music Corporation, Stone Music Entertainment",0.592,0.946,7,-2.699,0,0.327,0.16,0,0.139,0.705,146.037,4
spotify:track:6DAPX3IK33jiOHUzIWbYn6,"New Rules","The Dream Chapter: MAGIC","투모로우바이투게더",2019-10-21,174106,0,false,11156981936,2021-02-19T15:22:00Z,"케이팝","Imperial Distribution",0.762,0.792,2,-5.265,1,0.102,0.0149,0.00000253,0.312,0.385,120.013,4
spotify:track:7uvW1F97LfVbOF6bzHs3nO,"데자부 (Deja Vu)","Raid of Dream","드림캐쳐",2019-09-18,224760,1,false,11156981936,2021-02-19T15:22:00Z,"한국 록,케이팝","DREAMCATCHER COMPANY",0.613,0.667,5,-5.363,0,0.0394,0.0627,0,0.169,0.486,89.946,4
spotify:track:7zFBtYAVURF3bUVqEQ6UUu,"ICY","IT'z ICY","ITZY",2019-07-29,191142,0,false,11156981936,2021-02-19T15:22:00Z,"케이팝","JYP Entertainment",0.801,0.904,2,-2.819,1,0.0834,0.0324,0.000031,0.182,0.814,124.979,4
spotify:track:5uHl2eYaITSX6xEX8bmaXy,"Adios","HUSH","EVERGLOW",2019-08-19,189146,0,false,11156981936,2021-02-19T15:22:00Z,"케이팝,노이즈 음악","Genie Music Corporation, Stone Music Entertainment",0.633,0.706,10,-5.137,0,0.0627,0.000587,0.0795,0.245,0.399,128.187,4
spotify:track:7fMr8hvwXVWO36ZD24HBeR,"HIT","An Ode","세븐틴",2019-09-16,203506,0,false,11156981936,2021-02-19T15:22:00Z,"케이팝","Genie Music Corporation, Stone Music Entertainment",0.616,0.908,9,-3.97,0,0.26,0.0861,0,0.129,0.658,130.048,4
spotify:track:1q3C6brbmRrULTyo2mseKF,"FLASH","QUANTUM LEAP","X1",2019-08-27,211320,0,false,11156981936,2021-02-19T15:22:00Z,"케이팝","Genie Music Corporation",0.674,0.91,7,-2.898,0,0.0594,0.029,0,0.342,0.599,132.04,4
spotify:track:7qDbAc6xMW07T7yyMnQqS8,"열대야 (Fever)","여자친구 The 7th Mini Album `FEVER SEASON`","여자친구",2019-07-01,214293,0,false,11156981936,2021-02-19T15:22:00Z,"케이팝","SOURCE MUSIC",0.764,0.836,1,-2.868,1,0.0396,0.208,0,0.234,0.51,111.934,4
spotify:track:6rcn967QN5JtkPOBDwYIuT,"BOOM","We Boom - The 3rd Mini Album","NCT DREAM",2019-07-26,195080,66,false,11156981936,2021-02-19T15:22:00Z,"케이팝,노이즈 음악","SM Entertainment",0.914,0.516,5,-4.178,0,0.0918,0.131,0,0.0441,0.702,119.969,4
spotify:track:77dcmf2tTedc3BuOPF13Ma,"We don’t talk together","We don’t talk together","헤이즈;기리보이",2019-07-07,199215,0,false,11156981936,2021-02-19T15:22:00Z,"K-발라드,케이팝,한국 랩","Genie Music Corporation",0.64,0.734,11,-4.67,0,0.0381,0.039,0,0.333,0.308,97.862,4
spotify:track:0WSTInLqMrT9po0LAHpZCJ,"UN Village","City Lights - The 1st Mini Album","백현",2019-07-10,235509,58,false,11156981936,2021-02-19T15:22:00Z,"케이팝","SM Entertainment",0.674,0.589,6,-3.806,0,0.112,0.267,0,0.312,0.577,83.985,4
spotify:track:6G7DuXoSGeAf6BZivJdEjF,"달라달라 DALLA DALLA","IT'z Different","ITZY",2019-02-13,199873,0,false,11156981936,2021-02-19T15:22:00Z,"케이팝","JYP Entertainment",0.79,0.853,11,-4.564,0,0.0666,0.00116,0.0000423,0.329,0.713,125,4
spotify:track:7JCi89HGiURxFpr6NITY7q,"Snapping","Flourishing","청하",2019-06-24,213164,0,false,11156981936,2021-02-19T15:22:00Z,"케이팝","Genie Music Corporation, Stone Music Entertainment",0.751,0.726,8,-3.499,0,0.038,0.0706,0.00000342,0.278,0.581,104.914,4
spotify:track:0GUbhhI5fRx7BlqlqlhjuB,"짐살라빔 (Zimzalabim)","‘The ReVe Festival’ Day 1","Red Velvet",2019-06-19,190859,47,false,11156981936,2021-02-19T15:22:00Z,"케이팝","SM Entertainment",0.68,0.878,5,-4.791,0,0.179,0.0028,0.0000222,0.336,0.531,127.991,4
spotify:track:1OBb2wZMXKNmtdyyejLIyL,"Uh-Oh","Uh-Oh","i-dle",2019-06-26,207600,57,false,11156981936,2021-02-19T15:22:00Z,"케이팝","Universal Music LLC",0.781,0.814,11,-3.315,0,0.0648,0.0586,0,0.118,0.782,92.037,4
spotify:track:1BiXkuVBXz9IzP7210Zo9I,"Side Effects","Clé 2 : Yellow Wood","Stray Kids",2019-06-19,193852,0,false,11156981936,2021-02-19T15:22:00Z,"케이팝,노이즈 음악","JYP Entertainment",0.443,0.978,2,-1.736,1,0.145,0.0215,0,0.0545,0.114,129.987,4
spotify:track:6qAzAmPBUpGrk7XADZHR5k,"LOVE SCENARIO","Return","iKON",2018-01-25,209648,0,false,11156981936,2021-02-19T15:22:00Z,"케이팝","YG Entertainment",0.806,0.707,7,-4.623,1,0.0307,0.331,0,0.294,0.746,118.011,4
spotify:track:3BPoSr2pO34Aan6alFfVto,"뿜뿜","GREAT!","모모랜드",2018-01-03,208863,65,false,11156981936,2021-02-19T15:22:00Z,"케이팝","DUBLEKICK COMPANY, Kakao Entertainment",0.785,0.744,3,-4.249,0,0.0369,0.0149,0.00666,0.0661,0.833,126.018,4
spotify:track:5SE57ljOIUJ1ybL9U6CuBH,"DNA","Love Yourself 承 'Her'","방탄소년단",2017-09-18,223122,1,false,11156981936,2021-02-19T15:22:00Z,"케이팝","BIGHIT MUSIC / HYBE",0.598,0.775,1,-4.035,0,0.0545,0.022,0,0.0677,0.687,129.819,4
spotify:track:4D5Ode2OfZMxIwQyvmhUe8,"몰랐니 (Lil′ Touch)","몰랐니 (Lil' Touch)","소녀시대-Oh!GG",2018-09-05,189846,54,false,11156981936,2021-02-19T15:22:00Z,"케이팝","SM Entertainment",0.791,0.789,11,-4.694,0,0.104,0.0114,0,0.301,0.669,112.11,4
spotify:track:3aG0gbuvZ1VeVm68d4J6Yq,"Devil","Devil","CLC",2019-09-06,177000,50,false,11156981936,2021-02-19T15:22:00Z,"케이팝","Universal Music LLC",0.79,0.888,10,-3.589,0,0.0479,0.034,0.00000448,0.0783,0.946,148.028,4
spotify:track:2AIWoHr9DF6y4KALCBKWQS,"IDOL","Love Yourself 結 'Answer'","방탄소년단",2018-08-24,222732,2,false,11156981936,2021-02-19T15:22:00Z,"케이팝","BIGHIT MUSIC / HYBE",0.734,0.855,9,-3.211,1,0.118,0.00481,0,0.123,0.422,126.035,4
spotify:track:1S6zXoXhfalX2ETKo337Md,"YES or YES","YES or YES","TWICE",2018-11-05,237685,0,false,11156981936,2021-02-19T15:22:00Z,"케이팝","JYP Entertainment",0.702,0.913,11,-2.977,1,0.0374,0.0514,0.00000372,0.166,0.735,137.981,4
spotify:track:3aW0ds4A4tSQDIp75FqWTo,"FAKE LOVE","Love Yourself 轉 'Tear'","방탄소년단",2018-05-18,242333,1,false,11156981936,2021-02-19T15:22:00Z,"케이팝","BIGHIT MUSIC / HYBE",0.557,0.719,2,-4.515,0,0.0372,0.00267,0,0.306,0.344,77.501,4
spotify:track:4EjUFjzi4ErWjklOA3Aslu,"Tempo","DON’T MESS UP MY TEMPO – The 5th Album","EXO",2018-11-02,224482,66,false,11156981936,2021-02-19T15:22:00Z,"케이팝","SM Entertainment",0.686,0.842,0,-4.423,1,0.1,0.237,0,0.0683,0.519,115.944,4
spotify:track:7nkp1uuSbKkoxMvEs8cSw0,"빛나리","Positive","펜타곤",2018-04-02,198795,60,false,11156981936,2021-02-19T15:22:00Z,"케이팝","CUBE ENTERTAINMENT",0.74,0.804,3,-2.187,1,0.0546,0.411,0,0.0578,0.791,150.013,4
spotify:track:4g73tmQQc6pSfe4NMXKrZD,"BLACK DRESS","BLACK DRESS","CLC",2018-02-22,193609,49,false,11156981936,2021-02-19T15:22:00Z,"케이팝","CUBE ENTERTAINMENT",0.728,0.821,0,-3.129,1,0.0419,0.0307,0,0.0386,0.816,108.001,4
spotify:track:4Is1b37KJY9XVCgzp81FBW,"BAAM","Fun to The World","모모랜드",2018-06-26,208474,59,false,11156981936,2021-02-19T15:22:00Z,"케이팝","MLD ENTERTAINMENT, Kakao Entertainment",0.725,0.94,5,-2.32,0,0.0435,0.115,0.00431,0.0864,0.905,127.051,4
spotify:track:27kB4qLUCV8nZd2eOgj1Tk,"KILLING ME","NEW KIDS : CONTINUE","iKON",2018-08-02,193733,0,false,11156981936,2021-02-19T15:22:00Z,"케이팝","YG Entertainment",0.76,0.672,9,-5.277,0,0.0732,0.465,0,0.205,0.505,127.986,4
spotify:track:75scDPqGs75FotglJSoOI2,"MIC Drop (Steve Aoki Remix) [Full Length Edition]","Love Yourself 結 'Answer'","방탄소년단;Steve Aoki",2018-08-24,307675,5,false,11156981936,2021-02-19T15:22:00Z,"케이팝,일렉트로 하우스,EDM","BIGHIT MUSIC / HYBE",0.606,0.848,11,-3.952,1,0.184,0.0114,0.00000106,0.206,0.54,170.01,4
spotify:track:4hrpoqJMVE7FxBu1YWx0eQ,"Not Today","You Never Walk Alone","방탄소년단",2017-02-13,231859,1,false,11156981936,2021-02-19T15:22:00Z,"케이팝","BIGHIT MUSIC / HYBE",0.594,0.946,8,-3.408,1,0.126,0.00181,0.00000104,0.923,0.665,110.024,4
spotify:track:4YAgH8s0JFfwikTNwe0aIk,"Daydream (백일몽)","Hope World","j-hope",2018-03-02,228759,0,false,11156981936,2021-02-19T15:22:00Z,"케이팝,한국 랩","BIGHIT MUSIC / HYBE",0.748,0.961,8,-6.518,0,0.0875,0.00512,0,0.175,0.856,116.037,4
spotify:track:6dr6QeqH62tYUiPezRbinq,"Dope","The Most Beautiful Moment in Life Pt.1","방탄소년단",2015-04-29,240020,0,false,11156981936,2021-02-19T15:22:00Z,"케이팝","BIGHIT MUSIC / HYBE",0.619,0.889,10,-3.108,0,0.219,0.0483,0,0.324,0.622,77.058,4
spotify:track:2ezKXygNO30pXyDQXkm6oD,"LATATA","I am","i-dle",2018-05-02,202772,60,false,11156981936,2021-02-19T15:22:00Z,"케이팝","CUBE ENTERTAINMENT",0.774,0.792,9,-4.019,0,0.224,0.00427,0.00000115,0.283,0.505,98.1,4
spotify:track:7gr57cYekMWriyJYbT7oZ4,"한(一)","한(一)","i-dle",2018-08-14,205820,59,false,11156981936,2021-02-19T15:22:00Z,"케이팝","CUBE ENTERTAINMENT",0.709,0.718,6,-3.315,0,0.0312,0.059,0,0.167,0.24,104.971,4
spotify:track:7n2HVHWqFsyAOs5HqmE1Dl,"I Love You","I Love You","EXID",2018-11-21,194699,53,false,11156981936,2021-02-19T15:22:00Z,"케이팝","BANANA CULTURE",0.695,0.832,9,-3.455,0,0.0288,0.000371,0.000483,0.469,0.249,111.997,4
spotify:track:1fRaznZsAB2i63TtmYv2Hc,"La Vie en Rose","COLOR*IZ","IZ*ONE",2018-10-29,218993,0,false,11156981936,2021-02-19T15:22:00Z,"케이팝","Genie Music Corporation",0.698,0.908,9,-1.211,0,0.0548,0.0899,0,0.115,0.606,115.975,4
spotify:track:3nXUfNbkv8ikaSdHwEp0oY,"DDD","Full Moon","EXID",2017-11-07,205821,53,false,11156981936,2021-02-19T15:22:00Z,"케이팝","BANANA CULTURE",0.718,0.794,11,-2.877,0,0.0703,0.0806,0,0.0679,0.751,114.285,4
spotify:track:7w3mCZJZbfXzNebD5vktMI,"ME","ME","CLC",2019-05-30,193253,49,false,11156981936,2021-02-19T15:22:00Z,"케이팝","Universal Music LLC",0.752,0.804,11,-3.512,0,0.0656,0.022,0.0000176,0.0865,0.795,146.943,4
spotify:track:2yEjyto6ztOMGffProMlgX,"FUN!","FUN FACTORY","프로미스나인",2019-06-04,183413,0,false,11156981936,2021-02-19T15:22:00Z,"케이팝,버블검 팝","Genie Music Corporation, Stone Music Entertainment",0.693,0.93,8,-2.001,1,0.0735,0.0363,0,0.0643,0.799,123.986,4
spotify:track:68daw5D7jgDf55BJmaiQIf,"Ah Yeah","AH YEAH","EXID",2015-04-14,199642,51,false,11156981936,2021-02-19T15:22:00Z,"케이팝","Yedang Entertainment",0.762,0.939,11,-2.688,0,0.054,0.0483,0,0.0719,0.428,117.986,4
spotify:track:5RGf8qn1TBWVplLyyKUsuV,"Blood Sweat & Tears","Wings","방탄소년단",2016-10-10,217051,1,false,11156981936,2021-02-19T15:22:00Z,"케이팝","BIGHIT MUSIC / HYBE",0.583,0.885,0,-3.571,0,0.106,0.0244,0,0.357,0.601,92.959,4
spotify:track:5ilOXZ0vqTX69rjRubPivH,"Dance The Night Away","Summer Nights","TWICE",2018-07-09,180809,0,false,11156981936,2021-02-19T15:22:00Z,"케이팝","JYP Entertainment",0.709,0.861,0,-2.905,1,0.0941,0.106,0.0000473,0.112,0.779,118.089,4
spotify:track:5MaDeMdqsPsZTxNWdEZPVH,"별이 빛나는 밤","Yellow Flower","마마무",2018-03-07,211236,0,false,11156981936,2021-02-19T15:22:00Z,"케이팝","RBW, Inc.",0.58,0.773,9,-3.302,0,0.05,0.656,0,0.112,0.506,124.148,4
spotify:track:0ahbzg4GCq3wJzUM3cjS3N,"Violeta","HEART*IZ","IZ*ONE",2019-04-01,200913,0,false,11156981936,2021-02-19T15:22:00Z,"케이팝","Genie Music Corporation",0.715,0.88,7,-2.94,1,0.0685,0.00373,0,0.104,0.669,115.012,4
spotify:track:5p1PL2Gz532ziKatpyjSNh,"Up & Down","Up & Down","EXID",2014-08-28,189883,38,false,11156981936,2021-02-19T15:22:00Z,"케이팝","Yedang Entertainment",0.713,0.827,7,-2.666,1,0.0353,0.002,0.00000136,0.229,0.379,112.011,4
spotify:track:1ok4gxOv8cg5WLjWK6TQhD,"Go Go","Love Yourself 結 'Answer'","방탄소년단",2018-08-24,235779,0,false,11156981936,2021-02-19T15:22:00Z,"케이팝","BIGHIT MUSIC / HYBE",0.856,0.617,10,-5.308,0,0.0841,0.171,0,0.0857,0.759,136.082,4
spotify:track:2pSOUHBQXkN3fS2TAJHhfR,"도깨비","CRYSTYLE","CLC",2017-01-17,210478,51,false,11156981936,2021-02-19T15:22:00Z,"케이팝","CUBE ENTERTAINMENT",0.621,0.873,11,-2.888,0,0.103,0.0194,0,0.488,0.401,169.91,4
spotify:track:4lRwa7PKcGIuJMwtPIYKdy,"Anpanman","Love Yourself 轉 'Tear'","방탄소년단",2018-05-18,232966,0,false,11156981936,2021-02-19T15:22:00Z,"케이팝","BIGHIT MUSIC / HYBE",0.813,0.875,1,-2.92,0,0.0918,0.0237,0,0.288,0.756,99.004,4
spotify:track:41r0BLWVIdo7CaKowcUDgM,"OOH-AHH하게 Like OOH-AHH","THE STORY BEGINS","TWICE",2015-10-20,215091,0,false,11156981936,2021-02-19T15:22:00Z,"케이팝","JYP Entertainment",0.721,0.875,6,-1.166,1,0.0783,0.241,0.000105,0.381,0.692,141.994,4
spotify:track:7GbUWl6qLW1gdngbEV2WDJ,"Monster","EX'ACT","EXO",2016-06-09,221341,69,false,11156981936,2021-02-19T15:22:00Z,"케이팝","SM Entertainment",0.618,0.76,6,-4.312,1,0.0596,0.0066,0,0.127,0.541,150,4
spotify:track:2VmbUOcHetU78iuTfe5kKR,"Very Very Very","miss me?","아이오아이",2016-10-17,203640,0,false,11156981936,2021-02-19T15:22:00Z,"케이팝","Stone Music Entertainment",0.744,0.963,7,-1.527,1,0.0623,0.139,0.00000246,0.0822,0.781,102.986,4
spotify:track:4g7hiqTP5eXt75XU5WSMMA,"LIKEY","twicetagram","TWICE",2017-10-30,207824,0,false,11156981936,2021-02-19T15:22:00Z,"케이팝","JYP Entertainment",0.717,0.911,4,-1.077,0,0.0344,0.395,0.000457,0.137,0.444,132.011,4
spotify:track:5Z4aqpT39KpY8gbHoJWdou,"너나 해 (Egotistic)","RED MOON","마마무",2018-07-16,196018,0,false,11156981936,2021-02-19T15:22:00Z,"케이팝","RBW, Inc.",0.616,0.833,3,-3.314,0,0.067,0.315,0,0.175,0.595,97.898,4
spotify:track:2RwHcRK2KfIAUGNq4Nlfv5,"Picky Picky","LOCK END LOL","위키미키",2019-05-14,196946,0,false,11156981936,2021-02-19T15:22:00Z,"케이팝","㈜판타지오뮤직",0.773,0.849,0,-2.283,1,0.114,0.13,0,0.279,0.928,150.001,4
spotify:track:3sygLAUhHsJsQ0cBk6fxRd,"No","No.1","CLC",2019-01-30,181975,47,false,11156981936,2021-02-19T15:22:00Z,"케이팝","CUBE ENTERTAINMENT",0.76,0.722,6,-4.429,0,0.0908,0.00785,0.000326,0.116,0.687,120.055,4
spotify:track:5sbooPcNgIE22DwO0VNGUJ,"POP/STARS","POP/STARS","K/DA;Madison Beer;i-dle;Jaira Burns;League of Legends",2018-11-03,191100,14,false,11156981936,2021-02-19T15:22:00Z,"케이팝","Riot Games",0.566,0.769,7,-4.342,1,0.0872,0.0183,0,0.108,0.385,170.036,4
spotify:track:2qwyjoSsSr3M7HTt611Q5O,"Wind flower","BLUE;S","마마무",2018-11-29,236816,52,false,11156981936,2021-02-19T15:22:00Z,"케이팝","RBW, Inc",0.735,0.795,0,-2.918,1,0.0518,0.656,0,0.0665,0.825,113.988,4
spotify:track:1PNb8pRsZGa8XN1m5nJe70,"Dumb","BE!","BVNDIT",2019-11-05,190903,0,false,11156981936,2021-02-19T15:22:00Z,"케이팝","Genie Music Corporation, Stone Music Entertainment",0.652,0.837,1,-3.104,0,0.0723,0.0976,0,0.0844,0.562,108.042,4
spotify:track:7lthOBXNue2IvedLRfkod8,"HOME","MAP OF THE SOUL : PERSONA","방탄소년단",2019-04-12,234177,0,false,11156981936,2021-02-19T15:22:00Z,"케이팝","BIGHIT MUSIC / HYBE",0.633,0.799,7,-4.625,0,0.0429,0.0142,0,0.194,0.535,142.991,4
spotify:track:4fxyRM3Xd0w47grKzxVMth,"Crush","KISS, KICKS","위키미키",2018-10-11,196178,0,false,11156981936,2021-02-19T15:22:00Z,"케이팝","㈜판타지오뮤직",0.756,0.776,9,-3.371,1,0.0482,0.0288,0,0.17,0.58,124.007,4
spotify:track:0dHWWPN5XGWotUnM57QQZK,"Not That Type","Act.5 New Action","구구단",2018-11-06,191994,0,false,11156981936,2021-02-19T15:22:00Z,"케이팝","Genie Music Corporation, Stone Music Entertainment",0.729,0.926,7,-2.129,1,0.108,0.0796,0.00000914,0.152,0.743,110.05,4
spotify:track:1ACMf8SOANvKlOu4vTWiJN,"Silver Spoon","The Most Beautiful Moment in Life Pt.2","방탄소년단",2015-11-30,233160,0,false,11156981936,2021-02-19T15:22:00Z,"케이팝","BIGHIT MUSIC / HYBE",0.65,0.879,9,-2.886,1,0.0731,0.00102,0,0.0483,0.536,166.897,4
spotify:track:3NkkcnnKrNHv4AiGaPdD76,"Energetic","1-1=0 (NOTHING WITHOUT YOU)","Wanna One",2017-11-13,189355,62,false,11156981936,2021-02-19T15:22:00Z,"케이팝","CJ E&M MUSIC",0.714,0.886,0,-3.076,1,0.0461,0.058,0,0.112,0.752,125.046,4
spotify:track:6Rx0ORYPP3GH9rTvGS5Vy8,"CALL ME BABY","EXODUS - The 2nd Album","EXO",2015-03-30,211013,66,false,11156981936,2021-02-19T15:22:00Z,"케이팝","SM Entertainment",0.692,0.886,1,-2.519,1,0.0519,0.284,0,0.341,0.879,100.03,4
spotify:track:7uzib3dSSwgUwcD3z0k3bR,"FXXK IT","MADE","BIGBANG",2016-12-13,231810,0,false,11156981936,2021-02-19T15:22:00Z,"케이팝","YG Entertainment",0.72,0.746,0,-3.143,0,0.107,0.152,0,0.276,0.587,90.026,4
spotify:track:5rPZMrKqHHVVCYOom7OkFO,"GOOD BOY","GOOD BOY","GD X TAEYANG",2014-11-21,245192,1,false,11156981936,2021-02-19T15:22:00Z,"케이팝","YG Entertainment",0.745,0.825,1,-3.162,0,0.0352,0.000875,0.000218,0.0828,0.242,95.001,4
spotify:track:6RioKpKPuG1vuyU0wnlAZx,"21st Century Girl","Wings","방탄소년단",2016-10-10,192596,1,false,11156981936,2021-02-19T15:22:00Z,"케이팝","BIGHIT MUSIC / HYBE",0.716,0.906,2,-3.539,1,0.0717,0.00423,0,0.0547,0.762,101.028,4
spotify:track:4kmp56RAtXEzHOANS0BaLX,"花요일 (Blooming Day)","Blooming Days - The 2nd Mini Album","EXO-CBX",2018-04-10,199845,52,false,11156981936,2021-02-19T15:22:00Z,"케이팝","SM Entertainment",0.735,0.736,4,-3.266,0,0.277,0.00511,0,0.165,0.813,117.975,4
spotify:track:1aDarBap4uQgOt9k4fxWd8,"Lullaby","Present : YOU","GOT7",2018-09-17,217486,0,false,11156981936,2021-02-19T15:22:00Z,"케이팝","JYP Entertainment",0.727,0.889,0,-2.747,1,0.0879,0.0149,0,0.113,0.713,129.993,4
spotify:track:0fAFOeAxAL5K8rZlLUMXQH,"BOOMERANG","0+1=1 (I PROMISE YOU)","Wanna One",2018-03-19,183475,0,false,11156981936,2021-02-19T15:22:00Z,"케이팝","CJ E&M MUSIC",0.73,0.913,1,-2.749,1,0.0781,0.0292,0,0.104,0.737,99.974,4
spotify:track:5EzitieoPnjyKHAq0gfRMa,"Ko Ko Bop","THE WAR - The 4th Album","EXO",2017-07-18,190422,62,false,11156981936,2021-02-19T15:22:00Z,"케이팝","SM Entertainment",0.749,0.85,0,-4.346,1,0.0468,0.0319,0.0000481,0.0678,0.672,145.983,4
spotify:track:0QIRm9sUkGnezGznkWCqCo,"BANG BANG BANG","MADE","BIGBANG",2016-12-13,220238,0,false,11156981936,2021-02-19T15:22:00Z,"케이팝","YG Entertainment",0.694,0.832,5,-3.038,0,0.0598,0.0192,0,0.355,0.424,135.011,4
spotify:track:6kX452oUUNojKWNNuc1nqx,"Butterfly","The Most Beautiful Moment in Life Pt.2","방탄소년단",2015-11-30,238861,0,false,11156981936,2021-02-19T15:22:00Z,"케이팝","BIGHIT MUSIC / HYBE",0.448,0.776,6,-4.498,1,0.0571,0.0149,0,0.12,0.294,149.806,4
spotify:track:4as4XEOR03oGm1STUKl6pa,"삐삐","삐삐","아이유",2018-10-10,194426,62,false,11156981936,2021-02-19T15:22:00Z,"케이팝,K-발라드","Kakao Entertainment",0.839,0.617,7,-4.692,1,0.331,0.241,0,0.3,0.821,143.894,4
spotify:track:2EK48RuuE8HHMDzD2rEDqL,"Siren","WARNING","선미",2018-09-12,199133,0,false,11156981936,2021-02-19T15:22:00Z,"케이팝","MAKEUS ENTERTAINMENT",0.61,0.905,9,-3.686,0,0.0369,0.0142,0,0.0592,0.521,122.012,4
spotify:track:2VVqxQhALecXvaArlZSVXr,"Lo Siento","REPLAY - The 8th Repackage Album","SUPER JUNIOR;Leslie Grace;Play-N-Skillz",2018-04-12,226183,51,false,11156981936,2021-02-19T15:22:00Z,"케이팝,바차타(Bachata)","SM Entertainment",0.746,0.738,9,-3.67,1,0.207,0.0705,0,0.043,0.63,94.808,4
spotify:track:381g0b6QZxC13SzA2HRMIc,"Power Up","Summer Magic - Summer Mini Album","Red Velvet",2018-08-06,202040,54,false,11156981936,2021-02-19T15:22:00Z,"케이팝","SM Entertainment",0.732,0.934,8,-4.618,1,0.144,0.0774,0.00745,0.306,0.898,159.998,4
spotify:track:2ujA6F1cpk3m8lsPE5aKua,"전야","THE WAR - The 4th Album","EXO",2017-07-18,176026,68,false,11156981936,2021-02-19T15:22:00Z,"케이팝","SM Entertainment",0.636,0.702,0,-5.352,0,0.0334,0.0223,0,0.293,0.516,135.104,4
spotify:track:3p6hnejEQYXkiTO1lAzVc0,"Euphoria","Love Yourself 結 'Answer'","방탄소년단",2018-08-24,228615,1,false,11156981936,2021-02-19T15:22:00Z,"케이팝","BIGHIT MUSIC / HYBE",0.637,0.799,2,-4.519,1,0.0338,0.394,0,0.0921,0.562,104.995,4
spotify:track:5GKwq4sO5ZHKuWaDmdwMQc,"Bad Boy","The Perfect Red Velvet - The 2nd Album Repackage","Red Velvet",2018-01-29,210817,69,false,11156981936,2021-02-19T15:22:00Z,"케이팝","SM Entertainment",0.714,0.736,2,-3.801,1,0.0457,0.191,0,0.0553,0.814,149.985,4
spotify:track:4z9gBZQjGS4QLb4LOvmeuA,"Burning Up (Fire)","The Most Beautiful Moment in Life: Young Forever","방탄소년단",2016-05-02,203351,1,false,11156981936,2021-02-19T15:22:00Z,"케이팝","BIGHIT MUSIC / HYBE",0.627,0.706,10,-3.201,0,0.0597,0.00227,0,0.122,0.536,99.93,4
spotify:track:0jFHMDRXxKaREor3hBEEST,"가시나","SUNMI SPECIAL EDITION [가시나]","선미",2017-08-22,180000,60,false,11156981936,2021-02-19T15:22:00Z,"케이팝","Makeus Entertainment, The Black Label",0.722,0.833,6,-3.915,1,0.094,0.0556,0,0.195,0.53,93.941,4
spotify:track:3RlcLpMmRvSd84Uw6Yt4Iw,"I Need U","The Most Beautiful Moment in Life Pt.1","방탄소년단",2015-04-29,210986,0,false,11156981936,2021-02-19T15:22:00Z,"케이팝","BIGHIT MUSIC / HYBE",0.486,0.88,5,-3.097,0,0.0706,0.0215,0,0.24,0.71,158.043,4
spotify:track:7nKQ5WAcjnG48knyLuo8gO,"빨간 맛 (Red Flavor)","The Red Summer - Summer Mini Album","Red Velvet",2017-07-09,191139,66,false,11156981936,2021-02-19T15:22:00Z,"케이팝","SM Entertainment",0.709,0.917,9,-3.315,1,0.189,0.0409,0,0.0839,0.515,125.042,4
spotify:track:0WNGsQ1oAuHzNTk8jivBKW,"Spring Day","You Never Walk Alone","방탄소년단",2017-02-13,274097,1,false,11156981936,2021-02-19T15:22:00Z,"케이팝","BIGHIT MUSIC / HYBE",0.539,0.846,8,-3.192,1,0.0354,0.0063,0.00000168,0.13,0.46,106.992,4
spotify:track:1Zz7lQOhWPYh8dNQCwVkdG,"One More Time (Otra Vez)","One More Time - Special Mini Album","SUPER JUNIOR;Reik",2018-10-08,186468,46,false,11156981936,2021-02-19T15:22:00Z,"케이팝,라틴 팝","RCA Records Label",0.685,0.841,5,-3.975,1,0.0327,0.0408,0.0000528,0.274,0.486,99.981,4
spotify:track:6FoI3qwCRq0el1RYKeVGSx,"LOVE BOMB","From.9","프로미스나인",2018-10-10,199966,0,false,11156981936,2021-02-19T15:22:00Z,"케이팝,버블검 팝","Stone Music Entertainment",0.627,0.932,6,-1.891,0,0.162,0.126,0,0.351,0.85,154.045,4
spotify:track:1Zyd6zQnC6XIIzmg3hP7Ot,"As If It's Your Last","As If It's Your Last","BLACKPINK",2017-06-22,213264,2,false,11156981936,2021-02-19T15:22:00Z,"케이팝","YG Entertainment",0.786,0.853,8,-2.687,1,0.0816,0.0688,0,0.0759,0.45,125.034,4
spotify:track:4pi0Elz7B7cLfw37J3bYm9,"으르렁 (Growl)","The 1st Album 'XOXO' (Repackage)","EXO",2013-08-05,207053,69,false,11156981936,2021-02-19T15:22:00Z,"케이팝","SM Entertainment",0.681,0.814,11,-2.83,0,0.0603,0.145,0,0.556,0.876,89.993,4
spotify:track:2wVDWtLKXunswWecARNILj,"SOLO","SOLO","제니",2018-11-12,169566,70,false,11156981936,2021-02-19T15:22:00Z,"케이팝","YG Entertainment, distributed through Interscope Records",0.751,0.642,3,-5.165,0,0.087,0.0861,0,0.0953,0.388,95.045,4
spotify:track:54s6sdPuMjVtdB5d5KFzTC,"Save Me","The Most Beautiful Moment in Life: Young Forever","방탄소년단",2016-05-02,196505,1,false,11156981936,2021-02-19T15:22:00Z,"케이팝","BIGHIT MUSIC / HYBE",0.614,0.823,1,-3.48,1,0.062,0.0269,0,0.0783,0.539,139.948,4
spotify:track:55Md5fnLfCpXzUATASy6Rk,"Shoot Out","Take.1 Are You There?","몬스타엑스",2018-10-22,207173,52,false,11156981936,2021-02-19T15:22:00Z,"케이팝,노이즈 음악","Starship Entertainment",0.613,0.868,6,-2.792,0,0.143,0.0599,0,0.352,0.394,165.133,4
spotify:track:42tFTth2jcF7iSo0RBjfJF,"피카부 (Peek-A-Boo)","Perfect Velvet - The 2nd Album","Red Velvet",2017-11-17,189049,64,false,11156981936,2021-02-19T15:22:00Z,"케이팝","SM Entertainment",0.839,0.902,1,-3.612,0,0.0536,0.0868,0.00257,0.272,0.639,114.953,4
spotify:track:5gA9Xn8oPts2aewPgxVkPD,"주인공","주인공","선미",2018-01-18,195000,52,false,11156981936,2021-02-19T15:22:00Z,"케이팝","Makeus Entertainment, The Black Label",0.673,0.782,7,-3.911,1,0.0404,0.0582,0.0000014,0.391,0.609,121.991,4
spotify:track:5NSPsOGVNWYOMeeyZPF7HY,"중독 (Overdose)","Overdose - The 2nd Mini Album","EXO-K",2014-08-06,205611,63,false,11156981936,2021-02-19T15:22:00Z,"케이팝","SM Entertainment",0.498,0.917,5,-1.797,0,0.164,0.0615,0,0.358,0.652,112.357,5
spotify:track:0yB4jrSwN0bFtFRDR5vyMj,"Love Shot","LOVE SHOT– The 5th Album Repackage","EXO",2018-12-13,200306,73,false,11156981936,2021-02-19T15:22:00Z,"케이팝","SM Entertainment",0.689,0.678,5,-4.287,0,0.119,0.0702,0,0.0889,0.335,145.883,4
spotify:track:1D7e4LrjdB4mKaI9XYrmPY,"CHEER UP","PAGE TWO","TWICE",2016-04-25,208862,0,false,11156981936,2021-02-19T15:22:00Z,"케이팝","JYP Entertainment",0.551,0.885,6,-1.489,1,0.124,0.139,0,0.114,0.509,172.95,4
spotify:track:6gorwqDJ7bsdCHcVs5uS9u,"HERO","RUSH","몬스타엑스",2015-09-07,231951,56,false,11156981936,2021-02-19T15:22:00Z,"케이팝,노이즈 음악","Starship Entertainment",0.683,0.893,5,-3.086,0,0.162,0.0754,0,0.226,0.909,146.082,4
spotify:track:1bZNFcnyCmlnbs337baR0b,"FIANCÉ","XX","MINO",2018-11-26,207924,0,false,11156981936,2021-02-19T15:22:00Z,"한국 랩,케이팝","YG Entertainment",0.661,0.759,5,-3.247,1,0.0326,0.0281,0,0.128,0.466,139.922,4
spotify:track:0JQPxSYL6alc9UvsPvBoFA,"Light","1÷x=1 (UNDIVIDED)","Wanna One",2018-06-04,209510,0,false,11156981936,2021-02-19T15:22:00Z,"케이팝","Stone Music Entertainment",0.683,0.929,1,-2.522,0,0.119,0.214,0,0.216,0.726,139.932,4
spotify:track:6oZee3RwM7GHykYHZeb7GT,"1도 없어","ONE & SIX","Apink",2018-07-02,199402,56,false,11156981936,2021-02-19T15:22:00Z,"케이팝","Above Music",0.594,0.81,6,-2.083,0,0.0531,0.128,0,0.0324,0.777,123.752,4
spotify:track:6ukWoX4AHV76JdYVdKRPk8,"Lotto","LOTTO - The 3rd Album Repackage","EXO",2016-08-18,189774,62,false,11156981936,2021-02-19T15:22:00Z,"케이팝","SM Entertainment",0.798,0.867,11,-3.207,0,0.0386,0.0618,0,0.193,0.702,99.996,4
spotify:track:5m95gCTAiHshTaajznt5fA,"What is Love?","What is Love?","TWICE",2018-04-09,208238,0,false,11156981936,2021-02-19T15:22:00Z,"케이팝","JYP Entertainment",0.572,0.91,8,-1.578,1,0.064,0.0846,0,0.266,0.602,169.975,4
spotify:track:04LMZmQh5Le3F7OwLwHDEM,"빙글뱅글 (Bingle Bangle)","BINGLE BANGLE","AOA",2018-05-28,221778,44,false,11156981936,2021-02-19T15:22:00Z,"케이팝","FNC Entertainment",0.802,0.864,7,-3.888,1,0.0639,0.0293,0,0.335,0.745,111.994,4
spotify:track:4JViGq60SvqtQXI3WK0OLS,"어쩌나","SEVENTEEN 5TH MINI ALBUM 'YOU MAKE MY DAY'","세븐틴",2018-07-16,195004,0,false,11156981936,2021-02-19T15:22:00Z,"케이팝","PLEDIS ENTERTAINMENT",0.682,0.888,8,-3.249,1,0.252,0.246,0,0.0552,0.9,91.966,4
spotify:track:1VAwnMFpVRc0CvdRRsHDrP,"Dejavu","WHO, YOU","뉴이스트 W",2018-06-25,199892,0,false,11156981936,2021-02-19T15:22:00Z,"케이팝","Stone Music Entertainment",0.769,0.661,8,-5.08,0,0.133,0.24,0,0.118,0.552,107.967,4
spotify:track:6Yj8kVuVR3UPxx9r5eFEoV,"짧은 치마 (MINISKIRT)","짧은 치마","AOA",2014-01-16,179808,78,false,11156981936,2021-02-19T15:22:00Z,"케이팝","FNC ENTERTAINMENT",0.758,0.858,5,-2.502,1,0.0464,0.43,0,0.201,0.963,119.992,4
spotify:track:32h6yQGn4oAhZ0HRsTMX26,"CROWN","The Dream Chapter: STAR","투모로우바이투게더",2019-03-04,230706,0,false,11156981936,2021-02-19T15:22:00Z,"케이팝","Imperial Distribution",0.622,0.8,5,-5.819,1,0.0425,0.0505,0,0.0619,0.58,110.977,4
spotify:track:40gUfKHwCNLpXowFN9Hvsu,"나혼자 (ALONE)","ALONE","씨스타",2012-04-12,206266,57,false,11156981936,2021-02-19T15:22:00Z,"케이팝","Starship Entertainment",0.769,0.961,4,-2.316,0,0.0371,0.263,0,0.146,0.89,114.982,4
spotify:track:4ACeAntCpOxVeIcivmqG4S,"TT","TWICEcoaster: LANE1","TWICE",2016-10-24,212990,0,false,11156981936,2021-02-19T15:22:00Z,"케이팝","JYP Entertainment",0.708,0.852,2,-4.398,1,0.0851,0.0525,0.00016,0.399,0.396,129.946,4
spotify:track:3TM7sUA8tMzndo6G8E526g,"Jealousy","THE CONNECT : DEJAVU","몬스타엑스",2018-03-26,207029,48,false,11156981936,2021-02-19T15:22:00Z,"케이팝,노이즈 음악","Starship Entertainment",0.695,0.852,6,-4.528,0,0.127,0.00701,0,0.14,0.496,102.988,4
spotify:track:42rziXmwGA04hNSMi2MliA,"EVERYDAY","EVERYD4Y","WINNER",2018-04-04,206350,0,false,11156981936,2021-02-19T15:22:00Z,"케이팝","YG Entertainment",0.856,0.6,7,-4.712,1,0.0705,0.289,0,0.0607,0.711,120.022,4
spotify:track:1cgBWgoL6520lR2QZDzdGN,"MOVE","MOVE - The 2nd Album","태민",2017-10-16,211949,61,false,11156981936,2021-02-19T15:22:00Z,"케이팝","SM Entertainment",0.697,0.713,8,-5.273,0,0.115,0.0153,0,0.0857,0.667,99.964,4
spotify:track:64iDjAuWDogVhuoWhKklF9,"Dumb Dumb","The Red - The 1st Album","Red Velvet",2015-09-09,202543,59,false,11156981936,2021-02-19T15:22:00Z,"케이팝","SM Entertainment",0.778,0.789,7,-4.297,0,0.0503,0.0334,0.00000205,0.225,0.799,145.99,4
spotify:track:6Upu6yjkdi0DVI8E3IBZEU,"울고 싶지 않아","SEVENTEEN 4th Mini Album ‘Al1’","세븐틴",2017-05-22,203426,65,false,11156981936,2021-02-19T15:22:00Z,"케이팝","PLEDIS ENTERTAINMENT",0.781,0.683,0,-4.258,1,0.0325,0.164,0.00000153,0.16,0.722,100.005,4
spotify:track:2OafHc3DmFE49MqNhQMi0z,"Something","Girl's Day Love Second Album","걸스데이",2015-07-07,200705,0,false,11156981936,2021-02-19T15:22:00Z,"케이팝","드림티엔터테인먼트(Dreamt entertainment)",0.813,0.683,6,-3.813,0,0.0285,0.179,0,0.0748,0.668,107.95,4
spotify:track:7e7VjLxO5xJINHvnRytrqi,"PLAYING WITH FIRE","SQUARE TWO","BLACKPINK",2016-11-01,197355,1,false,11156981936,2021-02-19T15:22:00Z,"케이팝","YG Entertainment",0.707,0.758,4,-4.511,0,0.0917,0.0399,0,0.141,0.674,97.037,4
spotify:track:5GIHnMRDeDDIDsy8AcrF4Y,"SIGNAL","SIGNAL","TWICE",2017-05-15,196687,0,false,11156981936,2021-02-19T15:22:00Z,"케이팝","JYP Entertainment",0.616,0.769,0,-2.57,1,0.329,0.23,0,0.121,0.605,207.845,4
spotify:track:5unCIQfJLMtcsiU6MP5zmB,"I’m So Hot","Show Me","모모랜드",2019-03-20,200242,46,false,11156981936,2021-02-19T15:22:00Z,"케이팝","MLD ENTERTAINMENT, Kakao M Corp.",0.75,0.883,6,-1.712,0,0.0432,0.226,0.0000984,0.0437,0.85,127.069,4
spotify:track:6E7jAJN2e3znSHyPCdQqx8,"고고베베 (gogobebe)","White Wind","마마무",2019-03-14,195855,58,false,11156981936,2021-02-19T15:22:00Z,"케이팝","RBW, Inc",0.704,0.787,0,-3.114,1,0.082,0.114,0,0.228,0.707,96.929,4
spotify:track:5cadLqAgl7Y9zX3lRWdsPK,"Cat & Dog","The Dream Chapter: STAR","투모로우바이투게더",2019-03-04,187573,0,false,11156981936,2021-02-19T15:22:00Z,"케이팝","Imperial Distribution",0.843,0.794,8,-3.013,1,0.147,0.0668,0.000223,0.104,0.319,160.001,4
spotify:track:0PAq1DRlOGBAjXLno94j6b,"Run","The Most Beautiful Moment in Life Pt.2","방탄소년단",2015-11-30,236748,0,false,11156981936,2021-02-19T15:22:00Z,"케이팝","BIGHIT MUSIC / HYBE",0.554,0.878,11,-3.02,0,0.0513,0.00146,0,0.0998,0.55,132.889,4
spotify:track:6XRbRizO1Nqk4lvmwvGlXv,"CROOKED","COUP D'ETAT (Korean Version)","G-DRAGON",2013-09-05,224792,0,false,11156981936,2021-02-19T15:22:00Z,"케이팝,한국 랩","YG Entertainment",0.665,0.919,2,-3.211,1,0.0921,0.00191,0,0.0588,0.783,129.961,4
spotify:track:4yJ6CHGtEjUnMsZ4IMqReH,"Noir 누아르","Noir 누아르","선미",2019-03-04,209678,0,false,11156981936,2021-02-19T15:22:00Z,"케이팝","MAKEUS ENTERTAINMENT",0.642,0.677,8,-4.771,0,0.0343,0.00389,0,0.0854,0.258,117.039,4
spotify:track:0q6boCcLaWYPIy2vOsksFg,"Senorita","I made","i-dle",2019-02-26,197616,56,false,11156981936,2021-02-19T15:22:00Z,"케이팝","CUBE ENTERTAINMENT",0.782,0.808,0,-3.139,1,0.0362,0.0159,0.0000433,0.331,0.42,120.021,4
spotify:track:5TyCTVsBsHeeutZcU2uP5s,"Home","SEVENTEEN 6TH MINI ALBUM 'YOU MADE MY DAWN'","세븐틴",2019-01-21,203731,0,false,11156981936,2021-02-19T15:22:00Z,"케이팝","PLEDIS ENTERTAINMENT",0.741,0.547,9,-5.029,1,0.253,0.427,0,0.0931,0.615,87.977,4
spotify:track:06Pvy98db25O7wlfFFFIRM,"Bon Bon Chocolat","ARRIVAL OF EVERGLOW","EVERGLOW",2019-03-18,228682,0,false,11156981936,2021-02-19T15:22:00Z,"케이팝,노이즈 음악","Genie Music Corporation, Stone Music Entertainment",0.719,0.828,6,-5.559,1,0.0613,0.0343,0,0.0747,0.634,139.927,4
spotify:track:6qyz1KOlGJsKYJ4ZsRmRSD,"멍청이(twit)","멍청이(twit)","화사",2019-02-13,190785,59,false,11156981936,2021-02-19T15:22:00Z,"케이팝","RBW, Inc",0.679,0.813,5,-3.367,0,0.199,0.122,0.00000283,0.263,0.584,136.067,4
spotify:track:4xTqgN4ej7EHMd0gWXJdrI,"Roller Coaster","Offset","청하",2018-01-17,212136,0,false,11156981936,2021-02-19T15:22:00Z,"케이팝","Stone Music Entertainment",0.633,0.907,6,-1.462,0,0.0499,0.318,0,0.221,0.739,129.995,4
spotify:track:5C2d3tz8WACjmw7T6TthQ2,"LIP & HIP","Lip & Hip","현아",2017-12-04,209746,54,false,11156981936,2021-02-19T15:22:00Z,"케이팝","CUBE ENTERTAINMENT",0.742,0.847,11,-2.763,0,0.0485,0.00117,0.00000849,0.142,0.516,112.95,4
spotify:track:7jctPW5gAlj07A69fzS8m1,"Rumor","PRODUCE 48 - 30 Girls 6 Concepts","H.I.N.P (Hot Issue of Ntl. Producers)",2018-08-18,197076,0,false,11156981936,2021-02-19T15:22:00Z,"케이팝","Stone Music Entertainment",0.741,0.862,9,-3.02,0,0.0816,0.123,0.00000145,0.353,0.529,101.944,4
spotify:track:0xq4ZTcmwBfkPGo4RRKmMe,"Gotta Go","Gotta Go","청하",2019-01-02,221813,0,false,11156981936,2021-02-19T15:22:00Z,"케이팝","Genie Music Corporation, Stone Music Entertainment",0.53,0.829,3,-2.526,0,0.0445,0.0741,0,0.0993,0.423,101.85,4
spotify:track:4SpQDJz1JiRT2mHxvyqN9K,"%%(응응)","PERCENT","Apink",2019-01-07,208104,52,false,11156981936,2021-02-19T15:22:00Z,"케이팝","Above Music",0.647,0.855,5,-2.944,0,0.037,0.294,0,0.137,0.683,144.867,4
spotify:track:5HiSc2ZCGn8L3cH3qSwzBT,"러시안 룰렛 (Russian Roulette)","Russian Roulette - The 3rd Mini Album","Red Velvet",2016-09-07,211243,72,false,11156981936,2021-02-19T15:22:00Z,"케이팝","SM Entertainment",0.726,0.903,7,-2.277,0,0.0357,0.055,0.000225,0.158,0.958,129.986,4
spotify:track:2LowwiemmGMzzNSH1PJprK,"It's Definitely You","HWARANG, Pt. 2 (Music from the Original TV Series)","V;진",2016-12-20,230693,1,false,11156981936,2021-02-19T15:22:00Z,"케이팝","OH!BOY PROJECT",0.737,0.731,10,-3.193,0,0.0706,0.241,0,0.087,0.761,94.999,4
spotify:track:6z1kLsntE7FuzKZHZWrXYN,"instagram","instagram","DEAN",2017-12-26,255728,65,false,11156981936,2021-02-19T15:22:00Z,"한국 랩,케이팝","Universal Music Ltd.",0.463,0.566,8,-6.195,1,0.145,0.196,0,0.284,0.219,93.921,4
spotify:track:4fAUUc8y2ZQcwKLGHidZsa,"Dramatic","Dramatic","BVNDIT",2019-05-15,205567,0,false,11156981936,2021-02-19T15:22:00Z,"케이팝","Genie Music Corporation, Stone Music Entertainment",0.719,0.884,5,-4.339,0,0.0473,0.0154,0.00000342,0.413,0.728,99.98,4
spotify:track:4xjVP2Vogo0C72o6Nevq0W,"RBB (Really Bad Boy)","RBB - The 5th Mini Album","Red Velvet",2018-11-30,188785,53,false,11156981936,2021-02-19T15:22:00Z,"케이팝","SM Entertainment",0.719,0.85,2,-3.229,1,0.0317,0.012,0.000239,0.114,0.367,150.059,4
spotify:track:4WuKHgxdCJsaOBIh7yndty,"MIROH","Clé 1 : MIROH","Stray Kids",2019-03-25,207617,0,false,11156981936,2021-02-19T15:22:00Z,"케이팝,노이즈 음악","JYP Entertainment",0.563,0.979,9,-3.104,1,0.104,0.00911,0,0.249,0.503,126.063,4
spotify:track:0dSE54vYYvRNWzVTxE2xTL,"Me & You","WE","EXID",2019-05-15,203506,45,false,11156981936,2021-02-19T15:22:00Z,"케이팝","BANANA CULTURE",0.709,0.911,7,-2.611,1,0.0593,0.0572,0.00000473,0.0732,0.779,106.972,4
spotify:track:3FoiMgXMrO3D5FeJuotKyZ,"Eclipse","SPINNING TOP : BETWEEN SECURITY & INSECURITY","GOT7",2019-05-20,209519,0,false,11156981936,2021-02-19T15:22:00Z,"케이팝","JYP Entertainment",0.596,0.893,1,-3.43,0,0.16,0.0417,0,0.315,0.526,79.889,4
spotify:track:4X0kjAmFgu6zX5Uwl4lnwa,"Hocus Pocus","BVNDIT, BE AMBITIOUS!","BVNDIT",2019-04-10,207966,0,false,11156981936,2021-02-19T15:22:00Z,"케이팝","Genie Music Corporation, Stone Music Entertainment",0.719,0.885,6,-1.905,1,0.0629,0.0729,0,0.107,0.791,105.99,4
spotify:track:2U6RSyXFnDVNYoD9iUgi09,"밤밤(Bomb Bomb)","KARD 1st Digital Single ‘밤밤(Bomb Bomb)’","카드",2019-03-27,163508,51,false,11156981936,2021-02-19T15:22:00Z,"케이팝","DSP Media",0.76,0.842,6,-5.558,1,0.131,0.0677,0.000123,0.313,0.882,102.987,4
spotify:track:5MwfxCtqMFGYp9Nc1BkTrS,"Wow Thing","Wow Thing","슬기;청하;신비;소연",2018-09-28,171998,50,false,11156981936,2021-02-19T15:22:00Z,"케이팝","SM Entertainment",0.703,0.894,5,-3.52,0,0.281,0.115,0,0.363,0.737,104.043,4
spotify:track:0K2UTvyyBPSmr0IccCWNZm,"Hush","Hush","미쓰에이",2013-11-06,186799,0,false,11156981936,2021-02-19T15:22:00Z,"케이팝","JYP Entertainment",0.769,0.807,5,-3.453,0,0.0494,0.275,0,0.199,0.673,125.999,4
spotify:track:2ujZatFh8uZMkiBTu2z7AH,"Good to Me","SEVENTEEN 6TH MINI ALBUM 'YOU MADE MY DAWN'","세븐틴",2019-01-21,189714,0,false,11156981936,2021-02-19T15:22:00Z,"케이팝","PLEDIS ENTERTAINMENT",0.647,0.832,11,-3.969,0,0.0683,0.145,0,0.0465,0.82,140.05,4
spotify:track:4XbyRgWe6yU4wE6WShdTEs,"BREATHE","B:COMPLETE","AB6IX",2019-05-22,217823,46,false,11156981936,2021-02-19T15:22:00Z,"케이팝","WM Korea",0.818,0.849,9,-4.399,0,0.206,0.0641,0,0.0839,0.605,124.954,4
spotify:track:2WDhYlm5gBepkMZHBk0LN7,"AH YEAH","WE","WINNER",2019-05-15,176906,0,false,11156981936,2021-02-19T15:22:00Z,"케이팝","YG Entertainment",0.797,0.722,7,-5.051,1,0.0388,0.356,0,0.177,0.878,128.01,4
spotify:track:0lhZsFfTpITnjK5q8lrDLR,"NO ONE","24℃","이하이;B.I",2019-05-30,194596,0,false,11156981936,2021-02-19T15:22:00Z,"K-발라드,케이팝,한국 랩","YG Entertainment",0.745,0.613,11,-5.368,0,0.0427,0.226,0,0.0664,0.542,91.997,4
spotify:track:4baWaXmm0BFFT3Qe3uSvs9,"Superhuman","NCT #127 WE ARE SUPERHUMAN - The 4th Mini Album","NCT 127",2019-05-24,237853,0,false,11156981936,2021-02-19T15:22:00Z,"케이팝,노이즈 음악","SM Entertainment Co., Ltd.",0.679,0.797,2,-4.627,1,0.338,0.0438,0,0.0748,0.609,117.018,4
spotify:track:2pmbxzWBNM6j5p9CQH32f1,"Alligator","Take.2 We Are Here.","몬스타엑스",2019-02-18,192515,46,false,11156981936,2021-02-19T15:22:00Z,"케이팝,노이즈 음악","Starship Entertainment",0.71,0.945,5,-1.682,0,0.07,0.0654,0,0.111,0.716,98.032,4
spotify:track:0oNFVyzwK6TFdFHSsD1dmC,"발키리 (Valkyrie)","LIGHT US","원어스",2019-01-09,207585,48,false,11156981936,2021-02-19T15:22:00Z,"케이팝,한국 록,노이즈 음악","RBW, Inc",0.731,0.817,9,-3.906,0,0.121,0.0254,0,0.147,0.657,127.952,4
spotify:track:1e7eOq89QU6vGYCJp9yW2L,"해야 (Sunrise)","여자친구 The 2nd Album 'Time for us'","여자친구",2019-01-14,216488,0,false,11156981936,2021-02-19T15:22:00Z,"케이팝","SOURCE MUSIC",0.453,0.849,6,-1.337,0,0.125,0.428,0,0.1,0.638,173.917,4
spotify:track:0aLG42zaidNkblhiQgJknP,"WANT","WANT - The 2nd Mini Album","태민",2019-02-11,208967,55,false,11156981936,2021-02-19T15:22:00Z,"케이팝","SM Entertainment",0.64,0.757,7,-5.532,1,0.0689,0.0261,0,0.127,0.413,104.943,4
spotify:track:6vHyPhg8fgclBiY8QN68wp,"PIRI","The End of Nightmare","드림캐쳐",2019-02-13,206819,0,false,11156981936,2021-02-19T15:22:00Z,"한국 록,케이팝","DREAMCATCHER COMPANY",0.507,0.869,2,-2.245,0,0.0594,0.18,0,0.474,0.507,170.043,4
spotify:track:4x5l1gjNcoBhhWBPEMo7OQ,"Love U","Blooming Blue","청하",2018-07-18,190920,0,false,11156981936,2021-02-19T15:22:00Z,"케이팝","Stone Music Entertainment",0.774,0.919,8,-0.509,0,0.0701,0.332,0,0.1,0.69,120.033,4
spotify:track:5vCuawHQ8Poch1odz9JDpB,"Ice Cream Cake","Ice Cream Cake - The 1st Mini Album","Red Velvet",2015-03-17,191440,56,false,11156981936,2021-02-19T15:22:00Z,"케이팝","SM Entertainment",0.58,0.935,9,-3.348,1,0.189,0.0318,0,0.0977,0.603,172.023,4
spotify:track:3jsWXhE5NuPWQ4IHplv2zt,"BIRTHDAY","BIRTHDAY","전소미",2019-06-13,185796,1,false,11156981936,2021-02-19T15:22:00Z,"케이팝","THE BLACK LABEL",0.687,0.843,7,-4.242,1,0.109,0.0163,0.00000996,0.0372,0.597,180.055,4
spotify:track:7HWmJ1wBecOAMNGjC6SmKE,"WHISTLE","SQUARE ONE","BLACKPINK",2016-08-08,211696,1,false,11156981936,2021-02-19T15:22:00Z,"케이팝","YG Entertainment",0.822,0.712,11,-4.877,1,0.15,0.00682,0,0.0955,0.647,102.874,4
spotify:track:4qzBepJAKtYu4T1GDtBZZc,"눈,코,입 (Eyes, Nose, Lips)","RISE","태양",2014-06-13,229989,0,false,11156981936,2021-02-19T15:22:00Z,"케이팝","YG Entertainment",0.631,0.516,0,-5.759,1,0.0378,0.738,0,0.264,0.254,143.777,4
spotify:track:1trFxVLL8WKhYap543e74l,"Airplane pt.2","Love Yourself 轉 'Tear'","방탄소년단",2018-05-18,218614,0,false,11156981936,2021-02-19T15:22:00Z,"케이팝","BIGHIT MUSIC / HYBE",0.769,0.817,0,-4.092,0,0.0339,0.0268,0.0000995,0.084,0.866,139.979,4
spotify:track:2jL9sjFc2LZsQBGbQnrjXR,"밤 (Time for the moon night)","여자친구 The 6th Mini Album 'Time for the moon night'","여자친구",2018-04-30,226698,1,false,11156981936,2021-02-19T15:22:00Z,"케이팝","SOURCE MUSIC",0.455,0.827,6,-1.201,1,0.0573,0.325,0,0.0473,0.681,169.929,4
spotify:track:6wyr4ReB05D9sJB1Rsmcqo,"Chicken Noodle Soup (feat. Becky G)","Chicken Noodle Soup (feat. Becky G)","j-hope;Becky G",2019-09-27,235497,0,false,11156981936,2021-02-19T15:22:00Z,"케이팝,한국 랩,레게톤,라틴","BIGHIT MUSIC / HYBE",0.826,0.817,2,-4.081,1,0.0921,0.00502,0.0000109,0.294,0.168,97.053,4
spotify:track:6sWd8ZAH5bWWyjwb7ZV2Zb,"LALALAY 날라리","LALALAY 날라리","선미",2019-08-27,174880,0,false,11156981936,2021-02-19T15:22:00Z,"케이팝","MAKEUS ENTERTAINMENT",0.699,0.806,11,-4.818,0,0.0494,0.00133,0,0.0579,0.615,110.014,4
spotify:track:5zypKmEPNSSfH4JTn9s68n,"다섯 번째 계절 (SSFWL)","THE FIFTH SEASON","오마이걸",2019-05-08,240386,0,false,11156981936,2021-02-19T15:22:00Z,"케이팝","WM ENTERTAINMENT",0.56,0.895,11,-2.795,0,0.0505,0.451,0,0.64,0.518,125.952,4
spotify:track:6x7fux7bZEfnChKx3nhSZn,"오늘부터 우리는 (ME GUSTAS TU)","여자친구 2nd Mini Album 'Flower Bud'","여자친구",2015-07-23,220745,2,false,11156981936,2021-02-19T15:22:00Z,"케이팝","SOURCE MUSIC",0.646,0.923,8,-1.309,1,0.0613,0.166,0,0.0507,0.703,106.086,4
spotify:track:3yHQKddM8SVCRnuPSo3HPN,"BOOMBAYAH","SQUARE ONE","BLACKPINK",2016-08-08,240848,2,false,11156981936,2021-02-19T15:22:00Z,"케이팝","YG Entertainment",0.658,0.836,5,-3.282,0,0.0549,0.00264,0.00000102,0.507,0.387,124.969,4
spotify:track:5UX7u7znDeHnDa3iynEhcm,"가자 (LIT)","FLY WITH US","원어스",2019-09-30,229906,47,false,11156981936,2021-02-19T15:22:00Z,"케이팝,한국 록,노이즈 음악","RBW Inc.",0.772,0.859,11,-3.273,0,0.0679,0.186,0,0.309,0.845,131.976,4
spotify:track:2LwH6T39A5IODRgPv9XitR,"옥탑방 (Rooftop)","FLY HIGH PROJECT #2 '옥탑방'","엔플라잉",2019-01-02,210652,54,false,11156981936,2021-02-19T15:22:00Z,"한국 록,케이팝","FNC Entertainment",0.692,0.9,0,-2.188,1,0.051,0.532,0,0.235,0.915,96.989,4
spotify:track:56bHclo7YNvpujMveLElQn,"Forever Young","SQUARE UP","BLACKPINK",2018-06-15,237076,1,false,11156981936,2021-02-19T15:22:00Z,"케이팝","2018 YG Entertainment, distributed through Interscope Records",0.592,0.961,4,-1.807,1,0.096,0.0423,0,0.0882,0.508,109.826,4
spotify:track:1w7Xbv3It3oI7dz4OrKazn,"숨이 차","SEVENTEEN 6TH MINI ALBUM 'YOU MADE MY DAWN'","세븐틴",2019-01-21,183580,0,false,11156981936,2021-02-19T15:22:00Z,"케이팝","PLEDIS ENTERTAINMENT",0.64,0.932,11,-4.138,0,0.123,0.0416,0,0.101,0.2,159.92,4
spotify:track:6sOBI67H8F3S1cNS6CM5p7,"네 멋대로","Like a V","PRISTIN V",2018-05-28,207040,51,false,11156981936,2021-02-19T15:22:00Z,"케이팝","PLEDIS ENTERTAINMENT",0.463,0.883,7,-3.245,1,0.224,0.212,0,0.213,0.439,99.021,4
spotify:track:02UNF1uo5f0UNgc1qx5XGt,"REALLY REALLY","FATE NUMBER FOR","WINNER",2017-04-04,203056,0,false,11156981936,2021-02-19T15:22:00Z,"케이팝","YG Entertainment",0.765,0.769,2,-3.16,1,0.0595,0.167,0,0.0854,0.581,103.006,4
spotify:track:49euWwcjQTzVCynY53tvH5,"불티 (Spark)","Purpose - The 2nd Album","태연",2019-10-28,217926,50,false,11156981936,2021-02-19T15:22:00Z,"케이팝,K-발라드","SM Entertainment",0.739,0.746,1,-4.534,0,0.0283,0.193,0,0.222,0.494,105.956,4
spotify:track:2aI2k39nfa3KFsa4JclQzw,"DDU-DU DDU-DU","SQUARE UP","BLACKPINK",2018-06-15,209355,2,false,11156981936,2021-02-19T15:22:00Z,"케이팝","2018 YG Entertainment, distributed through Interscope Records",0.671,0.859,4,-3.922,0,0.0833,0.0313,0,0.267,0.39,139.931,4
spotify:track:4ytyLpIwUXbdFsNOvgNnmP,"사계 (Four Seasons)","사계 (Four Seasons)","태연",2019-03-24,188237,54,false,11156981936,2021-02-19T15:22:00Z,"케이팝,K-발라드","SM Entertainment",0.596,0.768,6,-4.948,1,0.145,0.0548,0,0.154,0.673,173.99,4
spotify:track:65pVi11JqwSZqUuYAqLP36,"Movie Star","HELLO Chapter 1: Hello, Stranger","CIX",2019-07-23,210506,52,false,11156981936,2021-02-19T15:22:00Z,"케이팝","WM Korea",0.718,0.89,3,-3.798,0,0.0553,0.107,0,0.462,0.741,111.967,4
spotify:track:7vZseKiQOIuFxxfi84302k,"Double Knot","Double Knot","Stray Kids",2019-10-09,189771,0,false,11156981936,2021-02-19T15:22:00Z,"케이팝,노이즈 음악","JYP Entertainment",0.716,0.814,5,-2.889,0,0.35,0.0486,0,0.607,0.575,146.925,4
spotify:track:7ehFSpcDs3PBExiLPwXQP9,"미쳐","Crazy","4Minute",2015-02-09,192400,0,false,11156981936,2021-02-19T15:22:00Z,"케이팝","CUBE ENTERTAINMENT",0.54,0.929,7,-2.646,1,0.278,0.00589,0.00000401,0.424,0.624,176.023,4
spotify:track:1LShDXXs40R8bQFNBBupI3,"PICK ME","PRODUCE 48 - NEKKOYA (PICK ME)","PRODUCE 48",2018-05-10,279423,0,false,11156981936,2021-02-19T15:22:00Z,"케이팝","Stone Music Entertainment",0.649,0.862,6,-3.903,1,0.0487,0.0218,0,0.066,0.594,128.051,4
spotify:track:5WitNasXEIRptoLIQUcXMx,"데칼코마니","MEMORY","마마무",2016-11-07,215997,55,false,11156981936,2021-02-19T15:22:00Z,"케이팝","Genie Music Corporation, Stone Music Entertainment",0.648,0.859,10,-2.384,1,0.0472,0.113,0,0.448,0.541,115.434,4
spotify:track:4N5jdijK8DSBbBd4A30DUe,"TOUCHIN'","TOUCHIN'","강다니엘",2019-11-25,185760,35,false,11156981936,2021-02-19T15:22:00Z,"케이팝","KONNECT Ent.",0.719,0.652,2,-4.222,0,0.0409,0.0322,0.00000465,0.27,0.823,112.005,4
spotify:track:3CVeGXpoPKJQ9JuhPp3mpL,"시간을 달려서 (ROUGH)","여자친구 3rd Mini Album 'SNOWFLAKE'","여자친구",2016-01-25,209104,0,false,11156981936,2021-02-19T15:22:00Z,"케이팝","SOURCE MUSIC",0.613,0.912,8,-2.464,1,0.0366,0.152,0,0.111,0.734,112.005,4
spotify:track:1ZFQugO7BqYJjw8FVQHcze,"Look","Eyes On You","GOT7",2018-03-12,194535,0,false,11156981936,2021-02-19T15:22:00Z,"케이팝","JYP Entertainment",0.643,0.913,5,-1.724,0,0.157,0.113,0,0.383,0.734,119.938,4
spotify:track:19t5GSN3XsLB7UOsZD8Fwv,"박수","SEVENTEEN 2ND ALBUM 'TEEN, AGE' (2)","세븐틴",2017-11-06,167797,62,false,11156981936,2021-02-19T15:22:00Z,"케이팝","PLEDIS ENTERTAINMENT",0.722,0.918,8,-2.952,1,0.0607,0.141,0,0.409,0.831,100.024,4
spotify:track:38dC0QJ7eBKb3F27O0i0LT,"Highway to Heaven","NCT #127 WE ARE SUPERHUMAN - The 4th Mini Album","NCT 127",2019-05-24,200573,0,false,11156981936,2021-02-19T15:22:00Z,"케이팝,노이즈 음악","SM Entertainment Co., Ltd.",0.642,0.729,6,-5.005,1,0.056,0.0297,0,0.102,0.536,112.966,4
spotify:track:1Rrj7KyS2R6SP9CQMDJW1w,"아주 NICE","Love&Letter repackage album","세븐틴",2016-07-04,192092,68,false,11156981936,2021-02-19T15:22:00Z,"케이팝","PLEDIS ENTERTAINMENT",0.746,0.898,3,-2.818,0,0.0725,0.0526,0,0.0858,0.879,121.967,4
spotify:track:4v2BLMhWtVvBnZwuoiKxja,"HALA HALA (Hearts Awakened, Live Alive)","TREASURE EP.2 : Zero To One","ATEEZ",2019-01-15,202097,29,false,11156981936,2021-02-19T15:22:00Z,"케이팝,노이즈 음악","KQ Entertainment",0.57,0.778,9,-4.178,0,0.191,0.0153,0,0.188,0.294,159.905,4
spotify:track:6gALSAMuXm5du6TuKGj6o7,"Airplane","Hope World","j-hope",2018-03-02,197913,0,false,11156981936,2021-02-19T15:22:00Z,"케이팝,한국 랩","BIGHIT MUSIC / HYBE",0.801,0.65,0,-7.855,1,0.0576,0.649,0,0.109,0.237,119.993,4
spotify:track:2UP7KnRSvc4taXbjOoSX0f,"Say My Name","TREASURE EP.2 : Zero To One","ATEEZ",2019-01-15,222023,35,false,11156981936,2021-02-19T15:22:00Z,"케이팝,노이즈 음악","KQ Entertainment",0.634,0.9,6,-2.614,0,0.0574,0.212,0,0.317,0.621,152.947,4
spotify:track:4tzkSoh450XnimhNWVmBhg,"Never Ever","FLIGHT LOG : ARRIVAL","GOT7",2017-03-13,194407,0,false,11156981936,2021-02-19T15:22:00Z,"케이팝","JYP Entertainment",0.794,0.835,5,-2.043,0,0.0961,0.266,0,0.0979,0.771,101.039,4
spotify:track:2Hy7yP6pcZOzLNO4aUB4uz,"MOVE - X1 Version","QUANTUM LEAP","X1",2019-08-27,185400,0,false,11156981936,2021-02-19T15:22:00Z,"케이팝","Genie Music Corporation",0.707,0.8,8,-3.486,1,0.145,0.093,0,0.74,0.766,106.966,4
spotify:track:2Oi0IO8K4BEbhPUdWcjNmv,"너 그리고 나 (NAVILLERA)","여자친구 The 1st Album 'LOL'","여자친구",2016-07-11,193579,0,false,11156981936,2021-02-19T15:22:00Z,"케이팝","SOURCE MUSIC",0.642,0.957,6,-0.944,0,0.05,0.0438,0,0.273,0.801,125.008,4
spotify:track:405SQUJdQut02dxtuQ0CZ3,"Lion Heart","Lion Heart - The 5th Album","소녀시대",2015-08-19,224257,61,false,11156981936,2021-02-19T15:22:00Z,"케이팝","SM Entertainment",0.754,0.788,2,-3.175,1,0.0322,0.129,0.00274,0.0775,0.961,124.992,4
spotify:track:4ER58qECydWokIsgqtysWu,"Just Right","Just Right","GOT7",2015-07-13,222398,0,false,11156981936,2021-02-19T15:22:00Z,"케이팝","JYP Entertainment",0.76,0.781,11,-2.881,0,0.0641,0.233,0,0.106,0.736,95.97,4
spotify:track:0ErzcmZ2gIwX7X0xSMQPix,"BOSS","NCT 2018 EMPATHY","NCT;NCT U",2018-03-14,210641,60,false,11156981936,2021-02-19T15:22:00Z,"케이팝,노이즈 음악","SM Entertainment",0.787,0.543,10,-6.7,0,0.037,0.0233,0,0.0861,0.332,99.026,4
spotify:track:7oEm5Q1virEUB9H0XjWZzF,"Don’t Need Your Love","Don’t Need Your Love","NCT DREAM;HRVY",2019-06-06,201880,65,false,11156981936,2021-02-19T15:22:00Z,"케이팝,노이즈 음악","SM Entertainment",0.619,0.881,7,-4.683,1,0.0834,0.0632,0,0.103,0.769,160.145,3
spotify:track:3o8QzWsiiqTUVgBZfHgF58,"Cherry Bomb","NCT #127 CHERRY BOMB - The 3rd Mini Album","NCT 127",2017-06-14,236667,61,false,11156981936,2021-02-19T15:22:00Z,"케이팝,노이즈 음악","SM Entertainment",0.713,0.603,6,-4.896,0,0.287,0.000759,0.00000551,0.0453,0.799,78.027,4
spotify:track:26EM9sZnQkLLQxixGd88KE,"I Am The Best","I Am The Best","2NE1",2014-12-09,208730,64,false,11156981936,2021-02-19T15:22:00Z,"케이팝","Capitol Records (CAP)",0.819,0.844,0,-3.739,1,0.038,0.00767,0.00834,0.056,0.687,127.997,4
spotify:track:339xlPKDLkEkFBFkMfAFfJ,"My Pace","I am WHO","Stray Kids",2018-08-06,189325,0,false,11156981936,2021-02-19T15:22:00Z,"케이팝,노이즈 음악","JYP Entertainment",0.682,0.831,11,-4.234,0,0.253,0.0569,0,0.0927,0.785,155.12,4
spotify:track:1BSncOsSJPQkpl29QM0ipj,"DRAMARAMA","THE CODE","몬스타엑스",2017-11-07,186295,53,false,11156981936,2021-02-19T15:22:00Z,"케이팝,노이즈 음악","Starship Entertainment",0.571,0.779,8,-2.864,1,0.111,0.135,0,0.202,0.261,186.154,4
spotify:track:46E1ic6n099e76t5J1TbHn,"View","Odd - The 4th Album","SHINee",2015-05-18,190821,58,false,11156981936,2021-02-19T15:22:00Z,"케이팝","SM Entertainment",0.728,0.801,6,-4.428,0,0.0439,0.04,0,0.0415,0.656,123.953,4
spotify:track:2PsuktMveOXllYMbAy5dEj,"Hello Bitches","Hello Bitches","CL",2015-12-05,178177,0,false,11156981936,2021-02-19T15:22:00Z,"케이팝,한국 랩","YG Entertainment",0.714,0.884,11,-2.932,1,0.113,0.00983,0,0.439,0.584,145.074,4
spotify:track:3Hd6zm1J4bVeu4VXwaDQL3,"싫어 (Hate)","Act. 7","4Minute",2016-02-01,216333,49,false,11156981936,2021-02-19T15:22:00Z,"케이팝","CUBE ENTERTAINMENT",0.686,0.902,6,-3.78,0,0.163,0.0474,0.00000102,0.201,0.615,149.96,4
spotify:track:2ZVQY4mXF3eHTu1RBnBZl0,"Secret Garden","SECRET GARDEN","오마이걸",2018-01-09,244022,0,false,11156981936,2021-02-19T15:22:00Z,"케이팝","WM Entertainment",0.595,0.831,7,-4.034,1,0.0398,0.0622,0,0.552,0.433,105.081,4
spotify:track:2dYl2SI3sLyUffzxVBaZBz,"Knock Knock","Twicecoaster: Lane 2","TWICE",2017-02-20,195746,0,false,11156981936,2021-02-19T15:22:00Z,"케이팝","Imperial Distribution",0.673,0.968,1,-2.636,0,0.131,0.0242,0,0.0587,0.476,129.972,4
spotify:track:6XP9L7di5JnOc9WaeAW8oe,"행복 (Happiness)","행복(Happiness)","Red Velvet",2014-08-01,220986,57,false,11156981936,2021-02-19T15:22:00Z,"케이팝","SM Entertainment",0.727,0.871,10,-3.099,0,0.158,0.323,0.00000621,0.725,0.681,121.438,4
spotify:track:6ZizEG2wtzeHrgKEv1eBmD,"So Hot","So Hot","원더걸스",2008-06-03,181328,0,false,11156981936,2021-02-19T15:22:00Z,"케이팝","JYP Entertainment",0.879,0.695,1,-5.87,0,0.0521,0.0192,0.00976,0.0515,0.963,139.985,4
spotify:track:7JD3gqq0DA5l9xUmVCpJWu,"New Face","PSY 8th 4X2=8","싸이",2017-05-10,190233,0,false,11156981936,2021-02-19T15:22:00Z,"케이팝","YG Entertainment",0.836,0.728,0,-3.449,0,0.0563,0.0079,0.0000294,0.0564,0.444,131.969,4
spotify:track:53YZi9zgTnF0Py0K6ejyWz,"Power","THE POWER OF MUSIC – The 4th Album ‘THE WAR’ Repackage","EXO",2017-09-05,222405,55,false,11156981936,2021-02-19T15:22:00Z,"케이팝","SM Entertainment",0.657,0.943,7,-3.031,1,0.0856,0.0315,0,0.149,0.76,127.958,4
spotify:track:2rFRa1eJ8RqlINbJCZwdtt,"유리구슬 (GLASS BEAD)","여자친구 1st Mini Album 'Season Of Glass'","여자친구",2015-01-15,203482,0,false,11156981936,2021-02-19T15:22:00Z,"케이팝","SOURCE MUSIC",0.695,0.87,6,-2.66,1,0.0359,0.2,0,0.0512,0.697,114.022,4
spotify:track:7cbZIBLhfD9taMBgEsIhIp,"고맙다","SEVENTEEN SPECIAL ALBUM 'DIRECTOR'S CUT’","세븐틴",2018-02-05,213072,57,false,11156981936,2021-02-19T15:22:00Z,"케이팝","PLEDIS ENTERTAINMENT",0.513,0.867,8,-3.729,1,0.0632,0.0631,0,0.34,0.536,149.967,4
spotify:track:5Jl2i6LR3Socm4TYqRzZw3,"Pirate King","TREASURE EP.1 : All to Zero","ATEEZ",2018-10-24,195989,33,false,11156981936,2021-02-19T15:22:00Z,"케이팝,노이즈 음악","KQ Entertainment",0.508,0.947,3,-3.845,0,0.123,0.0427,0.00000357,0.344,0.496,173.004,4
spotify:track:7C31PdvTuSvEFqn2sKISsX,"Blue Orangeade","The Dream Chapter: STAR","투모로우바이투게더",2019-03-04,185520,0,false,11156981936,2021-02-19T15:22:00Z,"케이팝","Imperial Distribution",0.758,0.848,0,-3.601,1,0.0572,0.00611,0,0.143,0.42,111.015,4
spotify:track:1vH3GM0b9BqBCZ0ACVa7XA,"Drama","The Dream Chapter: ETERNITY","투모로우바이투게더",2020-05-18,209563,0,false,11156981936,2021-02-19T15:22:00Z,"케이팝","Imperial Distribution",0.632,0.961,1,-2.392,0,0.0688,0.0705,0,0.26,0.714,126.001,4
spotify:track:6jjd5vJtgKwzMtxJeTlLqH,"IF YOU","MADE","BIGBANG",2016-12-13,264280,0,false,11156981936,2021-02-19T15:22:00Z,"케이팝","YG Entertainment",0.669,0.447,1,-6.271,1,0.0305,0.524,0,0.167,0.17,141.808,4
spotify:track:0mve4vxmwumqI6gnw7euma,"No Air","THE BOYZ 3rd MINI ALBUM [THE ONLY]","더보이즈",2018-11-29,244089,48,false,11156981936,2021-02-19T15:22:00Z,"케이팝,노이즈 음악","Above Music",0.733,0.859,11,-3.773,0,0.0434,0.0871,0,0.121,0.396,102.025,4
spotify:track:3VTKwL1uS2JGotaJA4oXXB,"Pretty Savage","THE ALBUM","BLACKPINK",2020-10-02,199122,0,false,11156981936,2021-02-19T15:22:00Z,"케이팝","Universal Music LLC",0.699,0.588,9,-6.533,0,0.0402,0.00807,0.000131,0.107,0.35,151.971,4
spotify:track:3THdOskGxdJcRbp0DcS4s0,"오르골 (Life Is Still Going On)","Hello Future - The 1st Album Repackage","NCT DREAM",2021-06-28,218586,63,false,11156981936,2024-01-11T09:13:33Z,"케이팝,노이즈 음악","SM Entertainment",0.681,0.749,0,-3.436,0,0.0701,0.158,0,0.303,0.676,150.039,4
spotify:track:14tNUeer5gUbUYvhYYTclS,"REVEAL","THE BOYZ 1ST ALBUM [REVEAL]","더보이즈",2020-02-10,202453,51,false,11156981936,2024-01-26T16:13:32Z,"케이팝,노이즈 음악","Above Music",0.624,0.952,9,-1.38,0,0.108,0.0822,0,0.132,0.569,95.043,4
spotify:track:245onUPHGD1DYuiacxTuW0,"사장님 도박은 재미로 하셔야 합니다","사장님 도박은 재미로 하셔야 합니다","비비",2020-04-29,185946,59,false,11156981936,2024-01-30T17:49:30Z,"케이팝,한국 랩","FeelGhoodMusic",0.625,0.686,6,-3.715,0,0.0414,0.139,0,0.11,0.263,133.041,4
spotify:track:5w18nowVMRZrC5Na9Vxoth,"쏘리 쏘리(SORRY, SORRY)","쏘리 쏘리 Sorry, Sorry - The 3rd Album","SUPER JUNIOR",2009-03-11,232333,63,false,11156981936,2024-02-02T17:00:32Z,"케이팝","SM Entertainment",0.706,0.972,11,-2.359,0,0.0352,0.0226,0.00000257,0.267,0.962,129.946,4
spotify:track:6QTBYKLlV2PQniwAWrBV2z,"Mr. Simple","Mr. Simple - The 5th Album","SUPER JUNIOR",2011-08-02,241826,62,false,11156981936,2024-02-02T17:00:32Z,"케이팝","SM Entertainment",0.913,0.745,1,-2.837,1,0.0506,0.000219,0.00208,0.0622,0.795,127.996,4
spotify:track:3y7ByLZ05tluscOTRgEJ9Y,"팔레트 (feat. G-DRAGON)","Palette","아이유;G-DRAGON",2017-04-21,217412,62,false,11156981936,2024-02-02T18:12:21Z,"케이팝,K-발라드,한국 랩","Fave Entertainment",0.804,0.68,0,-3.81,1,0.2,0.458,0,0.102,0.62,102.013,4
spotify:track:3jsYQw78lrxJA2ysnmOIf9,"썸 탈꺼야","Red Diary Page.1","볼빨간사춘기",2017-09-28,181373,67,false,11156981936,2024-02-02T18:12:29Z,"케이팝,K-발라드","쇼파르뮤직",0.659,0.799,1,-2.849,0,0.0629,0.417,0,0.0562,0.782,103.991,4
spotify:track:4sRQg2aoec0VIvQ7GZPGMy,"The Boys","The Boys - The 3rd Album","소녀시대",2011-10-19,228880,63,false,11156981936,2024-02-02T18:14:17Z,"케이팝","SM Entertainment",0.885,0.937,1,-0.678,0,0.0898,0.142,0,0.103,0.878,114.974,4
spotify:track:2WkPfNd237yc0l5KewCDpp,"I GOT A BOY","I GOT A BOY - The 4th Album","소녀시대",2013-01-01,271325,60,false,11156981936,2024-02-02T18:14:49Z,"케이팝","SM Entertainment",0.502,0.863,4,-1.273,0,0.272,0.0342,0,0.538,0.527,97.911,4
spotify:track:2UuKZDzjZ7cVMOvpmuAMYj,"Tell Me","The Wonder Years","원더걸스",2007-09-12,217000,73,false,11156981936,2024-02-02T18:16:06Z,"케이팝","Republic Records - JYP Entertainment",0.792,0.924,6,-6.866,0,0.0327,0.104,0.000224,0.336,0.968,127.003,4
spotify:track:5crARIrvoMiMf2AdlD78WN,"TOUCH MY BODY","TOUCH N MOVE","씨스타",2014-07-21,206500,59,false,11156981936,2024-02-02T18:16:39Z,"케이팝","Starship Entertainment",0.633,0.915,9,-2.347,1,0.106,0.0437,0,0.107,0.622,128.033,4
spotify:track:0iWFz0Q5Qha9bx325ocFWq,"Best Lover","Head In The Clouds Forever","88rising;비비",2022-04-16,152910,0,true,11156981936,2024-02-02T18:18:11Z,"케이팝,한국 랩","88rising Music/Warner Records",0.74,0.663,7,-5.393,1,0.272,0.268,0,0.121,0.519,82.004,4
spotify:track:0zPbUxvYRlCGwruakkXPLI,"BAD SAD AND MAD","인생은 나쁜X","비비",2021-04-28,154988,53,false,11156981936,2024-02-02T18:18:19Z,"케이팝,한국 랩","FeelGhoodMusic",0.746,0.558,0,-7.47,0,0.088,0.545,0.00019,0.0904,0.638,90.013,4
spotify:track:1EkLacfCJIJcHkJvxlkJKE,"Bad Girl Good Girl","A Class","미쓰에이",2011-07-18,217560,62,false,11156981936,2024-02-02T18:24:36Z,"케이팝","Republic Records - JYP Entertainment",0.793,0.805,10,-4.224,1,0.0438,0.1,0.0000911,0.0641,0.508,135.987,4
spotify:track:4hxNs73449mNhfLIvAC9zz,"Love Killa","Fatal Love","몬스타엑스",2020-11-02,182533,54,false,11156981936,2024-02-03T03:43:14Z,"케이팝,노이즈 음악","Starship Entertainment",0.451,0.867,4,-3.316,0,0.459,0.0785,0,0.348,0.511,89.108,4
spotify:track:2Yzb7XLjtfZCeVm6XYH55s,"If You Do","MAD Winter Edition","GOT7",2015-11-23,210834,61,false,11156981936,2024-02-03T03:45:51Z,"케이팝","Republic Records - JYP Entertainment",0.693,0.886,8,-1.642,1,0.0766,0.0557,0,0.217,0.757,129.947,4
spotify:track:1kFevEv3s7Gf6o5xSDR5DL,"LOVE ME RIGHT","LOVE ME RIGHT - The 2nd Album Repackage","EXO",2015-06-03,205128,63,false,11156981936,2024-02-03T03:48:42Z,"케이팝","SM Entertainment",0.625,0.83,0,-2.33,1,0.0764,0.00266,0,0.188,0.757,110.04,4
spotify:track:03UrZgTINDqvnUMbbIMhql,"Gangnam Style (강남스타일)","Gangnam Style (강남스타일)","싸이",2012-01-01,219493,77,false,11156981936,2024-02-10T03:27:56Z,"케이팝","Silent Records/Universal Republic Records",0.727,0.937,11,-2.871,0,0.286,0.00417,0,0.091,0.749,132.067,4
spotify:track:5x0j5GEuf4AjJSVeiQrRTu,"Gentleman","Máxima FM (Vol. 14)","싸이",2013-01-01,193466,38,false,11156981936,2024-02-10T03:28:09Z,"케이팝","Universal Music Spain S.L.",0.885,0.713,5,-3.841,0,0.114,0.00217,0,0.05,0.553,126.011,4
spotify:track:1eMVXXpNPEUdFRy5ZH7FpM,"DADDY (Feat. CL of 2NE1)","칠집싸이다","싸이;CL",2015-12-01,230635,64,false,11156981936,2024-02-10T03:28:19Z,"케이팝,한국 랩","YG Entertainment",0.762,0.869,6,-3.287,0,0.13,0.0793,0,0.137,0.747,132.05,4
spotify:track:6wBpO4Xc4YgShnENGSFA1M,"Sour Grapes","FEARLESS","LE SSERAFIM",2022-05-02,196540,68,false,11156981936,2024-03-20T16:18:57Z,"케이팝","SOURCE MUSIC",0.779,0.801,6,-5.564,0,0.0457,0.395,0,0.108,0.72,139.998,4
spotify:track:2O4Bb2WCkjlTPO827OnBMI,"EASY","EASY","LE SSERAFIM",2024-02-19,164545,73,false,11156981936,2024-03-20T16:19:33Z,"케이팝","SOURCE MUSIC",0.744,0.7,0,-5.154,1,0.0507,0.189,0.00000274,0.114,0.602,165.004,4
spotify:track:4lR8sYGMGZPvthF2yUfo7T,"Smart","EASY","LE SSERAFIM",2024-02-19,166384,67,false,11156981936,2024-03-20T16:19:33Z,"케이팝","SOURCE MUSIC",0.799,0.675,1,-5.474,1,0.0465,0.115,0,0.0833,0.594,113.076,4
spotify:track:1t8sqIScEIP0B4bQzBuI2P,"MY BAG","I NEVER DIE","i-dle",2022-03-14,160520,2,false,11156981936,2024-03-20T16:22:02Z,"케이팝","Cube Entertainment",0.838,0.823,8,-3.929,0,0.164,0.0864,0.0000712,0.156,0.759,94.024,4
spotify:track:5qI5EUqfDJpQ7w6sMECK7U,"Super Lady","2","i-dle",2024-01-29,152186,2,false,11156981936,2024-03-20T16:22:43Z,"케이팝","Cube Entertainment",0.795,0.869,4,-4.456,0,0.116,0.0927,0,0.109,0.525,121.941,4
spotify:track:6hWU8LrnjLyYHShDyNWFZj,"Wife","Wife","i-dle",2024-01-21,121226,0,false,11156981936,2024-03-20T16:22:46Z,"케이팝","Cube Entertainment",0.899,0.823,11,-5.002,0,0.114,0.0264,0.00222,0.342,0.625,123.983,4
spotify:track:1o844wI52S3TjXGBwvGcc7,"Hold On Tight","Hold On Tight","aespa",2023-03-30,149718,71,false,11156981936,2024-03-20T16:25:28Z,"케이팝","Parlophone UK",0.586,0.816,7,-6.331,1,0.283,0.0911,0.00000281,0.235,0.265,119.8,4
spotify:track:6zZWoHlF2zNSLUNLvx4GUl,"Better Things","Better Things","aespa",2023-08-18,203216,57,false,11156981936,2024-03-20T16:25:34Z,"케이팝","SM Entertainment / Warner Records",0.782,0.767,0,-5.383,1,0.0529,0.11,0.00323,0.496,0.548,115.027,4
spotify:track:210JJAa9nJOgNa0YNrsT5g,"GODS","GODS","League of Legends;NewJeans",2023-10-04,220878,14,false,11156981936,2024-03-20T16:25:44Z,"케이팝","Riot Games",0.588,0.765,3,-5.914,0,0.0518,0.00685,0.0000323,0.2,0.492,145.988,4
spotify:track:4MTNimMDRyFZv37Thcktwa,"God of Music","SEVENTEEN 11th Mini Album 'SEVENTEENTH HEAVEN'","세븐틴",2023-10-23,205133,63,false,11156981936,2024-03-20T16:29:37Z,"케이팝","PLEDIS Entertainment",0.728,0.912,11,-2.55,0,0.167,0.0458,0,0.102,0.808,120.044,4
spotify:track:6wtgR5ZVbOZPHIeMNQwugp,"아낀다","SEVENTEEN 1st Mini Album ’17 CARAT’","세븐틴",2015-05-29,186649,59,false,11156981936,2024-03-20T16:32:37Z,"케이팝","PLEDIS Entertainment",0.533,0.851,7,-3.435,1,0.201,0.00281,0.00000157,0.14,0.77,203.802,4
spotify:track:5rIsrawNyPv1q8v11iwJsh,"만세","SEVENTEEN 2nd Mini Album ‘BOYS BE’","세븐틴",2015-09-10,186874,58,false,11156981936,2024-03-20T16:32:41Z,"케이팝","PLEDIS ENTERTAINMENT",0.749,0.955,7,-1.767,1,0.0867,0.0547,0,0.112,0.761,111.96,4
spotify:track:1117juaaAkSIUsQxTmmcKM,"예쁘다","SEVENTEEN 1ST ALBUM [FIRST ‘LOVE&LETTER’]","세븐틴",2016-04-25,207299,63,false,11156981936,2024-03-20T16:35:10Z,"케이팝","PLEDIS ENTERTAINMENT",0.642,0.931,8,-2.82,1,0.163,0.0173,0,0.0815,0.884,155.088,4
spotify:track:0pWxUlYb3EM2WkcTJfwBdP,"붐붐","Seventeen 3rd Mini Album ’Going Seventeen’","세븐틴",2016-12-05,206227,54,false,11156981936,2024-03-20T16:35:22Z,"케이팝","PLEDIS ENTERTAINMENT",0.853,0.814,8,-3.047,1,0.0766,0.0347,0,0.171,0.686,108.111,4
spotify:track:1fBirzBj8XiiXFlhUMGoAl,"Hellevator","Hellevator","Stray Kids",2017-11-01,240000,45,false,11156981936,2024-03-20T16:39:29Z,"케이팝,노이즈 음악","Republic Records - Stray Kids",0.515,0.816,10,-2.33,1,0.165,0.00816,0,0.35,0.288,78.17,4
spotify:track:4A0ZTqmb6131trEdQl2dBW,"District 9","I am NOT","Stray Kids",2018-03-26,211762,53,false,11156981936,2024-03-20T16:40:14Z,"케이팝,노이즈 음악","Republic Records - Stray Kids",0.529,0.956,9,-1.889,1,0.265,0.0122,0.00000349,0.119,0.559,179.987,4
spotify:track:7hB5sBKw7oYRf9zCb3m64J,"I am YOU","I am YOU","Stray Kids",2018-10-22,204239,51,false,11156981936,2024-03-20T16:45:57Z,"케이팝,노이즈 음악","Republic Records - Stray Kids",0.656,0.821,11,-4.741,1,0.188,0.0158,0,0.131,0.671,144.972,4
spotify:track:3L5yIyKQSYrNTcRhnRoDX3,"Get Cool","I am YOU","Stray Kids",2018-10-22,194758,50,false,11156981936,2024-03-20T16:45:57Z,"케이팝,노이즈 음악","Republic Records - Stray Kids",0.804,0.854,11,-4.194,0,0.0913,0.0893,0,0.27,0.9,151.955,4
spotify:track:6IqKFke4ZhKbGYULllEezY,"Go Big or Go Home","DIMENSION : DILEMMA","ENHYPEN",2021-10-12,201707,68,false,11156981936,2024-03-20T16:47:14Z,"케이팝","BELIFT LAB",0.766,0.844,10,-3.993,0,0.0575,0.0502,0,0.269,0.823,122.019,4
spotify:track:5Z2DNRAhs6r4VdINVkRhYY,"SHOUT OUT","MANIFESTO : DAY 1","ENHYPEN",2022-07-04,228115,72,false,11156981936,2024-03-20T16:50:30Z,"케이팝","BELIFT LAB",0.495,0.844,2,-3.65,1,0.0671,0.00315,0,0.459,0.486,159.989,4
spotify:track:28xjm4FnnGI4Xnds7VoNSl,"WAVE","TREASURE EP.3 : One To All","ATEEZ",2019-06-10,203933,33,false,11156981936,2024-03-20T16:53:03Z,"케이팝,노이즈 음악","KQ Entertainment",0.624,0.86,1,-3.346,1,0.0387,0.0886,0.0000104,0.123,0.447,99.968,4
spotify:track:3OnnEFB9kauV7O20nOCWpg,"UTOPIA","TREASURE EP.3 : One To All","ATEEZ",2019-06-10,239066,30,false,11156981936,2024-03-20T16:53:13Z,"케이팝,노이즈 음악","KQ Entertainment",0.668,0.685,1,-5.162,0,0.0335,0.00464,0,0.342,0.539,116.03,4
spotify:track:0tYZo2UhV1lrUez5CA0Iyw,"Guerrilla","THE WORLD EP.1 : MOVEMENT","ATEEZ",2022-07-29,207921,65,false,11156981936,2024-03-20T16:54:50Z,"케이팝,노이즈 음악","KQ Entertainment",0.555,0.89,9,-5.349,1,0.132,0.00399,0,0.0506,0.581,181.963,4
spotify:track:4Wh5WGtov1VJ6EJ8OQgNeS,"Magic","The Chaos Chapter: FREEZE","투모로우바이투게더",2021-05-31,159749,55,false,11156981936,2024-03-20T17:06:49Z,"케이팝","Republic Records - TXT",0.654,0.88,8,-4.819,1,0.413,0.00303,0,0.32,0.51,108.236,4
spotify:track:0f0SbtoKGe41cX5LzlnX6X,"Tinnitus (Wanna be a rock)","The Name Chapter: TEMPTATION","투모로우바이투게더",2023-01-27,157261,66,false,11156981936,2024-03-20T17:07:40Z,"케이팝","Republic Records - TXT",0.9,0.725,5,-6.213,0,0.135,0.179,0.00101,0.0791,0.791,100.015,4
spotify:track:7kaFsQygyiCqRboWCXztxZ,"Do It Like That","Do It Like That","투모로우바이투게더;Jonas Brothers",2023-07-07,145065,58,false,11156981936,2024-03-20T17:07:52Z,"케이팝","Republic Records - TXT",0.772,0.921,5,-3.221,0,0.0531,0.0103,0,0.334,0.842,119.992,4
spotify:track:5e6hUjvQG2inD4Svco0PvP,"Let Me In","Let Me In","EXO",2023-06-12,197533,49,false,11156981936,2024-03-21T14:31:37Z,"케이팝","SM Entertainment",0.549,0.675,1,-4.964,0,0.045,0.461,0,0.171,0.373,84.013,4
spotify:track:44EXniDpWap2veS1gH1svO,"Hear Me Out","Hear Me Out","EXO",2023-06-30,204093,45,false,11156981936,2024-03-21T14:31:40Z,"케이팝","SM Entertainment",0.666,0.727,0,-2.375,0,0.0534,0.095,0,0.305,0.591,92.056,4
spotify:track:2qiWQf7ka0C4XoA7JAZ1q5,"CRUSH","MELTING POINT","ZEROBASEONE",2023-11-06,169040,53,false,11156981936,2024-03-21T14:37:30Z,"케이팝","Genie Music Corporation, Stone Music Entertainment",0.662,0.801,6,-4.73,1,0.088,0.0938,0,0.124,0.274,153.941,4
spotify:track:52FCAZn0YEkZfF0BtiAUMW,"Heart Shaker","Merry & Happy","TWICE",2017-12-11,186893,64,false,11156981936,2024-03-21T14:40:05Z,"케이팝","Republic Records - TWICE",0.564,0.944,8,-0.532,1,0.0647,0.105,0,0.154,0.857,164.062,4
spotify:track:35dhwUoJNlxrPyEIJkfDnx,"I GOT YOU","I GOT YOU","TWICE",2024-02-02,173240,63,false,11156981936,2024-03-21T15:13:29Z,"케이팝","Republic Records - TWICE",0.52,0.805,8,-3.706,1,0.0551,0.0451,0,0.0935,0.496,176.103,4
spotify:track:7cIn67LEvk16v6komC8znS,"ONE SPARK","With YOU-th","TWICE",2024-02-23,183559,65,false,11156981936,2024-03-21T15:13:36Z,"케이팝","Republic Records - TWICE",0.592,0.766,4,-4.928,0,0.0727,0.0151,0,0.753,0.413,169.005,4
spotify:track:089PFeXotzDLNQz9NCk6pF,"No More Dream","2 Cool 4 Skool","방탄소년단",2013-06-12,222066,72,false,11156981936,2024-03-21T15:15:29Z,"케이팝","BIGHIT MUSIC",0.438,0.864,2,-5.185,1,0.47,0.0118,0.00000166,0.431,0.594,167.898,4
spotify:track:5pjHS3EpHurMyIpB2QBnEd,"We Are Bulletproof Pt.2","2 Cool 4 Skool","방탄소년단",2013-06-12,223933,67,false,11156981936,2024-03-21T15:15:34Z,"케이팝","BIGHIT MUSIC",0.753,0.95,8,-5.09,0,0.16,0.0104,0.00000632,0.134,0.868,144.02,4
spotify:track:55Ctj6nVfobn9AcPe6sLG2,"Like","2 Cool 4 Skool","방탄소년단",2013-06-12,231893,71,false,11156981936,2024-03-21T15:15:59Z,"케이팝","BIGHIT MUSIC",0.737,0.723,0,-4.165,0,0.0705,0.303,0,0.26,0.783,100.939,4
spotify:track:3FnDv33WrrMtuEr7hNR3ev,"Boy in Luv","Skool Luv Affair","방탄소년단",2014-02-12,230778,72,false,11156981936,2024-03-21T15:16:49Z,"케이팝","BIGHIT MUSIC",0.491,0.947,0,-2.252,1,0.306,0.00261,0,0.34,0.474,166.236,4
spotify:track:6t7WriKgVszATnrdBKSUAf,"Just One Day","Skool Luv Affair","방탄소년단",2014-02-12,239469,73,false,11156981936,2024-03-21T15:16:59Z,"케이팝","BIGHIT MUSIC",0.685,0.713,6,-4.705,0,0.266,0.179,0,0.377,0.301,95.092,4
spotify:track:0zzRxtfO5FGxKdqq4OKmlw,"Danger","Dark & Wild","방탄소년단",2014-08-20,245140,71,false,11156981936,2024-03-21T15:17:35Z,"케이팝","BIGHIT MUSIC",0.738,0.868,1,-3.363,1,0.0702,0.000907,0.000209,0.275,0.377,111.991,4
spotify:track:6pp6xf9zS55GD4nr318XUH,"dimple","Love Yourself 承 'Her'","방탄소년단",2017-09-18,196776,70,false,11156981936,2024-03-21T15:22:31Z,"케이팝","BIGHIT MUSIC",0.612,0.844,5,-4.694,0,0.0757,0.14,0,0.289,0.652,134.872,4
spotify:track:1ZPeaPDjQOOC8hw1mNjyjF,"Pied Piper","Love Yourself 承 'Her'","방탄소년단",2017-09-18,245620,75,false,11156981936,2024-03-21T15:22:31Z,"케이팝","BIGHIT MUSIC",0.583,0.712,2,-4.942,0,0.0326,0.2,0,0.268,0.778,94.051,4
spotify:track:7DEKa5Z7Cl8s3Y7imb88OM,"The Truth Untold (feat. Steve Aoki)","Love Yourself 轉 'Tear'","방탄소년단;Steve Aoki",2018-05-18,242292,68,false,11156981936,2024-03-21T15:22:51Z,"케이팝,일렉트로 하우스,EDM","BIGHIT MUSIC",0.571,0.422,1,-7.561,0,0.0422,0.374,0,0.127,0.169,113.016,4
spotify:track:5MTGPkmiUuud9NkA0sl2nI,"Magic Shop","Love Yourself 轉 'Tear'","방탄소년단",2018-05-18,275695,70,false,11156981936,2024-03-21T15:22:51Z,"케이팝","BIGHIT MUSIC",0.531,0.661,1,-5.836,1,0.0907,0.103,0,0.0779,0.278,149.934,4
spotify:track:2WH4oy1SYppZrcdgKwSA0j,"Make It Right (feat. Lauv)","Make It Right (feat. Lauv)","방탄소년단;Lauv",2019-10-18,226321,64,false,11156981936,2024-03-21T15:29:17Z,"케이팝","BIGHIT MUSIC",0.583,0.68,7,-7.809,1,0.422,0.0304,0,0.189,0.343,97.568,4
spotify:track:4TgxFMOn5yoESW6zCidCXL,"Savage Love (Laxed – Siren Beat) [BTS Remix]","Savage Love (Laxed - Siren Beat) [BTS Remix]","Jawsh 685;Jason Derulo;방탄소년단",2020-10-02,184905,66,true,11156981936,2024-03-21T15:31:47Z,"케이팝","Columbia",0.758,0.598,0,-5.695,0,0.0868,0.16,0,0.295,0.658,149.836,4
spotify:track:5IAESfJjmOYu7cHyX557kz,"Take Two","Take Two","방탄소년단",2023-06-09,229953,74,false,11156981936,2024-03-21T15:34:05Z,"케이팝","BIGHIT MUSIC",0.617,0.589,7,-5.978,1,0.0345,0.0268,0,0.378,0.566,92.991,4
spotify:track:69xdFGM7SJkbDf77s0gJEl,"Rookie","Rookie - The 4th Mini Album","Red Velvet",2017-02-01,197637,52,false,11156981936,2024-03-21T15:39:18Z,"케이팝","SM Entertainment",0.683,0.938,8,-3.723,0,0.288,0.0888,0,0.331,0.868,164.1,4
spotify:track:5qSoW3ewNlhRN3FNZPmVns,"음파음파 (Umpah Umpah)","‘The ReVe Festival’ Day 2","Red Velvet",2019-08-20,220131,44,false,11156981936,2024-03-21T15:41:39Z,"케이팝","SM Entertainment",0.693,0.935,7,-3.306,1,0.0771,0.0258,0,0.437,0.844,119.973,4
spotify:track:68gQG2HpRMxIRom4pCugMq,"Chill Kill","Chill Kill - The 3rd Album","Red Velvet",2023-11-13,214800,0,false,11156981936,2024-03-21T15:45:04Z,"케이팝","SM Entertainment",0.531,0.747,0,-3.717,1,0.0946,0.0549,0,0.244,0.434,148.039,4
spotify:track:1fP8o0lIaSIE5jEeblT8df,"Roller Coaster","Roller Coaster","NMIXX",2023-07-03,179373,58,false,11156981936,2024-03-21T15:49:08Z,"케이팝","Republic Records - NMIXX",0.713,0.899,7,-3.386,1,0.0584,0.0956,0,0.387,0.611,120.027,4
spotify:track:0HdcJkzhhhzID0nXEpIVgH,"Party O'Clock","A Midsummer NMIXX’s Dream","NMIXX",2023-07-11,183546,54,false,11156981936,2024-03-21T15:49:12Z,"케이팝","Republic Records - NMIXX",0.739,0.865,9,-2.847,0,0.0872,0.149,0,0.124,0.707,127.995,4
spotify:track:03MTY1omA35sy8rWJEtGcq,"Soñar (Breaker)","Soñar (Breaker)","NMIXX",2023-12-04,173053,51,false,11156981936,2024-03-21T15:49:15Z,"케이팝","Republic Records - NMIXX",0.86,0.762,7,-3.839,1,0.123,0.201,0,0.082,0.787,125.074,4
spotify:track:2RoYgkPzUY0vY7lhUuyus1,"DASH","Fe3O4: BREAK","NMIXX",2024-01-15,166979,64,false,11156981936,2024-03-21T15:49:19Z,"케이팝","Republic Records - NMIXX",0.645,0.83,5,-1.92,0,0.138,0.0843,0,0.0605,0.725,179.977,4
spotify:track:1MKmSbQfJpEVnC3XfGywyF,"Tippy Toes","Tippy Toes","XG",2022-03-18,188213,60,false,11156981936,2024-03-21T15:51:34Z,"케이팝","XGALX",0.913,0.62,0,-6.674,1,0.0769,0.0354,0.106,0.091,0.552,105.986,4
spotify:track:3v5o91PrUtf0nmO6j8J7dZ,"LEFT RIGHT","SHOOTING STAR","XG",2023-01-25,208065,71,false,11156981936,2024-03-21T15:52:04Z,"케이팝","XGALX",0.767,0.721,1,-5.586,1,0.0456,0.153,0.00000152,0.108,0.884,150.065,4
spotify:track:5OqMZ8In8CkCa0SbknnDPl,"GRL GVNG","GRL GVNG","XG",2023-06-30,188093,63,false,11156981936,2024-03-21T15:52:42Z,"케이팝","XGALX",0.765,0.65,6,-6.043,1,0.0372,0.0669,0,0.204,0.409,131.022,4
spotify:track:3horUXBBgEyTEAxfeT9c0P,"TGIF","TGIF","XG",2023-08-04,171240,60,false,11156981936,2024-03-21T15:52:49Z,"케이팝","XGALX",0.872,0.813,7,-5.215,1,0.102,0.0292,0.000169,0.211,0.665,128.022,4
spotify:track:6Pjzy9avwlVr4UAbxkQQmh,"NEW DANCE","NEW DANCE","XG",2023-08-23,198520,68,false,11156981936,2024-03-21T15:52:55Z,"케이팝","XGALX",0.818,0.777,7,-2.825,1,0.0625,0.195,0,0.731,0.688,114.001,4
spotify:track:7sDkXyDikXhpRz715MdiEp,"PUPPET SHOW","NEW DNA","XG",2023-09-27,199960,64,false,11156981936,2024-03-21T15:53:28Z,"케이팝","XGALX",0.781,0.611,0,-6.211,1,0.136,0.081,0.0000034,0.208,0.722,149.996,4
spotify:track:57ITlzpnOMkSE6oHGbvTqi,"거침없이","부석순 Digital Single '거침없이'","부석순",2018-03-21,201757,58,false,11156981936,2024-03-21T15:57:47Z,"케이팝","PLEDIS ENTERTAINMENT",0.61,0.978,2,-2.432,1,0.121,0.17,0,0.392,0.815,150.047,4
spotify:track:7a86ARVnm366v2UY1z9Ak8,"Poppy (Korean Ver.)","Poppy (Korean Ver.)","STAYC",2023-02-03,178293,48,false,11156981936,2024-03-21T15:58:27Z,"케이팝","High Up Entertainment",0.808,0.786,4,-3.842,0,0.0375,0.139,0,0.266,0.821,126.047,4
spotify:track:4P5ozkI1bxiGxA5rZ27jlO,"Bubble","TEENFRESH","STAYC",2023-08-16,179275,54,false,11156981936,2024-03-21T15:58:35Z,"케이팝","High Up Entertainment",0.768,0.765,9,-3.487,1,0.0602,0.0299,0,0.0695,0.717,131.985,4
spotify:track:2lAxhE5s3x7OS9sfhsgT1F,"Regular - Korean Version","NCT #127 Regular-Irregular - The 1st Album","NCT 127",2018-10-12,217706,47,false,11156981936,2024-03-21T16:13:36Z,"케이팝,노이즈 음악","SM Entertainment",0.733,0.801,9,-5.339,0,0.0765,0.237,0,0.287,0.878,133.998,4
spotify:track:1zedfw5iu7XzKJT8CupEIP,"Simon Says","NCT #127 Regulate - The 1st Album Repackage","NCT 127",2018-11-23,199773,53,false,11156981936,2024-03-21T16:14:04Z,"케이팝,노이즈 음악","SM Entertainment",0.653,0.836,9,-6.018,1,0.238,0.218,0,0.0507,0.569,151.977,4
spotify:track:0O22hXRIdbyrnMQk7VldC9,"Punch","NCT #127 Neo Zone: The Final Round - The 2nd Album Repackage","NCT 127",2020-05-19,204000,0,false,11156981936,2024-03-21T16:15:27Z,"케이팝,노이즈 음악","SM Entertainment",0.636,0.915,1,-3.473,1,0.183,0.0353,0,0.0978,0.511,90.946,4
spotify:track:1iGQpclvzonFNzy7Ko89V7,"Sticker","Sticker - The 3rd Album","NCT 127",2021-09-17,227773,0,false,11156981936,2024-03-21T16:15:49Z,"케이팝,노이즈 음악","SM Entertainment",0.527,0.769,2,-0.419,1,0.28,0.311,0,0.742,0.719,156.032,4
spotify:track:1WKLxJpDqkQ9x1qEDNutoX,"2 Baddies","2 Baddies - The 4th Album","NCT 127",2022-09-16,230293,0,false,11156981936,2024-03-21T16:16:27Z,"케이팝,노이즈 음악","SM Entertainment",0.596,0.921,2,-2.372,1,0.258,0.153,0,0.0922,0.529,171.96,4
spotify:track:5EtiQveQFQy0R05hLVDyKv,"Fact Check","Fact Check - The 5th Album","NCT 127",2023-10-06,184653,0,false,11156981936,2024-03-21T16:16:46Z,"케이팝,노이즈 음악","SM Entertainment",0.758,0.908,5,-2.652,0,0.113,0.0768,0,0.257,0.572,130.012,4
spotify:track:0zA75hGcXgVNbzsu0a3lBR,"링가 링가 (RINGA LINGA)","RINGA LINGA","태양",2013-11-08,227021,38,false,11156981936,2024-03-21T16:28:25Z,"케이팝","YG Entertainment",0.584,0.845,1,-3.029,1,0.066,0.0858,0,0.124,0.393,141.018,4
spotify:track:5HrIcZOo1DysX53qDRlRnt,"Shoong! (feat. LISA of BLACKPINK)","Down to Earth","태양;LISA",2023-04-25,205101,61,false,11156981936,2024-03-21T16:29:01Z,"케이팝","THEBLACKLABEL/Interscope Records",0.765,0.71,11,-6.126,0,0.0549,0.0079,0,0.393,0.245,110.006,4
spotify:track:1qlCjzyib3wt99XKcTeQkF,"Play It Cool","Play It Cool","Steve Aoki;몬스타엑스",2019-03-22,169812,39,false,11156981936,2024-03-21T16:38:18Z,"일렉트로 하우스,EDM,케이팝,노이즈 음악","Ultra Records, LLC",0.812,0.805,9,-3.83,0,0.243,0.00677,0,0.0833,0.568,119.958,4
spotify:track:6YKCEtfZXXyionWJPtT5jb,"WHO DO U LOVE?","WHO DO U LOVE?","몬스타엑스;French Montana",2019-06-14,189035,47,false,11156981936,2024-03-21T16:38:47Z,"케이팝,노이즈 음악","Epic",0.782,0.637,10,-5.63,0,0.264,0.28,0,0.114,0.389,101.989,4
spotify:track:7ri0aUbwDcItOnQbywEGU5,"Follow","FOLLOW - FIND YOU","몬스타엑스",2019-10-28,213440,48,false,11156981936,2024-03-21T16:40:23Z,"케이팝,노이즈 음악","Starship Entertainment",0.638,0.93,0,-2.214,1,0.0923,0.0305,0.00000238,0.228,0.734,109.961,4
spotify:track:06mzeP9GQNSHWd1Nh2C5FM,"MIDDLE OF THE NIGHT","MIDDLE OF THE NIGHT","몬스타엑스",2019-12-06,166213,37,false,11156981936,2024-03-21T16:40:44Z,"케이팝,노이즈 음악","Epic",0.737,0.764,0,-5.511,1,0.0947,0.111,0,0.0423,0.924,92.044,4
spotify:track:26vOBLHS116a4WNUVlvAUW,"We Go Up","We Go Up","NCT DREAM",2018-09-03,183293,54,false,11156981936,2024-03-21T16:50:39Z,"케이팝,노이즈 음악","SM Entertainment",0.893,0.77,8,-4.692,1,0.107,0.0138,0,0.225,0.349,122.067,4
spotify:track:0EMD15EVNwDlgGH2CH6ZEL,"Ridin'","Reload","NCT DREAM",2020-04-29,201773,57,false,11156981936,2024-03-21T16:51:17Z,"케이팝,노이즈 음악","SM Entertainment",0.549,0.903,1,-1.483,0,0.045,0.178,0,0.0682,0.513,150.009,4
spotify:track:5b1PngLlxc7hj3fJXrE2Zm,"버퍼링 (Glitch Mode)","Glitch Mode - The 2nd Album","NCT DREAM",2022-03-28,207053,52,false,11156981936,2024-03-21T16:52:20Z,"케이팝,노이즈 음악","SM Entertainment",0.634,0.78,0,-2.323,0,0.0963,0.0164,0,0.141,0.694,166.923,4
spotify:track:5OehhztxLfJeCxUMbFfPy6,"Broken Melodies","Broken Melodies","NCT DREAM",2023-06-19,226160,0,false,11156981936,2024-03-21T16:52:50Z,"케이팝,노이즈 음악","SM Entertainment",0.577,0.821,1,-2.984,1,0.0492,0.186,0,0.18,0.392,150.023,4
spotify:track:43Pmqpiw4zFY77pT5QdxQ8,"ISTJ","ISTJ - The 3rd Album","NCT DREAM",2023-07-17,185280,0,false,11156981936,2024-03-21T16:53:03Z,"케이팝,노이즈 음악","SM Entertainment",0.646,0.956,4,-1.575,0,0.058,0.0161,0,0.299,0.356,121.955,4
spotify:track:5o0urLKhjQLIFMoJH5SSrY,"SWIPE","CRAZY IN LOVE","ITZY",2021-09-24,177893,52,false,11156981936,2024-03-21T16:57:57Z,"케이팝","Republic Records - ITZY",0.781,0.757,1,-4.268,1,0.0547,0.00151,0,0.19,0.666,96.009,4
spotify:track:2WoluqyWzsgRmFCeHeGlnm,"SNEAKERS","CHECKMATE","ITZY",2022-07-15,179453,57,false,11156981936,2024-03-21T16:58:08Z,"케이팝","Republic Records - ITZY",0.935,0.849,7,-3.047,1,0.0779,0.0192,0,0.0223,0.551,119.986,4
spotify:track:3syxwxJqX5jpgjNYmvzdW6,"CAKE","KILL MY DOUBT","ITZY",2023-07-31,198887,59,false,11156981936,2024-03-21T16:58:48Z,"케이팝","Republic Records - ITZY",0.801,0.758,7,-4.31,1,0.0445,0.0663,0.0000041,0.0431,0.576,103.07,4
spotify:track:2xeaHUnzzT5Kc974OQt1kA,"SHOOT!","GUESS WHO","ITZY",2021-04-30,139213,55,false,11156981936,2024-03-21T16:59:15Z,"케이팝","Republic Records - ITZY",0.852,0.762,6,-4.448,0,0.0487,0.333,0.00000166,0.159,0.907,131.958,4
spotify:track:2HQALWSN6IF4BYrSADMJ0w,"UNTOUCHABLE","BORN TO BE","ITZY",2024-01-08,194093,60,false,11156981936,2024-03-21T16:59:26Z,"케이팝","Republic Records - ITZY",0.762,0.9,0,-3.257,0,0.127,0.221,0,0.0837,0.674,105.01,4
spotify:track:5wxYxygyHpbgv0EXZuqb9V,"on the street (with J. Cole)","on the street (with J. Cole)","j-hope;J. Cole",2023-03-03,214701,64,true,11156981936,2024-03-21T17:02:26Z,"케이팝,한국 랩,랩","BIGHIT MUSIC",0.681,0.821,11,-5.12,0,0.131,0.532,0.00111,0.0921,0.813,94.074,4
spotify:track:59hBR0BCtJsfIbV9VzCVAp,"Set Me Free Pt.2","Set Me Free Pt.2","지민",2023-03-17,200929,71,true,11156981936,2024-03-21T17:13:00Z,"케이팝","BIGHIT MUSIC",0.585,0.815,0,-4.165,0,0.0565,0.115,0,0.124,0.564,132.09,4
spotify:track:3k6q0O9JnO2GhvD6C8fs20,"Closer Than This","Closer Than This","지민",2023-12-22,223302,64,false,11156981936,2024-03-21T17:13:21Z,"케이팝","BIGHIT MUSIC",0.716,0.54,0,-5.951,1,0.0381,0.389,0,0.0692,0.373,87.963,4
spotify:track:0eFMbKCRw8KByXyWBw8WO7,"Still With You","Still With You","정국",2020-06-05,239905,80,false,11156981936,2024-03-21T17:13:52Z,"케이팝","BIGHIT MUSIC",0.529,0.469,1,-6.967,0,0.0358,0.0899,0.0000153,0.831,0.344,87.864,4
spotify:track:7CAdT0HdiQNlt1C7xk2hep,"Stay Alive (Prod. SUGA of BTS)","Stay Alive (Prod. SUGA of BTS)","정국",2022-02-11,210928,71,false,11156981936,2024-03-21T17:14:00Z,"케이팝","BIGHIT MUSIC",0.512,0.76,2,-5.889,0,0.0682,0.299,0,0.103,0.495,130.096,4
spotify:track:6RhEbk4odKK0PwPhpok7h1,"Left and Right (Feat. Jung Kook of BTS)","Left and Right (Feat. Jung Kook of BTS)","Charlie Puth;정국;방탄소년단",2022-08-19,154486,51,false,11156981936,2024-03-21T17:14:23Z,"소프트 팝,케이팝","Atlantic Records",0.881,0.592,2,-4.898,1,0.0324,0.619,0.0000132,0.0901,0.719,101.058,4
spotify:track:0jY618wuln0b5b8sCxFgjk,"Dreamers [Music from the FIFA World Cup Qatar 2022 Official Soundtrack]","Dreamers [Music from the FIFA World Cup Qatar 2022 Official Soundtrack]","정국;방탄소년단;FIFA Sound",2022-11-20,201391,73,false,11156981936,2024-03-21T17:15:31Z,"케이팝","Katara Studios | 2101 Records under exclusive license to UnitedMasters LLC",0.709,0.879,0,-4.218,1,0.042,0.158,0.00158,0.441,0.34,114.99,4
spotify:track:4EaQ0ouIydfeAgQUz284EF,"People Pt.2 (feat. IU)","People Pt.2 (feat. IU)","Agust D;아이유",2023-04-07,213995,61,false,11156981936,2024-03-21T17:16:57Z,"케이팝,한국 랩,K-발라드","BIGHIT MUSIC",0.729,0.574,7,-4.779,0,0.0589,0.391,0,0.319,0.438,88.94,4
spotify:track:4bjN59DRXFRxBE1g5ne6B1,"Haegeum","D-DAY","Agust D",2023-04-21,168926,88,false,11156981936,2024-03-21T17:17:12Z,"케이팝,한국 랩","BIGHIT MUSIC",0.697,0.837,7,-2.651,1,0.304,0.313,0,0.471,0.831,85.097,5
spotify:track:2gzhQaCTeNgxpeB2TPllyY,"With you","우리들의 블루스, Pt. 4 (Original Television Soundtrack)","지민;하성운",2022-04-24,201905,66,false,11156981936,2024-03-21T17:19:06Z,"케이팝","Genie Music Corporation, Stone Music Entertainment",0.532,0.426,3,-6.117,1,0.0288,0.639,0,0.134,0.137,149.898,3
spotify:track:2RUcwyW74Sv4VracHFrKdh,"Promise","Promise","지민",2018-12-31,151011,68,false,11156981936,2024-03-21T17:19:15Z,"케이팝","BIGHIT MUSIC",0.692,0.534,2,-7.155,1,0.0433,0.83,0.00000557,0.238,0.739,88.964,4
spotify:track:2N0SPREDYqILVEFSsWF5N5,"Love Me Again","Layover","V",2023-08-11,182293,74,false,11156981936,2024-03-21T17:19:41Z,"케이팝","BIGHIT MUSIC",0.633,0.607,0,-6.182,0,0.0532,0.183,0.00000138,0.167,0.363,74.029,4
spotify:track:5ydjxBSUIDn26MFzU3asP4,"Rainy Days","Layover","V",2023-08-11,179560,69,false,11156981936,2024-03-21T17:19:44Z,"케이팝","BIGHIT MUSIC",0.633,0.454,9,-8.016,0,0.0875,0.739,0,0.148,0.282,74.828,4
spotify:track:5h1BN75CEh8wdSwE1xrbSe,"Slow Dancing","Layover","V",2023-09-08,187026,75,false,11156981936,2024-03-21T17:19:57Z,"케이팝","BIGHIT MUSIC",0.579,0.63,8,-7.758,1,0.058,0.257,0.00462,0.0986,0.552,155.96,4
spotify:track:0PBTlQ84CBJF0tBnKGmQa6,"FRI(END)S","FRI(END)S","V",2024-03-15,148082,77,false,11156981936,2024-03-21T17:20:08Z,"케이팝","BIGHIT MUSIC",0.466,0.601,8,-4.468,1,0.053,0.0315,0,0.0927,0.627,53.376,4
spotify:track:3BUZUCu1uHaTvroizwqLHt,"넌 is 뭔들","Melting","마마무",2016-02-26,230914,45,false,11156981936,2024-03-21T17:23:36Z,"케이팝","Genie Music Corporation, Stone Music Entertainment",0.683,0.86,5,-3.243,0,0.0471,0.0395,0,0.239,0.703,122.03,4
spotify:track:3RqUX4U46H6TPdH30gPy4k,"Yes I Am","Purple","마마무",2017-06-22,211660,0,false,11156981936,2024-03-21T17:26:22Z,"케이팝","RADCOMM",0.737,0.894,0,-2.779,1,0.254,0.14,0,0.0523,0.648,120.115,4
spotify:track:0VPBuXtEG16NtN5ZGYJ7lV,"WANNA BE MYSELF","WANNA BE MYSELF","마마무",2020-09-10,206240,42,false,11156981936,2024-03-21T17:28:22Z,"케이팝","RBW, Inc",0.713,0.867,9,-3.523,0,0.079,0.0747,0.00000825,0.127,0.801,124.058,4
spotify:track:7EtNbIeSYjE4PeitHqEHhs,"MOVE (T5)","MOVE (T5)","TREASURE",2023-06-28,208314,35,false,11156981936,2024-03-21T17:31:30Z,"케이팝","YG Entertainment/Columbia Records",0.674,0.552,10,-6.802,1,0.0906,0.0925,0,0.299,0.307,94.97,4
spotify:track:0IkWksfw3Qxob96bjFKhyF,"BONA BONA","2ND FULL ALBUM 'REBOOT'","TREASURE",2023-07-28,212901,43,false,11156981936,2024-03-21T17:31:43Z,"케이팝","YG Entertainment/Columbia Records",0.722,0.641,5,-5.967,0,0.046,0.0266,0,0.179,0.36,131.943,4
spotify:track:0ufYP4HLjzVSLUsGKCIQJH,"BEcause","[Summer Holiday]","드림캐쳐",2021-07-30,191946,51,false,11156981936,2024-03-21T17:45:05Z,"한국 록,케이팝","DREAMCATCHER COMPANY",0.551,0.94,4,-2.768,0,0.0871,0.0182,0,0.316,0.458,170.018,4
spotify:track:3t1HegTbjLFXUaNAElhR7T,"Hot Pink","Hot Pink","EXID",2015-12-11,200729,50,false,11156981936,2024-03-21T17:48:31Z,"케이팝","Yedang Entertainment",0.769,0.962,1,-1.812,1,0.0691,0.357,0.00000232,0.375,0.708,107.008,4
spotify:track:2rO1OMbLrfKIkqrqcATv3u,"Pepe","첫사랑","CLC",2015-03-19,197506,41,false,11156981936,2024-03-21T17:51:38Z,"케이팝","CUBE ENTERTAINMENT",0.879,0.846,4,-2.309,0,0.0375,0.0707,0,0.0797,0.966,129.986,4
spotify:track:6ioP0snRYjhfWKNMMLKOde,"Like It","No.1","CLC",2019-01-30,193637,37,false,11156981936,2024-03-21T17:52:10Z,"케이팝","CUBE ENTERTAINMENT",0.648,0.839,2,-3.898,1,0.043,0.00228,0.00000143,0.0957,0.508,97.021,4
spotify:track:0l7HoOCQOKZpg5MV2hXw57,"Feel Good (SECRET CODE)","My Little Society","프로미스나인",2020-09-16,224586,47,false,11156981936,2024-03-21T18:04:13Z,"케이팝,버블검 팝","OFF THE RECORD Entertainment",0.658,0.915,10,-3.736,0,0.0967,0.0437,0,0.291,0.841,125,4
spotify:track:7oQqeRSV38YqkRv2UGvmbS,"WE GO","9 WAY TICKET","프로미스나인",2021-05-17,175946,55,false,11156981936,2024-03-21T18:04:25Z,"케이팝,버블검 팝","Genie Music Corporation, Stone Music Entertainment",0.666,0.925,6,-3.193,1,0.102,0.0162,0,0.203,0.798,124.001,5
spotify:track:6R6ZoHTypt5lt68MWbzZXv,"Sour Candy (with BLACKPINK)","Sour Candy (with BLACKPINK)","Lady Gaga;BLACKPINK",2020-05-28,157706,62,false,11156981936,2024-03-22T13:35:41Z,"아트 팝,팝,케이팝","Interscope Records",0.752,0.87,9,-3.812,0,0.0623,0.0604,0.0000112,0.489,0.784,120.006,4
spotify:track:1mFpMoeZfkIqtqW2AfQ8ba,"THE GIRLS - BLACKPINK THE GAME OST","THE GIRLS (BLACKPINK THE GAME OST)","BLACKPINK",2023-08-25,162000,63,false,11156981936,2024-03-22T13:36:28Z,"케이팝","YG Entertainment/Interscope Records",0.714,0.733,2,-4.291,1,0.0515,0.00163,0,0.176,0.368,79.986,4
spotify:track:26eV0R7nbqtlzh316ncU99,"FANTASTIC BABY","ALIVE","BIGBANG",2012-02-29,230573,68,false,11156981936,2024-03-23T00:15:44Z,"케이팝","YG Entertainment",0.725,0.841,2,-3.924,1,0.0545,0.002,0,0.0652,0.582,130.013,4
spotify:track:24Gy6lVtCd8nOL2vzZiFyV,"다시 만난 세계 (Into The New World)","다시 만난 세계","소녀시대",2007-08-02,267320,49,false,11156981936,2024-03-28T08:09:14Z,"케이팝","SM Entertainment",0.699,0.908,7,-2.108,1,0.0334,0.0531,0,0.116,0.6,108.023,4
spotify:track:2BQIMF7CyLe2xAKzh74A4C,"Gee","Gee - The First Mini Album","소녀시대",2009-01-05,202200,54,false,11156981936,2024-03-28T08:09:45Z,"케이팝","SM Entertainment",0.749,0.923,1,-1.014,0,0.0277,0.292,0,0.111,0.727,99.975,4
spotify:track:7m48u7EC4gnCfAhwoLfbCE,"소원을 말해봐 (Genie)","소원을 말해봐 (Genie) - The Second Mini Album","소녀시대",2009-06-25,230546,56,false,11156981936,2024-03-28T08:10:28Z,"케이팝","SM Entertainment",0.76,0.843,9,-2.632,1,0.103,0.137,0.00000219,0.7,0.757,122.988,4
spotify:track:6VOG2ROMCklbn6SSg9mA9H,"Oh!","Oh! - The Second Album","소녀시대",2010-01-28,188533,62,false,11156981936,2024-03-28T08:11:46Z,"케이팝","SM Entertainment",0.759,0.966,2,-2.207,0,0.0416,0.0218,0.0000103,0.229,0.44,143.987,4
spotify:track:3JaMGQXJmtbAhvgl0nBPPN,"Mr.Mr.","Mr. Mr. - The 4th Mini Album","소녀시대",2014-02-24,235434,60,false,11156981936,2024-03-28T08:14:26Z,"케이팝","SM Entertainment",0.701,0.964,4,-2.037,0,0.127,0.114,0.00000934,0.153,0.484,113.058,4
spotify:track:5ZkITfPpcNPnyYGTibkO6m,"I","I - The 1st Mini Album","태연;버벌진트",2015-10-07,206038,60,false,11156981936,2024-03-30T09:35:07Z,"케이팝,K-발라드,한국 랩","SM Entertainment",0.506,0.788,9,-2.372,1,0.0324,0.0666,0,0.324,0.233,89.993,4
spotify:track:2Y4iTaIAamhYPyZcOdfL3g,"11:11","11:11","태연",2016-11-01,223451,47,false,11156981936,2024-03-30T09:41:01Z,"케이팝,K-발라드","SM Entertainment",0.445,0.528,10,-7.243,1,0.0744,0.677,0,0.155,0.511,203.155,4
spotify:track:4eDYMnqwlK0j7yc1jMRUVS,"Fine","My Voice - The 1st Album (Deluxe Edition)","태연",2017-04-05,209157,43,false,11156981936,2024-03-30T09:41:28Z,"케이팝,K-발라드","SM Entertainment",0.36,0.565,7,-4.898,1,0.0608,0.358,0,0.0448,0.311,173.281,4
spotify:track:3Wu4lFjkhcXxB6WWaX9gtr,"What Do I Call You","What Do I Call You - The 4th Mini Album","태연",2020-12-15,167746,48,false,11156981936,2024-03-30T09:45:43Z,"케이팝,K-발라드","SM Entertainment",0.75,0.586,11,-4.639,0,0.0674,0.0733,0,0.347,0.835,139.889,4
spotify:track:559f8rcNNZW07wz5Rfxnfh,"Can't Control Myself","Can't Control Myself","태연",2022-01-17,181600,44,false,11156981936,2024-03-30T09:46:17Z,"케이팝,K-발라드","SM Entertainment",0.626,0.681,4,-2.979,1,0.0377,0.0263,0,0.453,0.229,85.044,4
spotify:track:2gyCwrOcC6JBoaJ8JGJ7T8,"To. X","To. X - The 5th Mini Album","태연",2023-11-27,170386,65,false,11156981936,2024-03-30T09:47:01Z,"케이팝,K-발라드","SM Entertainment",0.835,0.587,8,-5.814,1,0.08,0.396,0.00000409,0.0862,0.646,97.03,4
spotify:track:6Q5e2XpyGzMLgA3ul491pu,"Talk & Talk","Talk & Talk","프로미스나인",2021-09-01,220653,46,false,11156981936,2024-03-30T09:52:38Z,"케이팝,버블검 팝","PLEDIS Entertainment",0.742,0.835,0,-2.89,1,0.113,0.11,0,0.351,0.747,112.974,4
spotify:track:3pqgVtpnQbBAZoWT4AEm1B,"Stay This Way","from our Memento Box","프로미스나인",2022-06-27,195653,55,false,11156981936,2024-03-30T09:52:57Z,"케이팝,버블검 팝","PLEDIS Entertainment",0.682,0.855,11,-2.421,1,0.0553,0.0709,0,0.046,0.764,123.945,4
spotify:track:4lIAPwAU6R8PAy2WhykC4i,"#menow","Unlock My World","프로미스나인",2023-06-05,169906,54,false,11156981936,2024-03-30T09:53:13Z,"케이팝,버블검 팝","PLEDIS Entertainment",0.703,0.909,6,-2.686,0,0.102,0.192,0,0.0717,0.83,117.989,4
spotify:track:0pHylQR53epYtRcVIhUSCh,"I Love My Body","I Love My Body","화사",2023-09-06,150176,5,false,11156981936,2024-03-30T10:04:36Z,"케이팝","WM Korea",0.806,0.612,6,-3.249,0,0.0465,0.0547,0.00000416,0.0843,0.462,140.014,4
spotify:track:7Cz1Ny3XhRz6KBT0YHVHyf,"COOL","위키미키(Weki Meki) 미니 4집 [NEW RULES]","위키미키",2020-10-08,209786,41,false,11156981936,2024-03-30T10:14:06Z,"케이팝","fantagio music",0.754,0.856,6,-2.785,1,0.0799,0.0633,0,0.0513,0.613,127.074,4
spotify:track:7wujrLH728xxtvLRejTdV8,"OOPSY","위키미키(Weki Meki) 미니 3집 [HIDE and SEEK]","위키미키",2020-06-18,194920,39,false,11156981936,2024-03-30T10:14:06Z,"케이팝","fantagio music",0.742,0.916,6,-1.339,0,0.222,0.158,0,0.191,0.96,75.01,4
spotify:track:3cGOBTvkKS4aCsWRR2VPke,"DAZZLE DAZZLE","위키미키(Weki Meki) Digital Single [DAZZLE DAZZLE]","위키미키",2020-02-20,189426,38,false,11156981936,2024-03-30T10:14:06Z,"케이팝","fantagio music",0.84,0.877,0,-1.842,1,0.191,0.19,0,0.748,0.581,118.029,4
spotify:track:0I9SiHgJ8DTwAIoJPLn81c,"LIMBO!(넘어와)","THE 3rd MINI ALBUM NATURE WORLD : CODE W","NATURE",2022-11-06,196333,43,false,11156981936,2024-04-09T07:43:53Z,"케이팝","Genie Music Corporation, Stone Music Entertainment",0.633,0.917,1,-2.02,0,0.0818,0.0266,0,0.0512,0.489,143.026,4
spotify:track:6injdlnQwpo4n8obc52QKP,"어린애 (Girls)","NATURE WORLD: CODE M","NATURE",2020-06-17,211373,43,false,11156981936,2024-04-09T07:43:53Z,"케이팝","Genie Music Corporation, Stone Music Entertainment",0.695,0.834,5,-3.288,0,0.0435,0.00753,0.0000916,0.126,0.647,115.045,4
spotify:track:6loyhEAW2QFgQnvorXzsXn,"Who Dis?","Who Dis?","SECRET NUMBER",2020-05-19,194036,41,false,11156981936,2024-04-09T07:45:10Z,"케이팝","VINE ENTERTAINMENT",0.791,0.885,2,-2.43,1,0.0623,0.267,0,0.227,0.51,104.959,4
spotify:track:2mKl38xBfLznqODvyaNQPq,"불토(Fire Saturday)","Fire Saturday","SECRET NUMBER",2021-10-27,201786,35,false,11156981936,2024-04-09T07:45:10Z,"케이팝","VINE ENTERTAINMENT",0.735,0.837,9,-1.186,0,0.0434,0.2,0,0.0551,0.618,125.926,4
spotify:track:0DeQ1opuBngW7CapWLfa2q,"Got That Boom","Got That Boom","SECRET NUMBER",2020-11-04,205599,40,false,11156981936,2024-04-09T07:45:21Z,"케이팝","VINE ENTERTAINMENT",0.729,0.874,6,-1.711,0,0.0387,0.0184,0.000214,0.0597,0.758,122.975,4
spotify:track:5SusX17QvBBkH7WfMbTU0j,"NONONO","Secret Garden","Apink",2013-07-05,220099,58,false,11156981936,2024-04-09T07:47:29Z,"케이팝","Above Music",0.74,0.908,4,-2.668,0,0.0327,0.106,0,0.0637,0.745,105.996,4
spotify:track:6fT9eZYgSvhu9v8wzrZkdG,"MR. CHU","Pink Blossom","Apink",2014-03-31,214750,63,false,11156981936,2024-04-09T07:47:43Z,"케이팝","Above Music",0.769,0.837,2,-3.499,1,0.0631,0.359,0,0.238,0.584,120.005,4
spotify:track:3j0x2BUUtm2obQXS1lZuN3,"Dilemma","HORN","Apink",2022-02-14,209207,46,false,11156981936,2024-04-09T07:50:13Z,"케이팝","Above Music",0.647,0.845,5,-4.084,0,0.0618,0.0438,0,0.108,0.432,130.04,4
spotify:track:5bdmWBCaiaHk2HbqKOXLyJ,"Underwater","Lethality","KWON EUNBI",2022-10-12,170600,52,false,11156981936,2024-04-09T07:52:52Z,"케이팝","Woollim Entertainment",0.751,0.929,10,-1.213,0,0.0585,0.0733,0.0000237,0.0833,0.678,115.018,4
spotify:track:3Xzyta15TXF33ggEjA5FxN,"Glitch","Color","KWON EUNBI",2022-04-04,224837,47,false,11156981936,2024-04-09T07:52:52Z,"케이팝","Woollim Entertainment",0.758,0.696,6,-3.17,0,0.173,0.103,0.00000792,0.101,0.459,138.045,4
spotify:track:43k24mAEnmPjVUDyOK27Ca,"The Flash","The Flash","KWON EUNBI",2023-08-02,213533,44,false,11156981936,2024-04-09T07:52:52Z,"케이팝","Woollim Entertainment",0.645,0.953,8,-0.913,0,0.0826,0.0152,0.00000117,0.461,0.798,130.022,4
spotify:track:3FxEYn2E7dT5A5DT4luQGK,"Door","OPEN","KWON EUNBI",2021-08-24,199533,43,false,11156981936,2024-04-09T07:52:52Z,"케이팝","Woollim Entertainment",0.721,0.912,5,-1.727,0,0.177,0.034,0.0000166,0.0268,0.684,105.033,4
spotify:track:4jMwQaDiDICry8Ia1gFnAn,"Guilty","Guilty - The 4th Mini Album","태민",2023-10-30,190173,64,false,11156981936,2024-04-09T07:54:12Z,"케이팝","SM Entertainment",0.572,0.777,6,-4.27,0,0.0421,0.289,0.00000442,0.141,0.665,81.983,3
spotify:track:76qqDJijAjFph7sjUxNVG8,"쉿 (Shhh)","KISS OF LIFE","KISS OF LIFE",2023-07-05,182240,60,false,11156981936,2024-06-05T08:08:56Z,"케이팝","S2 ENTERTAINMENT INC.",0.796,0.758,6,-4.402,1,0.117,0.156,0.00000265,0.0622,0.829,99.98,4
spotify:track:0NoeYUnwpb9R26mpylHcR9,"Sugarcoat (NATTY Solo)","KISS OF LIFE","KISS OF LIFE",2023-07-05,179866,67,false,11156981936,2024-06-05T08:08:56Z,"케이팝","S2 ENTERTAINMENT INC.",0.663,0.82,5,-3.244,0,0.0362,0.0339,0,0.0974,0.568,94.019,4
spotify:track:7AGq5qaaF9awHDaKuCvVjj,"Bad News","Born to be XX","KISS OF LIFE",2023-11-08,160386,56,false,11156981936,2024-06-05T08:09:00Z,"케이팝","S2 ENTERTAINMENT INC.",0.581,0.857,0,-4.108,1,0.233,0.249,0,0.171,0.879,83.687,4
spotify:track:70efTlnBNM8BvfhfPiqOBN,"Nobody Knows","Born to be XX","KISS OF LIFE",2023-11-08,195960,62,false,11156981936,2024-06-05T08:09:00Z,"케이팝","S2 ENTERTAINMENT INC.",0.655,0.646,7,-4.322,1,0.116,0.278,0,0.156,0.927,90.055,4
spotify:track:0vaxYDAuAO1nPolC6bQp7V,"Midas Touch","Midas Touch","KISS OF LIFE",2024-04-03,162880,67,false,11156981936,2024-06-05T08:09:04Z,"케이팝","S2 ENTERTAINMENT INC.",0.796,0.9,6,-3.049,1,0.052,0.0513,0,0.118,0.854,118.969,4
spotify:track:1aKvZDoLGkNMxoRYgkckZG,"Magnetic","SUPER REAL ME","ILLIT",2024-03-25,160688,83,false,11156981936,2024-06-05T08:09:20Z,"케이팝","BELIFT LAB",0.797,0.668,6,-5.819,1,0.0687,0.257,0,0.0876,0.69,131.067,4
spotify:track:2kIUILBPlz4exX9xIFS275,"Lucky Girl Syndrome","SUPER REAL ME","ILLIT",2024-03-25,140021,75,false,11156981936,2024-06-05T08:09:25Z,"케이팝","BELIFT LAB",0.757,0.915,0,-4.382,1,0.0678,0.019,0,0.201,0.439,119.986,4
spotify:track:1njlnn8ZKHI77Pe9szIONR,"SHEESH","BABYMONS7ER","BABYMONSTER",2024-04-01,170356,77,false,11156981936,2024-06-05T08:09:45Z,"케이팝","YG Entertainment",0.774,0.728,2,-5.079,1,0.169,0.113,0,0.0473,0.461,140.041,4
spotify:track:7GDgpad2BQVuDUzaxHFakc,"LIKE THAT","BABYMONS7ER","BABYMONSTER",2024-04-01,168358,74,false,11156981936,2024-06-05T08:09:45Z,"케이팝","YG Entertainment",0.871,0.5,11,-8.675,0,0.103,0.32,0.00000349,0.0672,0.76,101.959,4
spotify:track:6vvPecFTmWxDfEJ6cYT1wa,"Rockstar","Rockstar","LISA",2024-06-27,138213,75,true,11156981936,2024-08-22T14:03:07Z,"케이팝","Lloud Co./RCA Records",0.668,0.628,8,-4.692,1,0.046,0.129,0,0.0293,0.568,140.053,4
spotify:track:38tXZcL1gZRfbqfOG0VMTH,"How Sweet","How Sweet","NewJeans",2024-05-24,219026,76,false,11156981936,2024-08-22T14:03:07Z,"케이팝","ADOR",0.803,0.895,1,-2.888,1,0.0623,0.0816,0.00000567,0.154,0.757,124.994,4
spotify:track:351KkakA2YtGEXqSEIIasy,"Supernova","Supernova","aespa",2024-05-13,178880,2,false,11156981936,2024-08-22T14:03:07Z,"케이팝","SM Entertainment",0.744,0.747,11,-4.281,0,0.0824,0.00691,0.00000203,0.0739,0.368,120.077,4
spotify:track:7tI8dRuH2Yc6RuoTjxo4dU,"Who","MUSE","지민",2024-07-19,170887,85,false,11156981936,2024-08-22T14:03:07Z,"케이팝","BIGHIT MUSIC",0.66,0.756,0,-3.743,0,0.032,0.00289,0,0.193,0.838,116.034,4
spotify:track:5ocSQW5sIUIOFojwXEz9Ki,"Supernatural","Supernatural","NewJeans",2024-06-21,191000,77,false,11156981936,2024-08-22T14:03:07Z,"케이팝","ADOR",0.699,0.708,10,-4.182,0,0.0496,0.185,0.00000843,0.0921,0.863,108.887,4
spotify:track:0V2passWyAXnON67kfAj7y,"ABCD","NA","나연",2024-06-14,162840,69,false,11156981936,2024-08-22T14:03:07Z,"케이팝","Republic Records – NAYEON (TWICE)",0.682,0.926,3,-2.515,0,0.0607,0.0404,0,0.19,0.86,105.969,4
spotify:track:6i8MbzVn4nzyjUcSoVcz7B,"Armageddon","Armageddon - The 1st Album","aespa",2024-05-27,196466,4,false,11156981936,2024-08-22T14:03:07Z,"케이팝","SM Entertainment",0.695,0.789,9,-2.05,1,0.0671,0.0651,0.00000139,0.168,0.469,91.991,4
spotify:track:3VHD84tIdyxRTtRc167YSR,"WORK","GOLDEN HOUR : Part.1","ATEEZ",2024-05-31,172381,70,false,11156981936,2024-08-22T14:03:07Z,"케이팝,노이즈 음악","KQ Entertainment",0.906,0.752,11,-5.296,0,0.085,0.0136,0,0.0733,0.635,100.003,4
spotify:track:1SS0WlKhJewviwEDZ6dWj0,"SPOT!","SPOT!","지코;제니",2024-04-26,167706,73,false,11156981936,2024-08-22T14:03:07Z,"한국 랩,케이팝","KOZ Entertainment",0.875,0.782,5,-3.905,0,0.078,0.151,0,0.113,0.906,108.038,4
spotify:track:4keuUM29CtIWgsPRzRhXoW,"WOKE UP","WOKE UP","XG",2024-05-21,188010,72,false,11156981936,2024-08-22T14:03:07Z,"케이팝","XGALX",0.884,0.633,11,-5.826,0,0.291,0.0222,0,0.0765,0.462,146.904,4
spotify:track:4gOwpU4kMZZNDWkoHYUj1Z,"해야 (HEYA)","IVE SWITCH","IVE",2024-04-29,189680,64,false,11156981936,2024-08-22T14:03:07Z,"케이팝","Starship Entertainment",0.702,0.837,5,-3.447,0,0.0567,0.0297,0,0.227,0.685,91.986,4
spotify:track:3aAnwyBJY9OLNLqSgd4fZU,"Deja Vu","minisode 3: TOMORROW","투모로우바이투게더",2024-04-01,171427,71,false,11156981936,2024-08-22T14:03:07Z,"케이팝","Republic Records - TXT",0.357,0.572,5,-5.339,0,0.069,0.0811,0,0.145,0.238,162.844,4
spotify:track:2UE9XGbAzicJIyo4bB6sqM,"MAESTRO","SEVENTEEN BEST ALBUM '17 IS RIGHT HERE'","세븐틴",2024-04-29,198906,65,false,11156981936,2024-08-22T14:03:07Z,"케이팝","PLEDIS Entertainment",0.679,0.842,4,-4.113,0,0.189,0.0819,0.0000012,0.148,0.589,151.984,4
spotify:track:5vNRhkKd0yEAg8suGBpjeY,"APT.","APT.","ROSÉ;Bruno Mars",2024-10-18,169917,88,false,11156981936,2025-04-06T11:09:32Z,"케이팝","Atlantic Records",0.777,0.783,0,-4.477,0,0.26,0.0283,0,0.355,0.939,149.027,4
spotify:track:3coRPMnFg2dJcPu5RMloa9,"Whiplash","Whiplash - The 5th Mini Album","aespa",2024-10-21,183226,75,false,11156981936,2025-04-06T11:07:59Z,"케이팝","aespa",0.863,0.9,10,-2.974,0,0.0448,0.0953,0.0212,0.0786,0.748,126.023,4
